institute_id,nirf_name,af_id,af_name,city,country,doc_count,confirmed
IR-O-U-0220,"Indian Institute of Science, Bengaluru",,NOT FOUND -- search manually,,,,
IR-O-U-0109,Jawaharlal Nehru University,,NOT FOUND -- search manually,,,,
IR-O-U-0500,Banaras Hindu University,,NOT FOUND -- search manually,,,,
IR-O-U-0042,University of Hyderabad,,NOT FOUND -- search manually,,,,
IR-O-U-0570,Calcutta University,,NOT FOUND -- search manually,,,,
IR-O-U-0575,Jadavpur University,,NOT FOUND -- search manually,,,,
IR-O-U-0439,Anna University,,NOT FOUND -- search manually,,,,
IR-O-U-0436,Amrita Vishwa Vidyapeetham,,NOT FOUND -- search manually,,,,
IR-O-U-0234,"Manipal Academy of Higher Education, Manipal",,NOT FOUND -- search manually,,,,
IR-O-U-0323,Savitribai Phule Pune University,,NOT FOUND -- search manually,,,,
IR-O-U-0496,Aligarh Muslim University,,NOT FOUND -- search manually,,,,
IR-O-U-0108,"Jamia Millia Islamia, New Delhi",,NOT FOUND -- search manually,,,,
IR-O-U-0120,University of Delhi,,NOT FOUND -- search manually,,,,
IR-O-U-0447,Bharathiar University,,NOT FOUND -- search manually,,,,
IR-O-U-0308,Institute of Chemical Technology,,NOT FOUND -- search manually,,,,
IR-O-U-0006,"Andhra University, Visakhapatnam",,NOT FOUND -- search manually,,,,
IR-O-U-0304,Homi Bhabha National Institute,,NOT FOUND -- search manually,,,,
IR-O-U-0107,Jamia Hamdard,,NOT FOUND -- search manually,,,,
IR-O-U-0490,Vellore Institute of Technology,,NOT FOUND -- search manually,,,,
IR-O-I-1357,University of Madras,,NOT FOUND -- search manually,,,,
IR-O-U-0078,Panjab University,,NOT FOUND -- search manually,,,,
IR-O-U-0260,Kerala University,,NOT FOUND -- search manually,,,,
IR-O-U-0391,"Birla Institute of Technology and Science, Pilani",,NOT FOUND -- search manually,,,,
IR-O-U-0363,Siksha `O` Anusandhan,,NOT FOUND -- search manually,,,,
IR-O-U-0523,King George`s Medical University,,NOT FOUND -- search manually,,,,
IR-O-U-0027,Osmania University,,NOT FOUND -- search manually,,,,
IR-O-I-1480,Thapar Institute of Engineering and Technology (Deemed-to-be-university),,NOT FOUND -- search manually,,,,
IR-O-U-0435,Alagappa University,,NOT FOUND -- search manually,,,,
IR-O-U-0056,Tezpur University,,NOT FOUND -- search manually,,,,
IR-O-U-0262,"Mahatma Gandhi University, Kottayam",,NOT FOUND -- search manually,,,,
IR-O-U-0356,Kalinga Institute of Industrial Technology,,NOT FOUND -- search manually,,,,
IR-O-U-0473,S. R. M. Institute of Science and Technology,,NOT FOUND -- search manually,,,,
IR-O-I-1486,Sri Ramachandra Institute of Higher Education and Research,,NOT FOUND -- search manually,,,,
IR-O-U-0222,JSS Academy of Higher Education and Research,,NOT FOUND -- search manually,,,,
IR-O-U-0331,Tata Institute of Social Sciences,,NOT FOUND -- search manually,,,,
IR-O-U-0446,Bharath Institute of Higher Education and Research,,NOT FOUND -- search manually,,,,
IR-O-U-0589,Visva Bharati,,NOT FOUND -- search manually,,,,
IR-O-U-0554,"G.B. Pant Universtiy of Agriculture and Technology, Pantnagar",,NOT FOUND -- search manually,,,,
IR-O-U-0341,North Eastern Hill University,,NOT FOUND -- search manually,,,,
IR-O-U-0476,Shanmugha Arts Science Technology and Research Academy,,NOT FOUND -- search manually,,,,
IR-O-U-0474,Sathyabama Institute of Science and Technology,,NOT FOUND -- search manually,,,,
IR-O-U-0052,Gauhati University,,NOT FOUND -- search manually,,,,
IR-O-I-1441,Saveetha Institute of Medical and Technical Sciences,,NOT FOUND -- search manually,,,,
IR-O-U-0485,Tamil Nadu Agricultural University,,NOT FOUND -- search manually,,,,
IR-O-U-0463,Madurai Kamaraj University,,NOT FOUND -- search manually,,,,
IR-O-I-1110,Dr. D. Y. Patil Vidyapeeth,,NOT FOUND -- search manually,,,,
IR-O-U-0098,Delhi Technological University,,NOT FOUND -- search manually,,,,
IR-O-U-0369,Pondicherry University,,NOT FOUND -- search manually,,,,
IR-O-U-0037,Sri Venkateswara University,,NOT FOUND -- search manually,,,,
IR-O-U-0020,Koneru Lakshmaiah Education Foundation University (K L College of Engineering),,NOT FOUND -- search manually,,,,
IR-O-U-0381,"Punjab Agricultural University, Ludhiana",,NOT FOUND -- search manually,,,,
IR-O-U-0642,Shiv Nadar University,,NOT FOUND -- search manually,,,,
IR-O-U-0196,University of Kashmir,,NOT FOUND -- search manually,,,,
IR-O-U-0235,Mysore University,,NOT FOUND -- search manually,,,,
IR-O-U-0376,Guru Nanak Dev University,,NOT FOUND -- search manually,,,,
IR-O-U-0329,Symbiosis International,,NOT FOUND -- search manually,,,,
IR-O-N-10,SVKM`s Narsee Monjee Institute of Management Studies,,NOT FOUND -- search manually,,,,
IR-O-U-0497,Amity University Noida,,NOT FOUND -- search manually,,,,
IR-O-U-0202,Birla Institute of Technology,,NOT FOUND -- search manually,,,,
IR-O-U-0448,Bharathidasan University,,NOT FOUND -- search manually,,,,
IR-O-U-0389,Banasthali Vidyapith,,NOT FOUND -- search manually,,,,
IR-O-I-1361,Bharati Vidyapeeth,,NOT FOUND -- search manually,,,,
IR-O-U-0159,Chaudhary Charan Singh Haryana Agricultural University,,NOT FOUND -- search manually,,,,
IR-O-U-0251,"Calicut University, Thenhipalem, Malapuram",,NOT FOUND -- search manually,,,,
IR-O-U-0253,Cochin University of Science and Technology,,NOT FOUND -- search manually,,,,
IR-O-U-0099,Guru Gobind Singh Indraprastha University,,NOT FOUND -- search manually,,,,
IR-O-U-0123,Anand Agricultural University,,NOT FOUND -- search manually,,,,
IR-O-U-0470,Periyar University,,NOT FOUND -- search manually,,,,
IR-O-U-0225,KLE Academy of Higher Education and Research,,NOT FOUND -- search manually,,,,
IR-O-U-0239,NITTE,,NOT FOUND -- search manually,,,,
IR-O-U-0487,Tamil Nadu Veterinary & Animal Sciences University,,NOT FOUND -- search manually,,,,
IR-O-U-0370,Sri Balaji Vidyapeeth Mahatma Gandhi Medical College Campus,,NOT FOUND -- search manually,,,,
IR-O-U-0232,Kuvempu University,,NOT FOUND -- search manually,,,,
IR-O-U-0195,University of Jammu,,NOT FOUND -- search manually,,,,
IR-O-U-0453,The Gandhigram Rural Institute,,NOT FOUND -- search manually,,,,
IR-O-U-0345,Mizoram University,,NOT FOUND -- search manually,,,,
IR-O-U-0507,Dayalbagh Educational Institute,,NOT FOUND -- search manually,,,,
IR-O-U-0036,Sri Venkateswara Institute of Medical Sciences,,NOT FOUND -- search manually,,,,
IR-O-U-0784,Professor Jayashankar Telangana State Agricultural University,,NOT FOUND -- search manually,,,,
IR-O-U-0181,Dr. Y. S. Parmar University of Horticulture and Forestry,,NOT FOUND -- search manually,,,,
IR-O-U-0318,Mumbai University,,NOT FOUND -- search manually,,,,
IR-O-U-0014,International Institute of Information Technology Hyderabad,,NOT FOUND -- search manually,,,,
IR-O-U-0246,University of Agricultural Sciences,,NOT FOUND -- search manually,,,,
IR-O-U-0011,Gandhi Institute of Technology And Management (GITAM),,NOT FOUND -- search manually,,,,
IR-O-U-0298,"Dr. Babasaheb Ambedkar Marathwada University, Aurangabad",,NOT FOUND -- search manually,,,,
IR-O-U-0051,Dibrugarh University,,NOT FOUND -- search manually,,,,
IR-O-U-0233,Mangalore University,,NOT FOUND -- search manually,,,,
IR-O-U-0321,"Padmashree Dr. D. Y. Patil Vidyapeeth, Mumbai",,NOT FOUND -- search manually,,,,
IR-O-U-0569,The University of Burdwan,,NOT FOUND -- search manually,,,,
IR-O-I-1280,Maharshi Dayanand University,,NOT FOUND -- search manually,,,,
IR-O-U-0576,Kalyani University,,NOT FOUND -- search manually,,,,
IR-O-U-0460,Karunya Institute of Technology and Sciences,,NOT FOUND -- search manually,,,,
IR-O-U-0464,"Manonmaniam Sundaranar University, Tirunelveli",,NOT FOUND -- search manually,,,,
IR-O-U-0121,Goa University,,NOT FOUND -- search manually,,,,
IR-O-U-0250,Yenepoya University,,NOT FOUND -- search manually,,,,
IR-O-U-0372,Central University of Punjab,,NOT FOUND -- search manually,,,,
IR-O-U-0050,Assam University-Silchar,,NOT FOUND -- search manually,,,,
IR-O-U-0164,Kurukshetra University,,NOT FOUND -- search manually,,,,
IR-O-U-0047,Rajiv Gandhi University,,NOT FOUND -- search manually,,,,
IR-O-U-0465,Meenakshi Academy of Higher Education and Research,,NOT FOUND -- search manually,,,,
IR-O-U-0136,Gujarat University,,NOT FOUND -- search manually,,,,
IR-O-U-0295,Datta Meghe Institute of Higher Education and Research,,NOT FOUND -- search manually,,,,
IR-O-U-0383,Punjabi University,,NOT FOUND -- search manually,,,,
IR-O-U-0215,Bangalore University,,NOT FOUND -- search manually,,,,
IR-O-U-0458,Kalasalingam Academy of Research and Higher Education,,NOT FOUND -- search manually,,,,
IR-O-U-0035,Sri Sathya Sai Institute of Higher Learning,,NOT FOUND -- search manually,,,,
IR-O-U-0379,Lovely Professional University,,NOT FOUND -- search manually,,,,
IR-O-U-0249,Visvesvaraya Technological University,,NOT FOUND -- search manually,,,,
IR-O-U-0223,"Jain university, Bangalore",,NOT FOUND -- search manually,,,,
IR-O-C-23033,Krishna Institute of Medical Sciences,,NOT FOUND -- search manually,,,,
IR-O-U-0168,Maharishi Markandeshwar (Deemed to be University),,NOT FOUND -- search manually,,,,
IR-O-U-0162,Guru Jambheshwar University of Science and Technology,,NOT FOUND -- search manually,,,,
IR-O-U-0366,Utkal University,,NOT FOUND -- search manually,,,,
IR-O-U-0555,Graphic Era University,,NOT FOUND -- search manually,,,,
IR-O-U-0451,Chettinad Academy of Research and Education,,NOT FOUND -- search manually,,,,
IR-O-U-0043,"Vignan's Foundation for Science, Technology and Research",,NOT FOUND -- search manually,,,,
IR-O-U-0747,Chandigarh University,,NOT FOUND -- search manually,,,,
IR-O-U-0498,Babasaheb Bhimrao Ambedkar University,,NOT FOUND -- search manually,,,,
IR-O-U-0147,Pandit Deendayal Petroleum University,,NOT FOUND -- search manually,,,,
IR-O-U-0444,Avinashilingam Institute for Home Science and Higher Education for Women,,NOT FOUND -- search manually,,,,
IR-O-U-0190,Shoolini University of Biotechnology and Management Sciences,,NOT FOUND -- search manually,,,,
IR-O-U-0143,Maharaja Sayajirao University of Baroda,,NOT FOUND -- search manually,,,,
IR-O-U-0744,Ashoka University,,NOT FOUND -- search manually,,,,
IR-O-U-0564,University of Petroleum and Energy Studies,,NOT FOUND -- search manually,,,,
IR-O-U-0217,Christ University,,NOT FOUND -- search manually,,,,
IR-O-U-0311,"Krishna Institute of Medical Sciences Deemed University, Karad",,NOT FOUND -- search manually,,,,
IR-O-U-0449,Central University of Tamil Nadu,,NOT FOUND -- search manually,,,,
IR-O-U-0461,Dr. M. G. R. Educational and Research Institute,,NOT FOUND -- search manually,,,,
IR-O-U-0541,Sharda University,,NOT FOUND -- search manually,,,,
IR-O-U-0248,"University of Agricultural Sciences, Bangalore",,NOT FOUND -- search manually,,,,
IR-O-U-0155,"Amity University Haryana, Gurgaon",,NOT FOUND -- search manually,,,,
IR-O-C-6379,Netaji Subhas University of Technology (NSUT),,NOT FOUND -- search manually,,,,
IR-O-U-0003,Acharya Nagarjuna University,,NOT FOUND -- search manually,,,,
IR-O-U-0749,"Manipal University, Jaipur",,NOT FOUND -- search manually,,,,
IR-O-U-0384,Sant Longowal Institute of Engineering and Technology,,NOT FOUND -- search manually,,,,
IR-O-U-0373,Chitkara  University,,NOT FOUND -- search manually,,,,
IR-O-U-0169,Manav Rachna International Institute of Research and Studies,,NOT FOUND -- search manually,,,,
IR-O-U-0739,Madan Mohan Malaviya University of Technology,,NOT FOUND -- search manually,,,,
IR-O-U-0489,Vel Tech Rangarajan Dr. Sagunthala R & D Institute of Science and Technology,,NOT FOUND -- search manually,,,,
IR-O-U-0524,University of Lucknow,,NOT FOUND -- search manually,,,,
IR-O-U-0101,Indian Agricultural Research Institute,,NOT FOUND -- search manually,,,,
IR-O-U-0200,Sher-e-Kashmir University of Agricultural Science and Technology of Kashmir,,NOT FOUND -- search manually,,,,
IR-O-U-0017,Jawaharlal Nehru Technological University,,NOT FOUND -- search manually,,,,
IR-O-U-0392,Central University of Rajasthan,,NOT FOUND -- search manually,,,,
IR-O-U-0105,Indraprastha Institute of Information Technology,,NOT FOUND -- search manually,,,,
