institute_id,year,name_canonical,city,state,tlr_score,rpc_score,go_score,oi_score,pr_score,overall_score,rank,faculty_count,total_student_strength,faculty_student_ratio,phd_fulltime_current,phd_parttime_current,sponsored_projects_y1,sponsored_amount_y1,scopus_total_documents,scopus_total_citations,scopus_avg_citations_per_doc
IR-O-U-0435,2021,Alagappa University,Karaikudi,Tamil Nadu,58.71,27.32,67.45,51.68,46.34,49.09,33,349,3305,9.47,690,836,54,44347060,680,18858,27.73
IR-O-U-0435,2022,Alagappa University,Karaikudi,Tamil Nadu,61.66,32.63,72.21,51.56,42.91,52.18,28,361,3480,9.64,710,830,19,70419233,632,11746,18.59
IR-O-U-0435,2023,Alagappa University,Karaikudi,Tamil Nadu,61.51,36.63,73.97,52.13,40.88,53.53,30,378,3859,10.21,779,878,31,160407480,538,8601,15.99
IR-O-U-0435,2024,Alagappa University,Karaikudi,Tamil Nadu,65.88,35.30,73.76,51.91,35.47,53.84,47,388,3899,10.05,750,779,13,147013386,528,4666,8.84
IR-O-U-0435,2025,Alagappa University,Karaikudi,Tamil Nadu,64.62,33.07,73.27,55.96,49.04,54.45,44,382,4051,10.6,731,725,41,166816254,598,2477,4.14
IR-O-U-0496,2021,Aligarh Muslim University,Aligarh,Uttar Pradesh,69.06,40.86,80.06,56.93,42.90,58.97,10,1674,20198,12.07,3634,250,81,563724255,2011,44664,22.21
IR-O-U-0496,2022,Aligarh Muslim University,Aligarh,Uttar Pradesh,69.21,43.04,88.92,56.29,43.49,61.43,11,1645,17949,10.91,3498,191,138,390209105,2224,41986,18.88
IR-O-U-0496,2023,Aligarh Muslim University,Aligarh,Uttar Pradesh,68.87,46.88,94.55,60.04,42.48,63.88,9,1583,18460,11.66,2995,144,184,379815309,2313,32016,13.84
IR-O-U-0496,2024,Aligarh Muslim University,Aligarh,Uttar Pradesh,74.02,45.91,93.81,61.15,47.21,65.57,8,1464,18782,12.83,2652,126,227,751286253,2116,20939,9.9
IR-O-U-0496,2025,Aligarh Muslim University,Aligarh,Uttar Pradesh,71.50,48.04,93.79,64.58,42.74,65.35,10,1424,19240,13.51,2466,106,243,807603543,2029,10451,5.15
IR-O-U-0497,2021,Amity University,Gautam Budh Nagar,Uttar Pradesh,48.98,43.27,67.55,64.66,32.53,50.90,25,2068,36920,17.85,541,1536,149,151143245,3961,73992,18.68
IR-O-U-0497,2022,Amity University,Gautam Budh Nagar,Uttar Pradesh,49.57,47.89,70.35,64.17,33.40,53.07,22,1871,35504,18.98,700,1810,101,137014456,4581,76197,16.63
IR-O-U-0497,2023,Amity University,Gautam Budh Nagar,Uttar Pradesh,47.80,47.16,71.25,64.65,35.66,52.78,35,1907,34442,18.06,777,1852,47,60961825,5000,71967,14.39
IR-O-U-0497,2024,Amity University,Gautam Budh Nagar,Uttar Pradesh,56.77,50.31,71.92,65.59,30.83,56.14,32,2213,33294,15.04,778,1849,121,201477096,5000,59090,11.82
IR-O-U-0497,2025,Amity University,Gautam Budh Nagar,Uttar Pradesh,62.88,55.83,74.32,63.12,28.98,59.68,22,2331,32746,14.05,882,2039,150,127972571,5000,22195,4.44
IR-O-U-0436,2021,Amrita Vishwa Vidyapeetham,Coimbatore,Tamil Nadu,64.23,54.33,71.35,65.54,48.36,61.23,5,1624,21108,13.0,562,651,174,256034400,1760,25674,14.59
IR-O-U-0436,2022,Amrita Vishwa Vidyapeetham,Coimbatore,Tamil Nadu,69.80,50.06,74.09,69.53,56.66,63.40,5,1830,21078,11.52,547,852,140,1113629808,2001,24716,12.35
IR-O-U-0436,2023,Amrita Vishwa Vidyapeetham,Coimbatore,Tamil Nadu,73.39,50.35,73.93,72.47,55.00,64.67,7,1864,22490,12.07,581,1043,107,2413512577,2645,26877,10.16
IR-O-U-0436,2024,Amrita Vishwa Vidyapeetham,Coimbatore,Tamil Nadu,76.51,47.82,77.63,73.83,55.25,65.73,7,1928,24312,12.61,899,1096,124,2604824076,3814,29415,7.71
IR-O-U-0436,2025,Amrita Vishwa Vidyapeetham,Coimbatore,Tamil Nadu,76.85,51.06,81.91,71.42,51.47,67.05,8,2104,26540,12.61,1073,1236,151,981189360,4544,16677,3.67
IR-O-U-0006,2021,"Andhra University, Visakhapatnam",Visakhapatnam,Andhra Pradesh,55.04,25.59,85.84,54.46,42.86,51.10,24,684,9048,13.23,1079,775,53,294249426,623,7204,11.56
IR-O-U-0006,2022,"Andhra University, Visakhapatnam",Visakhapatnam,Andhra Pradesh,54.05,25.80,85.70,53.73,40.53,50.52,36,687,9338,13.59,889,645,55,319426800,665,6868,10.33
IR-O-U-0006,2023,"Andhra University, Visakhapatnam",Visakhapatnam,Andhra Pradesh,54.39,25.74,84.77,58.63,41.85,51.04,43,702,9808,13.97,549,225,58,325481618,691,9679,14.01
IR-O-U-0006,2024,"Andhra University, Visakhapatnam",Visakhapatnam,Andhra Pradesh,75.44,26.05,85.19,64.68,37.09,57.67,25,702,9578,13.64,689,85,87,503319397,712,6596,9.26
IR-O-U-0006,2025,"Andhra University, Visakhapatnam",Visakhapatnam,Andhra Pradesh,75.27,26.41,86.60,73.86,39.85,59.20,23,702,9235,13.16,451,274,92,506520405,710,1761,2.48
IR-O-U-0439,2021,Anna University,Chennai,Tamil Nadu,51.91,43.09,73.11,51.35,67.20,54.97,16,1024,15149,14.79,936,792,91,360300755,2315,45291,19.56
IR-O-U-0439,2022,Anna University,Chennai,Tamil Nadu,53.32,53.15,74.97,49.30,43.47,56.22,20,977,12824,13.13,1174,956,84,385574187,2396,35104,14.65
IR-O-U-0439,2023,Anna University,Chennai,Tamil Nadu,56.24,64.24,74.58,50.29,43.87,60.48,14,926,12422,13.41,1078,651,119,468110570,2332,25179,10.8
IR-O-U-0439,2024,Anna University,Chennai,Tamil Nadu,60.32,63.51,71.58,48.93,74.89,63.85,13,941,11396,12.11,933,583,93,383628283,2363,17641,7.47
IR-O-U-0439,2025,Anna University,Chennai,Tamil Nadu,62.63,54.88,67.82,51.30,72.83,61.22,20,856,11940,13.95,1157,652,98,224679428,2434,8246,3.39
IR-O-U-0444,2021,Avinashilingam Institute for Home Science and Higher Education for Women,Coimbatore,Tamil Nadu,61.30,3.62,64.37,58.87,30.09,41.24,75,467,6923,14.82,79,111,80,18032101,116,2249,19.39
IR-O-U-0444,2022,Avinashilingam Institute for Home Science and Higher Education for Women,Coimbatore,Tamil Nadu,62.12,3.75,65.88,60.71,35.08,42.53,84,483,6825,14.13,255,251,20,34917381,179,2246,12.55
IR-O-U-0444,2023,Avinashilingam Institute for Home Science and Higher Education for Women,Coimbatore,Tamil Nadu,67.42,5.60,66.72,62.43,34.26,44.92,81,490,6873,14.03,317,323,42,111971883,190,1825,9.61
IR-O-U-0444,2024,Avinashilingam Institute for Home Science and Higher Education for Women,Coimbatore,Tamil Nadu,69.56,6.29,66.40,63.07,34.34,45.78,98,505,6952,13.77,320,335,65,31337765,223,1308,5.87
IR-O-U-0444,2025,Avinashilingam Institute for Home Science and Higher Education for Women,Coimbatore,Tamil Nadu,70.64,8.25,66.90,66.03,34.49,47.09,99,486,6725,13.84,371,353,18,102819000,281,860,3.06
IR-O-U-0498,2021,Babasaheb Bhimrao Ambedkar University,Lucknow,Uttar Pradesh,47.93,15.81,71.24,71.60,20.97,42.63,65,307,4397,14.32,640,0,31,77800000,407,13685,33.62
IR-O-U-0498,2022,Babasaheb Bhimrao Ambedkar University,Lucknow,Uttar Pradesh,53.54,19.68,82.46,74.59,21.36,48.05,55,325,3939,12.12,652,0,48,112050000,461,7056,15.31
IR-O-U-0498,2023,Babasaheb Bhimrao Ambedkar University,Lucknow,Uttar Pradesh,59.83,24.29,82.07,76.83,19.40,51.27,42,329,3604,10.95,665,0,56,134025000,468,6384,13.64
IR-O-U-0498,2024,Babasaheb Bhimrao Ambedkar University,Lucknow,Uttar Pradesh,69.31,25.46,80.94,78.63,35.47,56.03,33,391,3434,8.78,791,0,64,213740800,540,5132,9.5
IR-O-U-0498,2025,Babasaheb Bhimrao Ambedkar University,Lucknow,Uttar Pradesh,69.26,23.93,80.92,80.25,33.75,55.55,37,407,3374,8.29,802,0,71,274856210,543,2133,3.93
IR-O-U-0500,2021,Banaras Hindu University,Varanasi,Uttar Pradesh,64.50,45.00,100.00,53.13,58.57,64.02,3,1535,25585,16.67,3302,179,377,408686049,2493,73303,29.4
IR-O-U-0500,2022,Banaras Hindu University,Varanasi,Uttar Pradesh,69.90,43.91,97.74,57.32,37.76,63.20,6,1770,27622,15.61,3164,227,369,399469788,3021,64255,21.27
IR-O-U-0500,2023,Banaras Hindu University,Varanasi,Uttar Pradesh,72.77,49.18,99.64,61.50,31.80,65.85,5,1807,28313,15.67,3451,90,482,3589149887,3107,45976,14.8
IR-O-U-0500,2024,Banaras Hindu University,Varanasi,Uttar Pradesh,73.59,51.01,94.94,61.57,35.18,66.05,5,1829,29466,16.11,3121,99,648,2069435606,3318,33639,10.14
IR-O-U-0500,2025,Banaras Hindu University,Varanasi,Uttar Pradesh,76.41,51.17,95.42,65.95,33.34,67.28,6,1907,28583,14.99,2225,88,598,1998784433,3478,14443,4.15
IR-O-U-0389,2021,Banasthali Vidyapith,Banasthali,Rajasthan,54.19,14.23,83.55,75.99,37.34,48.57,35,661,11686,17.68,960,0,37,253556894,364,6557,18.01
IR-O-U-0389,2022,Banasthali Vidyapith,Banasthali,Rajasthan,53.01,15.98,84.96,75.83,33.71,48.64,49,621,11688,18.82,911,0,33,80073323,476,7791,16.37
IR-O-U-0389,2023,Banasthali Vidyapith,Banasthali,Rajasthan,50.45,17.72,84.22,77.31,35.71,48.60,58,590,11861,20.1,822,0,36,132402736,542,7277,13.43
IR-O-U-0389,2024,Banasthali Vidyapith,Banasthali,Rajasthan,55.66,17.83,82.44,76.49,31.94,49.38,67,610,11916,19.53,835,0,36,89171729,636,5851,9.2
IR-O-U-0389,2025,Banasthali Vidyapith,Banasthali,Rajasthan,54.09,22.14,83.23,76.96,34.25,50.65,66,601,12383,20.6,894,0,37,12339932,754,3448,4.57
IR-O-U-0446,2021,Bharath Institute of Higher Education and Research,Chennai,Tamil Nadu,55.40,24.41,67.59,67.94,21.90,46.44,51,1338,16986,12.7,287,1055,33,2090766,362,7024,19.4
IR-O-U-0446,2022,Bharath Institute of Higher Education and Research,Chennai,Tamil Nadu,56.20,23.15,70.31,64.28,21.01,46.40,62,1896,17514,9.24,132,873,112,19893925,626,9110,14.55
IR-O-U-0446,2023,Bharath Institute of Higher Education and Research,Chennai,Tamil Nadu,53.31,26.25,69.08,68.48,23.71,46.91,66,1249,20497,16.41,465,653,165,12522764,530,6951,13.12
IR-O-U-0446,2024,Bharath Institute of Higher Education and Research,Chennai,Tamil Nadu,67.46,22.62,67.73,71.19,6.56,48.36,73,1331,19448,14.61,323,821,193,21494223,725,5723,7.89
IR-O-U-0446,2025,Bharath Institute of Higher Education and Research,Chennai,Tamil Nadu,71.35,21.13,70.62,71.43,5.92,49.59,76,1614,18977,11.76,294,748,211,29856730,866,1972,2.28
IR-O-U-0447,2021,Bharathiar University,Coimbatore,Tamil Nadu,61.79,47.45,74.17,53.21,35.22,56.44,14,283,2956,10.45,524,219,153,424535177,846,18444,21.8
IR-O-U-0447,2022,Bharathiar University,Coimbatore,Tamil Nadu,63.97,44.36,78.31,63.96,36.88,58.25,15,281,3142,11.18,633,233,121,276574930,818,13653,16.69
IR-O-U-0447,2023,Bharathiar University,Coimbatore,Tamil Nadu,63.10,43.77,78.87,51.98,47.86,57.82,21,315,3179,10.09,640,182,106,313507185,772,10482,13.58
IR-O-U-0447,2024,Bharathiar University,Coimbatore,Tamil Nadu,64.04,42.45,78.16,54.05,42.79,57.26,26,272,3175,11.67,378,128,110,136859509,796,18532,23.28
IR-O-U-0447,2025,Bharathiar University,Coimbatore,Tamil Nadu,57.60,40.69,76.94,52.76,42.57,54.42,46,226,3190,14.12,520,179,105,271129694,818,6186,7.56
IR-O-U-0448,2021,Bharathidasan University,Tiruchirappalli,Tamil Nadu,54.74,29.92,53.67,47.80,37.19,44.63,57,259,2645,10.21,461,266,55,156209883,845,16443,19.46
IR-O-U-0448,2022,Bharathidasan University,Tiruchirappalli,Tamil Nadu,57.72,32.56,61.80,48.10,37.17,47.98,57,256,2506,9.79,376,191,41,293946299,984,13952,14.18
IR-O-U-0448,2023,Bharathidasan University,Tiruchirappalli,Tamil Nadu,57.54,36.39,74.18,52.05,32.62,51.48,41,285,2777,9.74,454,265,59,288930305,1072,11273,10.52
IR-O-U-0448,2024,Bharathidasan University,Tiruchirappalli,Tamil Nadu,65.13,39.14,79.78,53.33,30.29,55.60,36,286,3115,10.89,543,297,60,348595849,1244,10512,8.45
IR-O-U-0448,2025,Bharathidasan University,Tiruchirappalli,Tamil Nadu,61.36,40.81,83.97,51.54,32.60,55.85,36,292,3083,10.56,409,132,73,440294426,1218,4455,3.66
IR-O-I-1361,2021,Bharati Vidyapeeth,Pune,Maharashtra,54.05,11.21,65.27,56.98,37.74,42.10,68,1993,23438,11.76,696,2,87,123461730,134,1670,12.46
IR-O-I-1361,2022,Bharati Vidyapeeth,Pune,Maharashtra,57.47,11.05,67.95,56.11,37.93,43.54,76,2104,23524,11.18,1017,0,93,59799945,252,2338,9.28
IR-O-I-1361,2023,Bharati Vidyapeeth,Pune,Maharashtra,57.12,11.48,69.13,55.62,36.64,43.63,91,1805,21978,12.18,903,0,160,152323438,471,3361,7.14
IR-O-I-1361,2024,Bharati Vidyapeeth,Pune,Maharashtra,66.76,13.13,70.42,63.11,35.75,47.94,78,1743,24815,14.24,753,0,237,214101027,648,3569,5.51
IR-O-I-1361,2025,Bharati Vidyapeeth,Pune,Maharashtra,69.93,20.18,71.84,66.73,32.98,51.37,59,1683,23726,14.1,621,0,261,44508092,714,1411,1.98
IR-O-U-0202,2021,Birla Institute of Technology,Ranchi,Jharkhand,47.86,26.71,54.55,50.95,14.81,39.86,86,335,4566,13.63,280,39,53,149542528,305,3726,12.22
IR-O-U-0202,2022,Birla Institute of Technology,Ranchi,Jharkhand,49.52,27.74,56.39,49.86,12.40,40.69,99,327,4632,14.17,418,56,43,85398660,273,4963,18.18
IR-O-U-0202,2023,Birla Institute of Technology,Ranchi,Jharkhand,50.62,30.94,69.73,51.46,25.53,46.12,71,337,4860,14.42,429,58,44,82001060,268,3540,13.21
IR-O-U-0202,2024,Birla Institute of Technology,Ranchi,Jharkhand,58.07,32.38,60.98,52.87,26.87,47.31,82,337,5422,16.09,453,99,46,71253348,357,3628,10.16
IR-O-U-0202,2025,Birla Institute of Technology,Ranchi,Jharkhand,56.85,34.06,65.52,53.66,25.07,48.25,92,367,6122,16.68,440,110,113,170534102,387,1278,3.3
IR-O-U-0391,2021,"Birla Institute of Technology and Science, Pilani",Pilani,Rajasthan,55.81,43.13,72.05,59.50,46.97,54.74,17,785,13171,16.78,954,283,323,339847243,600,15186,25.31
IR-O-U-0391,2022,"Birla Institute of Technology and Science, Pilani",Pilani,Rajasthan,59.27,46.74,73.45,58.76,43.08,56.68,18,835,14031,16.8,1171,326,320,442930430,646,13145,20.35
IR-O-U-0391,2023,"Birla Institute of Technology and Science, Pilani",Pilani,Rajasthan,61.65,56.26,74.65,59.16,17.71,58.00,20,900,13930,15.48,1348,360,301,513082486,795,10992,13.83
IR-O-U-0391,2024,"Birla Institute of Technology and Science, Pilani",Pilani,Rajasthan,66.06,57.83,75.19,58.49,19.68,60.03,19,979,14553,14.87,1408,392,257,330600706,856,8908,10.41
IR-O-U-0391,2025,"Birla Institute of Technology and Science, Pilani",Pilani,Rajasthan,72.16,63.27,77.74,61.42,49.19,67.24,7,1071,13551,12.65,1651,475,425,476006612,971,4795,4.94
IR-O-U-0570,2021,Calcutta University,Kolkata,West Bengal,66.20,43.92,91.72,60.98,45.77,62.06,4,1275,15224,11.94,2588,1192,683,992007876,1471,36516,24.82
IR-O-U-0570,2022,Calcutta University,Kolkata,West Bengal,67.46,40.85,95.48,61.90,44.50,62.23,8,1255,15609,12.44,2593,917,679,1401279356,1451,29483,20.32
IR-O-U-0570,2023,Calcutta University,Kolkata,West Bengal,66.11,42.30,97.37,53.01,38.53,61.14,12,1255,14202,11.32,1610,2069,648,921245785,1392,13096,9.41
IR-O-U-0570,2024,Calcutta University,Kolkata,West Bengal,70.01,42.11,92.19,50.17,40.13,61.10,18,1219,13282,10.9,1098,1743,142,146763387,1501,9943,6.62
IR-O-U-0570,2025,Calcutta University,Kolkata,West Bengal,64.81,37.24,88.18,51.81,17.35,55.17,39,1206,11251,9.33,1092,1710,275,149799014,1437,4233,2.95
IR-O-U-0372,2021,Central University of Punjab,Bathinda,Punjab,51.13,17.39,53.26,62.10,25.74,39.99,84,149,1256,8.43,232,0,20,72605910,396,12200,30.81
IR-O-U-0372,2022,Central University of Punjab,Bathinda,Punjab,54.61,19.03,55.28,68.45,26.53,42.64,81,157,1945,12.39,352,0,13,43999967,535,12720,23.78
IR-O-U-0372,2023,Central University of Punjab,Bathinda,Punjab,49.81,24.54,58.44,59.86,29.47,42.93,100,182,1747,9.6,336,0,24,88704793,655,18864,28.8
IR-O-U-0372,2024,Central University of Punjab,Bathinda,Punjab,56.93,29.71,56.15,63.25,35.69,47.11,83,181,1870,10.33,523,0,46,64623445,736,29401,39.95
IR-O-U-0372,2025,Central University of Punjab,Bathinda,Punjab,58.52,32.58,60.73,66.40,34.05,49.53,77,208,1981,9.52,557,14,53,138823394,849,9078,10.69
IR-O-U-0747,2021,Chandigarh University,Mohali,Punjab,57.48,14.24,63.40,75.44,44.23,46.15,52,1852,25593,13.82,363,684,57,476278730,1196,22849,19.1
IR-O-U-0747,2022,Chandigarh University,Mohali,Punjab,63.04,22.16,69.27,78.62,45.83,51.85,29,2217,27145,12.24,845,613,71,539271966,2636,46681,17.71
IR-O-U-0747,2023,Chandigarh University,Mohali,Punjab,63.55,25.22,75.62,80.27,48.63,54.63,27,2658,29302,11.02,951,652,120,631984600,5000,68705,13.74
IR-O-U-0747,2024,Chandigarh University,Mohali,Punjab,68.50,39.66,78.18,77.52,41.19,59.96,20,2312,31167,13.48,1006,601,148,641585000,5000,59139,11.83
IR-O-U-0747,2025,Chandigarh University,Mohali,Punjab,65.11,49.13,78.05,74.25,39.74,61.27,19,2474,34261,13.85,914,371,160,655277000,5000,24783,4.96
IR-O-U-0451,2021,Chettinad Academy of Research and Education,,,61.18,6.64,56.44,57.30,19.02,39.26,92,235,2232,9.5,66,28,221,27025582,96,1532,15.96
IR-O-U-0451,2022,Chettinad Academy of Research and Education,,,63.69,8.60,61.40,61.21,19.54,42.04,93,243,2204,9.07,66,40,330,29558966,244,4062,16.65
IR-O-U-0451,2023,Chettinad Academy of Research and Education,,,65.79,10.72,61.97,64.22,31.12,44.88,82,245,2465,10.06,119,144,62,30498996,430,8294,19.29
IR-O-U-0451,2024,Chettinad Academy of Research and Education,,,70.87,15.32,61.46,65.48,30.99,47.80,79,254,2725,10.73,214,379,38,26139766,655,22801,34.81
IR-O-U-0451,2025,Chettinad Academy of Research and Education,,,74.72,22.57,62.00,64.48,30.28,51.06,61,275,3001,10.91,216,495,41,27205575,589,7735,13.13
IR-O-U-0253,2021,Cochin University of Science and Technology,Cochin,Kerala,54.37,29.63,70.28,52.70,28.41,47.37,44,208,2997,14.41,551,326,120,224007539,738,11415,15.47
IR-O-U-0253,2022,Cochin University of Science and Technology,Cochin,Kerala,57.05,32.57,73.37,51.63,27.11,49.43,41,242,3113,12.86,585,301,145,171791514,801,10550,13.17
IR-O-U-0253,2023,Cochin University of Science and Technology,Cochin,Kerala,62.40,34.36,73.79,51.74,33.67,52.33,37,268,3231,12.06,730,304,115,108458653,733,5974,8.15
IR-O-U-0253,2024,Cochin University of Science and Technology,Cochin,Kerala,71.68,35.53,73.76,56.10,34.31,55.95,34,304,3325,10.94,737,160,139,853721689,896,5425,6.05
IR-O-U-0253,2025,Cochin University of Science and Technology,Cochin,Kerala,72.74,39.25,75.69,58.95,29.22,57.55,32,290,3298,11.37,739,160,193,1215165139,911,2414,2.65
IR-O-U-0098,2021,Delhi Technological University,New Delhi,Delhi,54.52,29.82,65.95,59.25,36.07,48.01,42,823,9852,11.97,557,596,104,81000000,1674,28168,16.83
IR-O-U-0098,2022,Delhi Technological University,New Delhi,Delhi,57.93,32.46,66.55,57.34,38.10,49.97,38,901,10815,12.0,731,664,31,89404350,1853,28923,15.61
IR-O-U-0098,2023,Delhi Technological University,New Delhi,Delhi,59.19,35.77,66.39,59.17,37.96,51.49,40,901,11989,13.31,750,667,29,90000000,1947,20242,10.4
IR-O-U-0098,2024,Delhi Technological University,New Delhi,Delhi,63.18,37.87,67.50,56.65,38.35,53.31,48,1025,12850,12.54,731,637,15,79947708,1758,24894,14.16
IR-O-U-0098,2025,Delhi Technological University,New Delhi,Delhi,64.13,41.43,71.27,56.21,33.40,54.88,42,1033,13189,12.77,773,608,15,54393604,1644,6131,3.73
IR-O-I-1110,2021,Dr. D. Y. Patil Vidyapeeth,Pune,Maharashtra,65.15,14.45,63.29,61.56,40.41,46.74,49,651,4422,6.79,174,0,82,63182056,5,26,5.2
IR-O-I-1110,2022,Dr. D. Y. Patil Vidyapeeth,Pune,Maharashtra,69.78,19.22,64.27,61.30,37.63,49.43,41,583,4711,8.08,200,0,60,20472568,7,16,2.29
IR-O-I-1110,2023,Dr. D. Y. Patil Vidyapeeth,Pune,Maharashtra,70.64,20.55,63.60,62.36,42.97,50.62,46,523,4947,9.46,208,0,63,24351614,12,131,10.92
IR-O-I-1110,2024,Dr. D. Y. Patil Vidyapeeth,Pune,Maharashtra,74.46,26.12,63.10,61.74,56.22,54.59,44,497,5155,10.37,358,0,62,12884843,40,379,9.47
IR-O-I-1110,2025,Dr. D. Y. Patil Vidyapeeth,Pune,Maharashtra,74.43,27.91,65.77,62.66,47.82,54.90,41,504,5214,10.35,388,0,20,29491388,110,5153,46.85
IR-O-U-0052,2021,Gauhati University,Guwahati,Assam,55.17,19.05,83.56,58.40,25.34,47.35,45,380,5740,15.11,1889,1079,96,375737442,526,7889,15.0
IR-O-U-0052,2022,Gauhati University,Guwahati,Assam,59.42,21.66,89.82,58.19,24.06,50.52,36,425,5590,13.15,1923,1131,103,101170543,615,7637,12.42
IR-O-U-0052,2023,Gauhati University,Guwahati,Assam,45.71,18.20,89.34,48.61,22.01,44.10,88,429,13683,31.9,323,15,114,214663539,723,7736,10.7
IR-O-U-0052,2024,Gauhati University,Guwahati,Assam,71.82,24.11,88.28,60.98,23.19,54.86,40,438,5557,12.69,1282,426,118,437762328,779,5877,7.54
IR-O-U-0052,2025,Gauhati University,Guwahati,Assam,73.43,26.49,89.46,64.21,30.84,57.37,33,452,5299,11.72,1205,115,159,656120864,829,2036,2.46
IR-O-U-0555,2021,Graphic Era University,Dehradun,Uttarakhand,47.99,9.74,60.76,62.23,32.17,38.91,98,472,7584,16.07,91,63,92,137500000,505,11252,22.28
IR-O-U-0555,2022,Graphic Era University,Dehradun,Uttarakhand,57.05,12.55,61.98,67.62,37.70,43.82,74,547,7823,14.3,109,239,43,39691480,1259,25987,20.64
IR-O-U-0555,2023,Graphic Era University,Dehradun,Uttarakhand,57.45,22.95,64.11,69.99,47.37,48.69,55,582,8025,13.79,191,166,55,6405692,2442,34498,14.13
IR-O-U-0555,2024,Graphic Era University,Dehradun,Uttarakhand,59.90,33.86,62.93,66.08,46.75,52.01,52,639,9167,14.35,169,342,21,5482266,4378,40513,9.25
IR-O-U-0555,2025,Graphic Era University,Dehradun,Uttarakhand,60.52,41.01,62.97,63.43,45.33,53.92,48,794,11034,13.9,212,388,8,5232587,3956,25812,6.52
IR-O-U-0099,2021,Guru Gobind Singh Indraprastha University,New Delhi,Delhi,48.12,22.64,64.22,52.45,14.81,40.79,79,221,3281,14.85,377,386,30,44693477,406,7855,19.35
IR-O-U-0099,2022,Guru Gobind Singh Indraprastha University,New Delhi,Delhi,50.61,26.02,67.35,52.63,16.72,43.39,77,237,3494,14.74,459,413,68,49877987,386,7077,18.33
IR-O-U-0099,2023,Guru Gobind Singh Indraprastha University,New Delhi,Delhi,48.65,26.36,66.84,51.12,44.58,45.45,74,245,3469,14.16,415,281,82,60735147,464,4253,9.17
IR-O-U-0099,2024,Guru Gobind Singh Indraprastha University,New Delhi,Delhi,56.43,25.51,67.74,54.12,41.24,47.66,80,290,4010,13.83,371,225,43,99154377,519,4894,9.43
IR-O-U-0099,2025,Guru Gobind Singh Indraprastha University,New Delhi,Delhi,57.48,25.67,68.57,54.39,39.23,48.01,93,374,5397,14.43,375,255,46,92118501,517,1532,2.96
IR-O-U-0304,2021,Homi Bhabha National Institute,Mumbai,Maharashtra,68.64,36.45,65.98,50.79,34.35,53.24,18,1074,1312,1.22,1992,0,943,1500326360,2166,35993,16.62
IR-O-U-0304,2022,Homi Bhabha National Institute,Mumbai,Maharashtra,72.51,45.25,68.93,52.01,27.71,57.09,17,1046,1431,1.37,2226,0,956,2889072003,2625,33385,12.72
IR-O-U-0304,2023,Homi Bhabha National Institute,Mumbai,Maharashtra,73.14,49.45,71.36,54.35,28.26,59.31,17,1137,1537,1.35,2144,0,500,5200875480,2719,29539,10.86
IR-O-U-0304,2024,Homi Bhabha National Institute,Mumbai,Maharashtra,76.29,52.45,76.95,53.84,29.19,62.31,16,1184,1585,1.34,2368,0,581,7026084000,3040,32200,10.59
IR-O-U-0304,2025,Homi Bhabha National Institute,Mumbai,Maharashtra,76.94,54.16,84.47,56.40,32.17,65.08,12,1211,1632,1.35,2371,0,776,10378616020,2956,9792,3.31
IR-O-U-0220,2021,"Indian Institute of Science, Bengaluru",Bengaluru,Karnataka,79.13,91.48,78.23,58.39,100.00,82.67,1,464,1438,3.1,2619,135,1236,4452945226,5000,110813,22.16
IR-O-U-0220,2022,"Indian Institute of Science, Bengaluru",Bengaluru,Karnataka,82.08,87.45,84.80,57.46,100.00,83.57,1,465,1642,3.53,2808,159,1594,5257220083,5000,83917,16.78
IR-O-U-0220,2023,"Indian Institute of Science, Bengaluru",Bengaluru,Karnataka,82.43,88.45,80.57,59.23,98.56,83.16,1,482,1661,3.45,2750,148,1178,5437309580,5000,66652,13.33
IR-O-U-0220,2024,"Indian Institute of Science, Bengaluru",Bengaluru,Karnataka,83.60,86.50,82.17,58.46,99.79,83.29,1,476,1793,3.77,2708,133,1343,5347726925,5000,47555,9.51
IR-O-U-0220,2025,"Indian Institute of Science, Bengaluru",Bengaluru,Karnataka,86.47,88.16,83.69,60.29,98.89,85.05,1,481,2096,4.36,2637,135,1412,11118521445,5000,20914,4.18
IR-O-U-0308,2021,Institute of Chemical Technology,Mumbai,Maharashtra,50.05,55.82,75.96,46.07,45.43,56.10,15,168,1853,11.03,511,106,170,312090703,2382,69183,29.04
IR-O-U-0308,2022,Institute of Chemical Technology,Mumbai,Maharashtra,59.27,50.58,79.61,54.50,42.91,58.61,14,195,2098,10.76,407,45,114,252661675,2554,52146,20.42
IR-O-U-0308,2023,Institute of Chemical Technology,Mumbai,Maharashtra,56.32,49.60,77.89,55.88,41.07,57.06,23,207,2340,11.3,549,92,197,415594558,2836,48236,17.01
IR-O-U-0308,2024,Institute of Chemical Technology,Mumbai,Maharashtra,55.91,45.68,75.08,55.39,46.44,55.67,35,191,2365,12.38,465,109,171,298108295,2990,32056,10.72
IR-O-U-0308,2025,Institute of Chemical Technology,Mumbai,Maharashtra,59.08,47.20,71.48,54.16,35.24,55.13,40,193,2398,12.42,452,86,219,477771727,2813,16187,5.75
IR-O-U-0222,2021,JSS Academy of Higher Education and Research,Mysuru,Karnataka,63.04,19.39,66.70,70.04,37.19,48.79,34,813,5629,6.92,219,112,112,68334119,161,3435,21.34
IR-O-U-0222,2022,JSS Academy of Higher Education and Research,Mysuru,Karnataka,68.12,21.40,69.04,69.37,35.88,51.20,34,874,7158,8.19,305,197,117,117303771,253,4441,17.55
IR-O-U-0222,2023,JSS Academy of Higher Education and Research,Mysuru,Karnataka,68.52,23.47,69.35,74.68,39.44,52.88,34,892,7390,8.28,353,201,125,260334043,237,9143,38.58
IR-O-U-0222,2024,JSS Academy of Higher Education and Research,Mysuru,Karnataka,76.68,32.12,69.66,76.95,34.55,57.74,24,803,6904,8.6,612,120,156,148947314,259,2183,8.43
IR-O-U-0222,2025,JSS Academy of Higher Education and Research,Mysuru,Karnataka,76.72,35.68,71.51,79.49,40.25,60.00,21,767,6620,8.63,721,79,155,225263878,300,952,3.17
IR-O-U-0575,2021,Jadavpur University,Kolkata,West Bengal,51.70,51.72,87.77,50.16,67.31,60.33,8,639,10985,17.19,2814,0,262,435392251,2074,38754,18.69
IR-O-U-0575,2022,Jadavpur University,Kolkata,West Bengal,63.57,53.73,90.10,56.86,64.67,65.37,4,834,10222,12.26,2257,0,294,906971030,2140,28368,13.26
IR-O-U-0575,2023,Jadavpur University,Kolkata,West Bengal,67.63,53.66,90.61,56.79,58.76,66.07,4,902,11282,12.51,2288,0,213,275198783,2192,25922,11.83
IR-O-U-0575,2024,Jadavpur University,Kolkata,West Bengal,68.83,51.35,89.92,49.94,63.74,65.39,9,907,10394,11.46,2424,0,140,365928471,2311,16686,7.22
IR-O-U-0575,2025,Jadavpur University,Kolkata,West Bengal,71.61,52.19,87.82,52.34,54.87,65.42,9,934,10816,11.58,2535,0,121,367112181,2182,7656,3.51
IR-O-U-0223,2021,"Jain university, Bangalore",Bengluru,Karnataka,39.29,12.72,73.89,59.54,25.52,38.89,99,1013,17822,17.59,512,87,26,33287172,259,5571,21.51
IR-O-U-0223,2022,"Jain university, Bangalore",Bengluru,Karnataka,46.67,14.61,76.57,62.17,33.01,43.21,79,1186,19240,16.22,604,92,16,29074248,512,5967,11.65
IR-O-U-0223,2023,"Jain university, Bangalore",Bengaluru,Karnataka,53.30,19.34,75.59,65.56,33.76,46.85,68,1357,20484,15.1,735,100,30,57603387,1672,10447,6.25
IR-O-U-0223,2024,"Jain university, Bangalore",Bengaluru,Karnataka,59.87,23.80,72.52,64.94,33.76,49.47,65,1370,21650,15.8,874,100,28,28566120,3576,15430,4.31
IR-O-U-0223,2025,"Jain university, Bangalore",Bengaluru,Karnataka,59.10,29.35,71.84,64.86,35.46,50.95,62,1389,22242,16.01,900,100,39,57318096,3577,13849,3.87
IR-O-U-0107,2021,Jamia Hamdard,New Delhi,Delhi,57.82,27.62,69.75,60.64,23.67,48.02,41,473,5646,11.94,591,0,66,132475101,519,15310,29.5
IR-O-U-0107,2022,Jamia Hamdard,New Delhi,Delhi,56.93,30.15,70.35,60.93,26.53,48.93,45,482,6413,13.3,591,0,117,342615549,709,14515,20.47
IR-O-U-0107,2023,Jamia Hamdard,New Delhi,Delhi,56.02,32.49,70.37,66.02,26.19,49.85,49,531,6847,12.89,797,19,132,231920100,671,11596,17.28
IR-O-U-0107,2024,Jamia Hamdard,New Delhi,Delhi,68.66,34.45,70.20,66.17,32.62,54.86,40,637,7707,12.1,516,46,133,224794060,648,12467,19.24
IR-O-U-0107,2025,Jamia Hamdard,New Delhi,Delhi,64.66,34.02,71.31,66.74,35.63,54.10,47,638,7963,12.48,496,56,110,228658177,647,4380,6.77
IR-O-U-0108,2021,"Jamia Millia Islamia, New Delhi",New Delhi,Delhi,66.44,43.43,86.67,72.35,32.17,60.74,6,742,8623,11.62,1483,0,199,486864702,1380,35479,25.71
IR-O-U-0108,2022,"Jamia Millia Islamia, New Delhi",New Delhi,Delhi,68.16,47.38,92.46,81.14,46.50,65.91,3,752,8698,11.57,1488,0,141,657668287,1596,37548,23.53
IR-O-U-0108,2023,"Jamia Millia Islamia, New Delhi",New Delhi,Delhi,69.38,49.83,93.85,83.41,48.48,67.73,3,738,8723,11.82,1512,0,180,779349473,1612,28473,17.66
IR-O-U-0108,2024,"Jamia Millia Islamia, New Delhi",New Delhi,Delhi,71.29,49.28,92.72,83.10,50.85,68.11,3,740,8730,11.8,1644,0,196,783988393,1515,37083,24.48
IR-O-U-0108,2025,"Jamia Millia Islamia, New Delhi",New Delhi,Delhi,73.81,50.03,92.56,83.83,50.63,69.10,4,742,8721,11.75,1649,0,204,936667416,1463,10657,7.28
IR-O-U-0109,2021,Jawaharlal Nehru University,New Delhi,Delhi,71.19,44.96,95.07,73.36,67.88,67.99,2,647,4272,6.6,4251,0,307,294177607,1542,32667,21.18
IR-O-U-0109,2022,Jawaharlal Nehru University,New Delhi,Delhi,71.95,45.55,95.27,70.27,71.43,68.47,2,631,4615,7.31,4232,0,302,217895251,1577,22877,14.51
IR-O-U-0109,2023,Jawaharlal Nehru University,New Delhi,Delhi,73.55,46.56,94.89,73.64,65.51,68.92,2,598,5348,8.94,3845,0,298,298611768,1562,16490,10.56
IR-O-U-0109,2024,Jawaharlal Nehru University,New Delhi,Delhi,74.93,45.27,97.34,72.28,70.39,69.80,2,693,5199,7.5,4098,0,193,281390442,1606,13402,8.34
IR-O-U-0109,2025,Jawaharlal Nehru University,New Delhi,Delhi,75.53,45.59,99.93,78.82,67.89,71.00,2,734,4914,6.69,2904,0,274,678674854,1527,4744,3.11
IR-O-U-0458,2021,Kalasalingam Academy of Research and Education,Srivilliputtur,Tamil Nadu,56.74,21.81,65.20,73.06,26.14,46.52,50,526,6465,12.29,303,137,199,130627830,813,15792,19.42
IR-O-U-0458,2022,Kalasalingam Academy of Research and Education,Srivilliputtur,Tamil Nadu,60.10,26.46,71.20,74.72,34.05,51.09,35,546,7365,13.49,401,154,243,157946012,1004,13945,13.89
IR-O-U-0458,2023,Kalasalingam Academy of Research and Education,Srivilliputtur,Tamil Nadu,62.66,30.87,74.68,76.42,31.15,53.76,29,596,8049,13.51,484,148,237,1500000,1113,9596,8.62
IR-O-U-0458,2024,Kalasalingam Academy of Research and Education,Srivilliputhur,Tamil Nadu,69.75,32.36,74.56,74.30,37.35,56.71,30,628,8774,13.97,575,238,31,25047175,1321,8313,6.29
IR-O-U-0458,2025,Kalasalingam Academy of Research and Education,Krishnan Koil,Tamil Nadu,70.43,36.39,74.68,76.54,37.29,58.37,28,709,9937,14.02,582,236,28,25410374,1604,3728,2.32
IR-O-U-0523,2021,King George`s Medical University,Lucknow,Uttar Pradesh,64.39,27.23,62.97,57.57,23.67,48.21,39,434,2487,5.73,50,0,250,229200000,518,6993,13.5
IR-O-U-0523,2022,King George`s Medical University,Lucknow,Uttar Pradesh,66.33,26.31,63.36,55.83,24.70,48.51,50,435,2273,5.23,167,0,182,328492807,478,7136,14.93
IR-O-U-0523,2023,King George`s Medical University,Lucknow,Uttar Pradesh,70.83,26.63,63.34,56.64,30.64,50.63,45,518,3084,5.95,114,0,239,256845590,516,4036,7.82
IR-O-U-0523,2024,King George`s Medical University,Lucknow,Uttar Pradesh,72.12,27.45,62.81,56.24,30.56,51.10,53,522,2574,4.93,159,0,289,213985456,521,10967,21.05
IR-O-U-0523,2025,King George`s Medical University,Lucknow,Uttar Pradesh,75.27,30.37,62.46,60.52,28.98,53.13,50,379,3117,8.22,83,0,339,678623759,616,6985,11.34
IR-O-U-0020,2021,Koneru Lakshmaiah Education Foundation University (K L College of Engineering),Vaddeswaram,Andhra Pradesh,58.89,30.78,64.62,55.99,31.52,48.57,35,1085,14891,13.72,196,888,112,68305541,1218,15679,12.87
IR-O-U-0020,2022,Koneru Lakshmaiah Education Foundation University (K L College of Engineering),Vaddeswaram,Andhra Pradesh,61.22,36.63,67.04,56.83,38.82,52.33,27,1024,13951,13.62,266,609,142,74066000,1726,20264,11.74
IR-O-U-0020,2023,Koneru Lakshmaiah Education Foundation University (K L College of Engineering),Vaddeswaram,Andhra Pradesh,62.02,40.74,69.49,57.63,40.28,54.52,28,971,13624,14.03,369,443,159,76184000,2613,27937,10.69
IR-O-U-0020,2024,Koneru Lakshmaiah Education Foundation University (K L College of Engineering),Vaddeswaram,Andhra Pradesh,67.87,41.54,71.78,66.48,41.47,57.98,22,988,13824,13.99,449,443,234,103573102,3180,28284,8.89
IR-O-U-0020,2025,Koneru Lakshmaiah Education Foundation University (K L College of Engineering),Vaddeswaram,Andhra Pradesh,69.03,45.33,73.12,66.74,32.72,58.87,26,985,13860,14.07,545,474,279,112408000,3334,13051,3.91
IR-O-U-0379,2021,Lovely Professional University,Phagwara,Punjab,47.55,27.51,63.87,65.97,14.49,43.33,62,2129,31526,14.81,544,1792,116,43175836,2025,49572,24.48
IR-O-U-0379,2022,Lovely Professional University,Phagwara,Punjab,56.40,34.71,66.11,69.33,14.40,48.92,47,2371,32833,13.85,620,1543,52,61513482,2592,54219,20.92
IR-O-U-0379,2023,Lovely Professional University,Phagwara,Punjab,55.92,44.38,66.06,68.34,21.65,52.30,38,2226,31208,14.02,770,1353,176,49634900,4091,66182,16.18
IR-O-U-0379,2024,Lovely Professional University,Phagwara,Punjab,57.10,49.75,66.63,69.81,45.47,56.92,27,1926,34871,18.11,731,1171,1014,2223000,5000,62924,12.58
IR-O-U-0379,2025,Lovely Professional University,Phagwara,Punjab,58.10,49.40,69.31,69.89,46.72,57.77,31,2088,35676,17.09,899,1125,62,2119529,5000,24882,4.98
IR-O-U-0463,2021,Madurai Kamaraj University,Madurai,Tamil Nadu,61.71,24.77,57.68,48.43,10.04,43.32,63,232,1444,6.22,598,721,53,70263777,325,5169,15.9
IR-O-U-0463,2022,Madurai Kamaraj University,Madurai,Tamil Nadu,63.33,24.04,65.24,52.47,38.82,48.39,52,247,1754,7.1,329,1040,166,196749081,352,5566,15.81
IR-O-U-0463,2023,Madurai Kamaraj University,Madurai,Tamil Nadu,63.47,24.45,68.37,51.80,37.31,48.95,53,211,1819,8.62,316,918,56,213147960,399,5692,14.27
IR-O-U-0463,2024,Madurai Kamaraj University,Madurai,Tamil Nadu,65.77,23.35,72.56,50.89,33.76,49.72,63,207,1870,9.03,334,770,112,136953582,427,3830,8.97
IR-O-U-0463,2025,Madurai Kamaraj University,Madurai,Tamil Nadu,63.91,23.79,70.90,49.62,36.16,49.07,85,183,1878,10.26,342,811,78,172409523,504,1750,3.47
IR-O-U-0262,2021,"Mahatma Gandhi University, Kottayam",Kottayam,Kerala,59.27,34.73,68.77,52.55,20.97,49.30,31,135,1137,8.42,367,128,91,983212544,546,20743,37.99
IR-O-U-0262,2022,"Mahatma Gandhi University, Kottayam",Kottayam,Kerala,65.16,36.16,70.48,51.18,19.92,51.61,30,146,1197,8.2,443,225,77,1350746799,1,18,18.0
IR-O-U-0262,2023,"Mahatma Gandhi University, Kottayam",Kottayam,Kerala,65.63,38.86,73.44,51.23,22.75,53.44,31,160,1307,8.17,378,184,76,1399179447,1,1,1.0
IR-O-U-0262,2024,"Mahatma Gandhi University, Kottayam",Kottayam,Kerala,71.36,37.27,70.97,51.09,32.86,55.18,37,186,1497,8.05,346,187,185,1515973524,2,4,2.0
IR-O-U-0262,2025,"Mahatma Gandhi University, Kottayam",Kottayam,Kerala,71.20,34.03,71.68,54.33,32.72,54.61,43,220,1751,7.96,506,323,156,2034207991,1,0,0.0
IR-O-U-0234,2021,"Manipal Academy of Higher Education, Manipal",Manipal,Karnataka,67.68,48.17,76.05,65.25,40.93,60.58,7,2661,23443,8.81,1035,51,407,264444975,2660,62817,23.62
IR-O-U-0234,2022,"Manipal Academy of Higher Education, Manipal",Manipal,Karnataka,70.53,51.07,78.15,64.81,42.46,62.84,7,2617,23719,9.06,1147,62,383,232544804,3298,65118,19.74
IR-O-U-0234,2023,"Manipal Academy of Higher Education, Manipal",Manipal,Karnataka,72.87,54.02,77.97,66.10,47.08,64.98,6,2740,23776,8.68,1159,381,356,318223448,3559,57352,16.11
IR-O-U-0234,2024,"Manipal Academy of Higher Education, Manipal",Manipal,Karnataka,78.11,55.94,77.34,67.33,47.74,67.18,4,2854,24376,8.54,1691,657,385,350126083,4823,70742,14.67
IR-O-U-0234,2025,"Manipal Academy of Higher Education, Manipal",Manipal,Karnataka,79.44,61.76,78.52,67.71,44.19,69.25,3,2938,25179,8.57,2167,1019,444,473138286,5000,27633,5.53
IR-O-U-0318,2021,Mumbai University,Mumbai,Maharashtra,49.58,19.08,78.35,47.78,5.23,41.56,71,421,7295,17.33,1123,0,28,199965654,419,6907,16.48
IR-O-U-0318,2022,Mumbai University,Mumbai,Maharashtra,55.16,22.52,82.54,55.95,35.08,48.93,45,445,7524,16.91,1147,0,39,256151168,467,6350,13.6
IR-O-U-0318,2023,Mumbai University,Mumbai,Maharashtra,56.15,17.82,86.24,56.27,35.47,48.63,56,456,7472,16.39,955,0,24,229655578,484,4875,10.07
IR-O-U-0318,2024,Mumbai University,Mumbai,Maharashtra,60.71,16.86,86.29,54.68,38.62,49.86,61,560,7460,13.32,1686,0,43,322971435,504,4068,8.07
IR-O-U-0318,2025,Mumbai University,Mumbai,Maharashtra,64.43,19.54,88.25,58.88,37.51,52.48,54,505,7706,15.26,2156,0,102,808462928,582,1611,2.77
IR-O-U-0235,2021,Mysore University,Mysuru,Karnataka,68.77,18.79,90.54,54.24,28.80,52.68,19,451,6165,13.67,1146,0,110,117665402,460,9121,19.83
IR-O-U-0235,2022,Mysore University,Mysuru,Karnataka,68.90,16.81,90.68,53.79,21.36,51.37,33,438,6221,14.2,1170,0,41,115432000,475,7637,16.08
IR-O-U-0235,2023,Mysore University,Mysuru,Karnataka,67.43,18.61,87.02,54.62,21.51,50.82,44,427,6478,15.17,350,565,84,51470388,442,5353,12.11
IR-O-U-0235,2024,Mysore University,Mysuru,Karnataka,70.80,19.35,79.51,57.96,22.91,51.04,54,436,6554,15.03,332,544,83,504384000,480,3563,7.42
IR-O-U-0235,2025,Mysore University,Mysuru,Karnataka,69.37,19.85,76.72,58.02,20.72,49.98,71,438,6549,14.95,376,198,92,541756582,525,1989,3.79
IR-O-U-0239,2021,NITTE,Mangaluru,Karnataka,60.34,7.25,57.87,67.37,24.51,41.04,77,604,4280,7.09,86,56,26,24220402,296,3324,11.23
IR-O-U-0239,2022,NITTE,Mangaluru,Karnataka,62.49,10.36,61.47,67.95,27.01,43.64,75,564,4333,7.68,111,73,32,26541008,442,4540,10.27
IR-O-U-0239,2023,NITTE,Mangaluru,Karnataka,63.85,18.72,61.97,69.22,29.94,47.07,65,566,4490,7.93,131,147,38,36727413,671,6106,9.1
IR-O-U-0239,2024,NITTE,Mangaluru,Karnataka,70.64,20.84,62.34,63.80,31.61,49.45,66,672,6447,9.59,172,266,64,39084293,971,5346,5.51
IR-O-U-0239,2025,NITTE,Mangaluru,Karnataka,69.91,21.81,62.75,60.02,31.95,49.26,80,795,9140,11.5,174,324,62,73128065,1890,5007,2.65
IR-O-U-0027,2021,Osmania University,Hyderabad,Telangana,52.04,28.16,79.86,51.62,39.67,49.16,32,428,7475,17.46,2953,2029,97,661257133,575,8261,14.37
IR-O-U-0027,2022,Osmania University,Hyderabad,Telangana,60.22,30.41,79.98,56.37,42.40,53.07,22,445,7224,16.23,2000,1200,88,524500000,762,8157,10.7
IR-O-U-0027,2023,Osmania University,Hyderabad,Telangana,58.74,31.24,81.26,57.91,36.40,52.67,36,429,7538,17.57,1800,1100,56,360000000,840,6750,8.04
IR-O-U-0027,2024,Osmania University,Hyderabad,Telangana,64.75,28.77,85.33,58.05,37.61,54.69,43,470,7719,16.42,1000,900,62,247500000,800,4110,5.14
IR-O-U-0027,2025,Osmania University,Hyderabad,Telangana,75.88,27.86,86.93,57.17,37.07,57.94,30,625,6894,11.03,1444,542,65,31760774,758,2270,2.99
IR-O-U-0078,2021,Panjab University,Chandigarh,Chandigarh,48.88,40.86,71.57,53.49,50.12,51.59,23,1005,15953,15.87,2280,533,163,286749020,1647,46429,28.19
IR-O-U-0078,2022,Panjab University,Chandigarh,Chandigarh,48.43,43.18,74.62,60.73,43.29,52.80,25,968,16944,17.5,2747,0,187,270785340,1733,36601,21.12
IR-O-U-0078,2023,Panjab University,Chandigarh,Chandigarh,51.09,46.65,75.77,59.92,43.96,54.86,25,971,16003,16.48,2400,454,261,217853669,1762,33477,19.0
IR-O-U-0078,2024,Panjab University,Chandigarh,Chandigarh,54.31,42.01,74.07,63.38,50.68,55.11,38,969,16674,17.21,2489,421,275,198419807,1728,34357,19.88
IR-O-U-0078,2025,Panjab University,Chandigarh,Chandigarh,56.77,41.58,80.37,65.25,47.82,56.88,35,950,13783,14.51,3097,0,143,417827398,1709,12279,7.18
IR-O-U-0470,2021,Periyar University,Salem,Tamil Nadu,51.40,22.43,60.04,52.69,19.52,41.38,73,162,2084,12.86,355,212,15,24244584,416,10284,24.72
IR-O-U-0470,2022,Periyar University,Salem,Tamil Nadu,53.08,25.63,67.97,55.91,32.65,46.06,63,157,1957,12.46,377,199,18,27911045,504,8640,17.14
IR-O-U-0470,2023,Periyar University,Salem,Tamil Nadu,53.76,28.66,74.62,52.68,33.76,48.30,59,157,1986,12.65,366,178,26,21815834,432,5783,13.39
IR-O-U-0470,2024,Periyar University,Salem,Tamil Nadu,61.51,29.46,69.58,59.86,31.63,50.36,56,206,2245,10.9,324,198,11,24639447,468,4719,10.08
IR-O-U-0470,2025,Periyar University,Salem,Tamil Nadu,58.54,27.73,65.49,54.46,35.46,47.98,94,213,2077,9.75,272,260,9,2947986,451,1980,4.39
IR-O-U-0473,2021,S.R.M. Institute of Science and Technology,Chennai,Tamil Nadu,49.93,39.07,68.47,58.60,37.34,49.98,30,3350,48995,14.63,1137,247,122,194569279,2560,49494,19.33
IR-O-U-0473,2022,S.R.M. Institute of Science and Technology,Chennai,Tamil Nadu,57.91,45.28,71.41,62.54,47.60,56.24,19,3624,48246,13.31,1437,719,87,117000516,4204,62865,14.95
IR-O-U-0473,2023,S.R.M. Institute of Science and Technology,Chennai,Tamil Nadu,61.62,47.02,74.95,64.61,46.76,58.73,18,3884,49233,12.68,2015,915,147,221216772,5000,59567,11.91
IR-O-U-0473,2024,S.R.M. Institute of Science and Technology,Chennai,Tamil Nadu,71.69,55.43,76.92,68.55,41.91,64.56,12,4120,53777,13.05,2010,961,391,282447565,5000,59907,11.98
IR-O-U-0473,2025,S.R.M. Institute of Science and Technology,Chennai,Tamil Nadu,70.31,54.56,82.47,68.94,44.19,65.26,11,4466,60645,13.58,1760,881,127,203093412,5000,23052,4.61
IR-O-N-10,2021,SVKM`s Narsee Monjee Institute of Management Studies,Mumbai,Maharashtra,63.31,14.77,63.13,60.92,32.97,45.44,55,574,6817,11.88,263,0,30,18360100,144,2533,17.59
IR-O-N-10,2022,SVKM`s Narsee Monjee Institute of Management Studies,Mumbai,Maharashtra,68.42,17.66,64.52,62.17,35.08,48.46,51,554,6883,12.42,252,0,29,20720821,176,3336,18.95
IR-O-N-10,2023,SVKM`s Narsee Monjee Institute of Management Studies,Mumbai,Maharashtra,70.37,21.34,64.97,64.61,33.51,50.31,47,554,6789,12.25,267,0,43,26126190,146,1961,13.43
IR-O-N-10,2024,SVKM`s Narsee Monjee Institute of Management Studies,Mumbai,Maharashtra,74.00,24.83,64.38,65.17,33.76,52.43,49,574,7241,12.61,245,0,35,35146932,152,804,5.29
IR-O-N-10,2025,SVKM`s Narsee Monjee Institute of Management Studies,Mumbai,Maharashtra,72.53,26.72,65.25,64.41,32.72,52.54,52,602,7979,13.25,266,0,26,26181426,173,327,1.89
IR-O-U-0474,2021,Sathyabama Institute of Science and Technology,Chennai,Tamil Nadu,54.06,34.00,64.82,64.68,23.23,48.17,40,1055,11939,11.32,295,737,131,182085960,1142,17847,15.63
IR-O-U-0474,2022,Sathyabama Institute of Science and Technology,Chennai,Tamil Nadu,56.99,29.87,65.82,65.05,34.50,49.18,43,1260,12480,9.9,323,693,135,193542500,1249,16579,13.27
IR-O-U-0474,2023,Sathyabama Institute of Science and Technology,Chennai,Tamil Nadu,53.39,35.72,64.67,66.38,29.46,49.26,51,1309,14173,10.83,209,829,145,214552500,1365,16014,11.73
IR-O-U-0474,2024,Sathyabama Institute of Science and Technology,Chennai,Tamil Nadu,59.05,36.30,63.32,70.64,38.37,52.16,51,1389,15623,11.25,404,528,158,225725203,1465,11120,7.59
IR-O-U-0474,2025,Sathyabama Institute of Science and Technology,Chennai,Tamil Nadu,61.34,31.31,68.96,72.96,36.39,52.52,53,1407,16658,11.84,552,362,176,59341089,3022,9318,3.08
IR-O-I-1441,2021,Saveetha Institute of Medical and Technical Sciences,Chennai,Tamil Nadu,61.78,34.28,64.91,65.99,19.52,50.36,29,876,9797,11.18,155,570,5240,11132000,532,17989,33.81
IR-O-I-1441,2022,Saveetha Institute of Medical and Technical Sciences,Chennai,Tamil Nadu,56.29,43.01,69.46,65.97,21.71,52.45,26,831,10643,12.81,278,708,6270,89229138,2181,52533,24.09
IR-O-I-1441,2023,Saveetha Institute of Medical and Technical Sciences,Chennai,Tamil Nadu,69.83,52.18,71.30,67.38,33.76,60.98,13,788,10624,13.48,341,652,5225,20703310,3656,68072,18.62
IR-O-I-1441,2024,Saveetha Institute of Medical and Technical Sciences,Chennai,Tamil Nadu,72.59,60.87,72.82,66.07,34.05,64.62,11,900,11033,12.26,414,1021,3038,283062130,5000,63614,12.72
IR-O-I-1441,2025,Saveetha Institute of Medical and Technical Sciences,Chennai,Tamil Nadu,76.12,56.28,73.63,71.44,34.49,65.04,13,1129,13987,12.39,658,849,59,31051289,5000,37943,7.59
IR-O-U-0323,2021,Savitribai Phule Pune University,Pune,Maharashtra,62.95,42.77,86.96,50.92,41.49,58.34,11,712,4427,6.22,1875,0,150,568083583,980,19792,20.2
IR-O-U-0323,2022,Savitribai Phule Pune University,Pune,Maharashtra,63.66,41.64,92.44,52.07,41.88,59.48,12,752,5163,6.87,1400,0,95,304996410,1116,20723,18.57
IR-O-U-0323,2023,Savitribai Phule Pune University,Pune,Maharashtra,60.99,39.30,94.63,51.78,41.07,58.31,19,839,5871,7.0,1789,0,60,389095394,1276,14828,11.62
IR-O-U-0323,2024,Savitribai Phule Pune University,Pune,Maharashtra,61.07,39.17,89.65,52.59,47.00,57.96,23,801,6004,7.5,1389,0,70,74580443,1240,10480,8.45
IR-O-U-0323,2025,Savitribai Phule Pune University,Pune,Maharashtra,51.46,39.42,79.40,50.16,41.63,52.33,56,653,6220,9.53,1263,0,128,338721516,1582,5597,3.54
IR-O-U-0476,2021,Shanmugha Arts Science Technology and Research Academy,Thanjavur,Tamil Nadu,58.58,38.28,66.30,57.78,37.34,51.83,22,722,9851,13.64,413,208,114,179955920,606,14149,23.35
IR-O-U-0476,2022,Shanmugha Arts Science Technology and Research Academy,Thanjavur,Tamil Nadu,61.35,38.23,67.66,59.74,36.70,53.04,24,722,9835,13.62,431,179,87,397610718,633,12819,20.25
IR-O-U-0476,2023,Shanmugha Arts Science Technology and Research Academy,Thanjavur,Tamil Nadu,63.88,40.86,68.45,59.40,36.64,54.71,26,789,10360,13.13,406,134,87,117233514,587,8226,14.01
IR-O-U-0476,2024,Shanmugha Arts Science Technology and Research Academy,Thanjavur,Tamil Nadu,69.41,37.64,71.47,66.23,37.87,56.81,28,843,10769,12.77,414,155,73,539685492,564,5470,9.7
IR-O-U-0476,2025,Shanmugha Arts Science Technology and Research Academy,Thanjavur,Tamil Nadu,71.76,36.50,74.04,71.78,35.92,58.06,29,847,11847,13.99,686,127,84,290180703,755,2964,3.93
IR-O-U-0642,2021,Shiv Nadar University,Dadri,Uttar Pradesh,59.50,19.37,63.50,59.14,27.30,45.00,56,243,1845,7.59,228,3,56,48300000,2,9,4.5
IR-O-U-0642,2022,Shiv Nadar University,Dadri,Uttar Pradesh,63.53,20.75,64.70,61.38,22.06,46.57,61,246,2208,8.98,283,3,38,36900000,10,176,17.6
IR-O-U-0642,2023,Shiv Nadar University,Gautam Buddha Nagar,Uttar Pradesh,65.26,24.23,59.23,65.34,24.64,47.69,62,248,2538,10.23,364,4,53,34877000,17,171,10.06
IR-O-U-0642,2024,Shiv Nadar University,Gautam Buddha Nagar,Uttar Pradesh,71.43,25.51,59.74,66.79,20.86,49.80,62,273,2745,10.05,399,10,72,46955000,33,246,7.45
IR-O-U-0642,2025,Shiv Nadar University,Gautam Buddha Nagar,Uttar Pradesh,72.19,26.47,65.82,66.64,27.64,52.18,57,232,3002,12.94,456,11,50,77300680,33,49,1.48
IR-O-U-0190,2021,Shoolini University of Biotechnology and Management Sciences,Solan,Himachal Pradesh,43.21,23.06,64.69,54.60,12.52,39.53,89,245,3127,12.76,186,0,7,12396232,570,27250,47.81
IR-O-U-0190,2022,Shoolini University of Biotechnology and Management Sciences,Solan,Himachal Pradesh,38.80,28.11,68.66,58.25,15.71,41.19,96,227,3478,15.32,251,0,10,3152289,869,32812,37.76
IR-O-U-0190,2023,Shoolini University of Biotechnology and Management Sciences,Solan,Himachal Pradesh,46.00,34.09,68.98,65.08,14.21,45.76,73,265,3790,14.3,257,0,12,12270963,800,23948,29.93
IR-O-U-0190,2024,Shoolini University of Biotechnology and Management Sciences,Solan,Himachal Pradesh,54.64,39.24,68.70,65.98,3.16,48.82,70,272,3851,14.16,254,0,8,6802407,821,14086,17.16
IR-O-U-0190,2025,Shoolini University of Biotechnology and Management Sciences,Solan,Himachal Pradesh,43.95,46.29,68.77,65.33,28.00,50.16,69,207,4295,20.75,337,0,15,14050723,758,6247,8.24
IR-O-U-0363,2021,Siksha `O` Anusandhan,Bhubaneswar,Odisha,63.89,29.92,71.34,65.89,33.30,52.34,20,1393,12912,9.27,826,179,67,75448000,875,13109,14.98
IR-O-U-0363,2022,Siksha `O` Anusandhan,Bhubaneswar,Odisha,68.30,35.58,73.45,68.40,49.08,57.60,16,1161,14033,12.09,1007,141,104,101038000,930,12616,13.57
IR-O-U-0363,2023,Siksha `O` Anusandhan,Bhubaneswar,Odisha,69.78,40.10,73.26,73.35,53.88,60.33,15,1206,15945,13.22,1204,149,71,92545000,1040,9947,9.56
IR-O-U-0363,2024,Siksha `O` Anusandhan,Bhubaneswar,Odisha,74.09,42.19,74.06,72.74,56.35,62.61,14,1280,17307,13.52,1156,119,88,97101000,1168,8922,7.64
IR-O-U-0363,2025,Siksha `O` Anusandhan,Bhubaneswar,Odisha,75.45,42.48,77.23,73.03,50.21,63.14,15,1366,19122,14.0,1194,132,102,103864000,2808,13918,4.96
IR-O-I-1486,2021,Sri Ramachandra Institute of Higher Education and Research,Chennai,Tamil Nadu,64.83,18.35,61.13,64.73,35.23,47.17,47,747,6744,9.03,209,103,82,143941830,366,3566,9.74
IR-O-I-1486,2022,Sri Ramachandra Institute of Higher Education and Research,Chennai,Tamil Nadu,69.68,17.07,64.33,65.08,34.74,48.87,48,750,7564,10.09,153,117,227,233225319,459,3541,7.71
IR-O-I-1486,2023,Sri Ramachandra Institute of Higher Education and Research,Chennai,Tamil Nadu,68.85,18.53,62.74,62.90,35.47,48.61,57,755,8162,10.81,143,156,344,159991467,449,3140,6.99
IR-O-I-1486,2024,Sri Ramachandra Institute of Higher Education and Research,Chennai,Tamil Nadu,72.73,22.22,62.46,62.99,35.75,50.86,55,651,8635,13.26,177,257,299,582743692,483,1972,4.08
IR-O-I-1486,2025,Sri Ramachandra Institute of Higher Education and Research,Chennai,Tamil Nadu,72.40,24.68,62.69,62.86,34.00,51.35,60,662,8949,13.52,250,344,284,757589218,708,1092,1.54
IR-O-U-0329,2021,Symbiosis International,Pune,Maharashtra,61.83,18.50,64.52,72.16,40.04,48.22,38,1255,17488,13.93,314,576,101,55389561,651,19754,30.34
IR-O-U-0329,2022,Symbiosis International,Pune,Maharashtra,65.62,17.80,74.90,66.57,47.82,51.45,32,1258,16408,13.04,584,167,82,59004884,969,22837,23.57
IR-O-U-0329,2023,Symbiosis International,Pune,Maharashtra,67.62,22.91,77.78,63.18,40.88,53.13,32,1177,16659,14.15,591,173,88,73788777,1908,31778,16.66
IR-O-U-0329,2024,Symbiosis International,Pune,Maharashtra,72.53,27.49,78.53,64.79,42.14,56.41,31,1585,22845,14.41,657,161,104,100109423,2877,25816,8.97
IR-O-U-0329,2025,Symbiosis International,Pune,Maharashtra,73.49,38.34,72.97,64.00,46.23,59.16,24,1530,21816,14.26,1064,207,272,150990542,3981,13115,3.29
IR-O-U-0331,2021,Tata Institute of Social Sciences,Mumbai,Maharashtra,61.20,12.32,77.33,72.28,36.09,48.37,37,267,3163,11.85,254,612,355,504087032,282,2873,10.19
IR-O-U-0331,2022,Tata Institute of Social Sciences,Mumbai,Maharashtra,56.66,10.45,78.36,75.42,38.23,47.16,60,434,4566,10.52,440,386,388,293380071,288,2002,6.95
IR-O-U-0331,2023,Tata Institute of Social Sciences,Mumbai,Maharashtra,47.63,10.67,75.14,68.68,36.40,43.03,98,422,6251,14.81,530,386,392,315287303,272,1530,5.62
IR-O-U-0331,2024,Tata Institute of Social Sciences,Mumbai,Maharashtra,66.96,15.83,71.49,72.19,38.37,50.20,58,275,3234,11.76,563,0,370,316713386,277,1233,4.45
IR-O-U-0331,2025,Tata Institute of Social Sciences,Mumbai,Maharashtra,68.46,16.42,70.12,73.58,30.39,49.89,72,275,3392,12.33,346,193,261,330273724,240,451,1.88
IR-O-U-0056,2021,Tezpur University,Tezpur,Assam,58.32,30.02,61.65,52.17,32.14,47.27,46,291,3475,11.94,590,115,334,238237334,570,9328,16.36
IR-O-U-0056,2022,Tezpur University,Tezpur,Assam,59.71,27.49,63.29,50.67,35.88,47.48,59,275,3494,12.71,709,103,306,130324432,664,10208,15.37
IR-O-U-0056,2023,Tezpur University,Tezpur,Assam,56.40,28.70,64.99,51.52,30.17,46.70,69,293,3581,12.22,796,109,253,112171912,691,8424,12.19
IR-O-U-0056,2024,Tezpur University,Tezpur,Assam,62.22,28.05,68.97,51.86,29.47,49.01,69,306,3602,11.77,795,141,108,163962763,803,6498,8.09
IR-O-U-0056,2025,Tezpur University,Tezpur,Assam,60.26,30.22,69.73,51.71,30.39,49.31,79,322,3718,11.55,957,50,120,127072210,880,3049,3.46
IR-O-I-1480,2021,Thapar Institute of Engineering and Technology (Deemed-to-be-university),Patiala,Punjab,50.44,42.26,67.30,56.35,37.52,50.65,26,555,8212,14.8,561,199,56,93013000,227,5852,25.78
IR-O-I-1480,2022,Thapar Institute of Engineering and Technology (Deemed-to-be-university),Patiala,Punjab,49.86,44.83,70.57,55.09,35.34,51.56,31,566,8959,15.83,563,147,66,84804000,218,3916,17.96
IR-O-I-1480,2023,Thapar Institute of Engineering and Technology (Deemed-to-be-university),Patiala,Punjab,62.01,49.73,72.17,64.05,29.71,57.32,22,728,10301,14.15,562,133,52,103620000,228,3897,17.09
IR-O-I-1480,2024,Thapar Institute of Engineering and Technology (Deemed-to-be-university),Patiala,Punjab,65.00,43.36,71.19,63.83,35.91,56.72,29,752,10465,13.92,528,132,44,108490000,211,2324,11.01
IR-O-I-1480,2025,Thapar Institute of Engineering and Technology (Deemed-to-be-university),Patiala,Punjab,68.42,45.12,72.16,65.69,37.95,58.87,26,788,11124,14.12,482,45,43,340729000,298,1386,4.65
IR-O-U-0120,2021,University of Delhi,Delhi,Delhi,42.65,54.23,82.66,59.60,55.37,57.09,12,1060,21615,20.39,3700,0,341,500736706,3303,64550,19.54
IR-O-U-0120,2022,University of Delhi,Delhi,Delhi,43.11,52.82,91.85,58.87,56.15,58.66,13,1135,23819,20.99,3652,0,434,559389437,3592,50692,14.11
IR-O-U-0120,2023,University of Delhi,Delhi,Delhi,46.65,54.30,97.84,63.98,51.89,61.45,11,1226,26344,21.49,3702,0,553,555256974,3840,47550,12.38
IR-O-U-0120,2024,University of Delhi,Delhi,Delhi,56.75,56.42,98.54,67.57,54.75,65.90,6,1402,22894,16.33,3502,0,444,491071150,4089,34928,8.54
IR-O-U-0120,2025,University of Delhi,Delhi,Delhi,60.65,58.51,96.94,70.15,52.38,67.38,5,1189,20609,17.33,3595,0,479,751219345,4366,17254,3.95
IR-O-U-0042,2021,University of Hyderabad,Hyderabad,Telangana,69.59,40.74,77.44,58.72,52.49,59.71,9,442,3428,7.76,1758,15,319,356820612,1097,27334,24.92
IR-O-U-0042,2022,University of Hyderabad,Hyderabad,Telangana,70.94,40.18,83.97,63.50,52.39,61.71,10,423,4156,9.83,1459,30,398,393003086,1123,17331,15.43
IR-O-U-0042,2023,University of Hyderabad,Hyderabad,Telangana,70.46,44.54,83.27,66.58,42.78,62.09,10,421,3940,9.36,1332,55,378,304072791,1177,13164,11.18
IR-O-U-0042,2024,University of Hyderabad,Hyderabad,Telangana,72.69,45.58,81.39,62.26,41.92,62.18,17,412,3756,9.12,1506,60,458,650934326,1142,11727,10.27
IR-O-U-0042,2025,University of Hyderabad,Hyderabad,Telangana,73.24,44.59,78.52,63.01,44.77,61.83,18,428,3887,9.08,1455,42,455,1014356384,1151,2972,2.58
IR-O-U-0195,2021,University of Jammu,Jammu,Jammu and Kashmir,49.65,17.53,72.91,45.77,32.01,42.52,66,373,4212,11.29,721,197,33,255783076,550,15637,28.43
IR-O-U-0195,2022,University of Jammu,Jammu,Jammu and Kashmir,64.90,19.12,74.83,46.63,31.92,48.03,56,398,4396,11.05,646,130,40,197923676,692,14809,21.4
IR-O-U-0195,2023,University of Jammu,Jammu,Jammu and Kashmir,59.63,21.64,74.75,50.59,31.94,47.58,63,419,4362,10.41,555,123,56,195141072,787,11094,14.1
IR-O-U-0195,2024,University of Jammu,Jammu,Jammu and Kashmir,72.95,23.43,74.91,52.72,31.63,52.33,50,322,4176,12.97,569,79,72,298855422,838,9247,11.03
IR-O-U-0195,2025,University of Jammu,Jammu,Jammu and Kashmir,71.09,24.66,78.84,52.57,32.46,53.01,51,332,4010,12.08,472,86,97,338391990,859,3912,4.55
IR-O-U-0196,2021,University of Kashmir,Srinagar,Jammu and Kashmir,60.49,19.51,77.03,50.12,25.52,46.97,48,552,8672,15.71,1221,33,84,364048918,948,20615,21.75
IR-O-U-0196,2022,University of Kashmir,Srinagar,Jammu and Kashmir,60.58,21.23,79.56,51.37,26.65,48.27,53,568,8776,15.45,1183,18,82,409105202,1208,23160,19.17
IR-O-U-0196,2023,University of Kashmir,Srinagar,Jammu and Kashmir,70.64,26.93,79.58,53.05,25.94,53.08,33,593,8289,13.98,1091,54,108,374644089,1282,14884,11.61
IR-O-U-0196,2024,University of Kashmir,Srinagar,Jammu and Kashmir,71.14,31.25,79.72,51.14,26.56,54.43,45,644,8570,13.31,1160,32,84,132519953,1201,10746,8.95
IR-O-U-0196,2025,University of Kashmir,Srinagar,Jammu and Kashmir,74.05,34.74,79.88,50.90,34.25,57.13,34,674,8914,13.23,990,14,52,124445131,1333,4970,3.73
IR-O-I-1357,2021,University of Madras,Chennai,Tamil Nadu,61.35,31.82,66.43,53.88,38.17,50.46,28,296,3105,10.49,663,164,216,228734803,745,17914,24.05
IR-O-I-1357,2022,University of Madras,Chennai,Tamil Nadu,56.58,32.35,71.30,52.41,36.91,49.86,39,282,3200,11.35,549,140,89,282233735,841,11123,13.23
IR-O-I-1357,2023,University of Madras,Chennai,Tamil Nadu,64.74,32.90,69.40,53.23,10.08,49.50,50,372,3465,9.31,439,92,180,212005920,741,7882,10.64
IR-O-I-1357,2024,University of Madras,Chennai,Tamil Nadu,69.31,38.50,65.47,53.22,42.79,55.03,39,348,3489,10.03,423,75,51,222156177,795,7707,9.69
IR-O-I-1357,2025,University of Madras,Chennai,Tamil Nadu,69.12,35.08,70.84,52.79,45.23,55.23,38,340,3384,9.95,1022,464,88,235105776,722,3205,4.44
IR-O-U-0564,2021,University of Petroleum and Energy Studies,Dehradun,Uttarakhand,46.46,15.08,60.13,61.98,21.90,38.88,100,790,11609,14.69,28,503,24,9964261,935,21085,22.55
IR-O-U-0564,2022,University of Petroleum and Energy Studies,Dehradun,Uttarakhand,56.69,19.48,60.48,65.01,40.39,45.49,65,847,11878,14.02,34,493,13,25603375,1667,41423,24.85
IR-O-U-0564,2023,University of Petroleum and Energy Studies,Dehradun,Uttarakhand,58.19,28.69,60.55,67.05,42.13,49.10,52,997,12204,12.24,89,472,23,40750355,1693,33968,20.06
IR-O-U-0564,2024,University of Petroleum and Energy Studies,Dehradun,Uttarakhand,64.11,41.19,60.62,65.76,37.33,54.02,46,999,12163,12.18,298,436,20,15693049,1237,17960,14.52
IR-O-U-0564,2025,University of Petroleum and Energy Studies,Dehradun,Uttarakhand,62.97,45.60,60.78,65.41,31.66,54.44,45,1048,14064,13.42,292,231,27,43199371,860,5918,6.88
IR-O-U-0490,2021,Vellore Institute of Technology,Vellore,Tamil Nadu,48.43,56.83,69.94,59.38,51.16,56.63,13,2129,36502,17.15,1589,1375,105,92024003,3701,74710,20.19
IR-O-U-0490,2022,Vellore Institute of Technology,Vellore,Tamil Nadu,52.72,59.82,79.43,59.07,62.02,61.77,9,2633,38593,14.66,2901,1129,105,106344496,4892,91254,18.65
IR-O-U-0490,2023,Vellore Institute of Technology,Vellore,Tamil Nadu,55.66,63.59,80.43,62.55,61.99,64.33,8,3208,47261,14.73,2951,834,127,102504169,5000,76569,15.31
IR-O-U-0490,2024,Vellore Institute of Technology,Vellore,Tamil Nadu,61.51,61.95,79.42,61.11,57.55,64.79,10,3326,51740,15.56,3808,603,146,139337324,5000,57713,11.54
IR-O-U-0490,2025,Vellore Institute of Technology,Vellore,Tamil Nadu,60.55,59.53,83.42,60.61,58.81,64.64,14,3352,54254,16.19,4516,626,201,202868433,5000,26112,5.22
IR-O-U-0043,2021,"Vignan's Foundation for Science, Technology and Research",Guntur,Andhra Pradesh,49.40,15.25,60.65,56.03,18.00,38.92,97,537,7127,13.27,146,466,237,24490800,13,89,6.85
IR-O-U-0043,2022,"Vignan's Foundation for Science, Technology and Research",Guntur,Andhra Pradesh,52.38,18.96,59.77,56.33,28.06,41.79,95,606,7072,11.67,242,470,214,60118800,13,112,8.62
IR-O-U-0043,2023,"Vignan's Foundation for Science, Technology and Research",Guntur,Andhra Pradesh,54.66,25.37,59.83,62.00,32.19,45.40,75,628,7111,11.32,318,276,288,115006960,6,90,15.0
IR-O-U-0043,2024,"Vignan's Foundation for Science, Technology and Research",Guntur,Andhra Pradesh,61.91,24.36,63.45,64.00,34.78,48.45,72,612,7314,11.95,502,158,205,31718900,12,66,5.5
IR-O-U-0043,2025,"Vignan's Foundation for Science, Technology and Research",Guntur,Andhra Pradesh,65.04,21.69,66.42,69.14,38.54,50.06,70,654,8884,13.58,552,168,154,66774856,5,21,4.2
