institute_id,year,name_canonical,city,state,tlr_score,rpc_score,go_score,oi_score,pr_score,overall_score,rank,faculty_count,total_student_strength,faculty_student_ratio,total_graduating,total_placed,total_higher_studies,placement_rate_pct,phd_fulltime_current,phd_parttime_current,sponsored_projects_y1,sponsored_amount_y1,scopus_total_documents,scopus_total_citations,scopus_avg_citations_per_doc,matched_journal_docs,quartile_match_rate_pct,pct_q1,pct_q2,pct_q3,pct_q4
IR-O-U-0435,2021,Alagappa University,Karaikudi,Tamil Nadu,58.71,27.32,67.45,51.68,46.34,49.09,33,349,3305,9.47,1327,113,12,8.5,690,836,54,44347060,680,18858,27.73,584,85.9,46.7,36.0,11.5,5.8
IR-O-U-0435,2022,Alagappa University,Karaikudi,Tamil Nadu,61.66,32.63,72.21,51.56,42.91,52.18,28,361,3480,9.64,1328,91,27,6.9,710,830,19,70419233,632,11746,18.59,508,80.4,44.9,37.6,10.4,7.1
IR-O-U-0435,2023,Alagappa University,Karaikudi,Tamil Nadu,61.51,36.63,73.97,52.13,40.88,53.53,30,378,3859,10.21,1397,203,50,14.5,779,878,31,160407480,538,8601,15.99,452,84.0,40.5,39.8,13.1,6.6
IR-O-U-0435,2024,Alagappa University,Karaikudi,Tamil Nadu,65.88,35.30,73.76,51.91,35.47,53.84,47,388,3899,10.05,1557,364,49,23.4,750,779,13,147013386,528,4666,8.84,446,84.5,47.1,27.6,17.3,8.1
IR-O-U-0435,2025,Alagappa University,Karaikudi,Tamil Nadu,64.62,33.07,73.27,55.96,49.04,54.45,44,382,4051,10.6,1617,311,93,19.2,731,725,41,166816254,598,2477,4.14,500,83.6,41.4,31.6,17.6,9.4
IR-O-U-0496,2021,Aligarh Muslim University,Aligarh,Uttar Pradesh,69.06,40.86,80.06,56.93,42.90,58.97,10,1674,20198,12.07,5074,865,2312,17.0,3634,250,81,563724255,2011,44664,22.21,1531,76.1,35.7,28.5,22.1,13.7
IR-O-U-0496,2022,Aligarh Muslim University,Aligarh,Uttar Pradesh,69.21,43.04,88.92,56.29,43.49,61.43,11,1645,17949,10.91,5163,1031,1619,20.0,3498,191,138,390209105,2224,41986,18.88,1690,76.0,38.0,33.7,17.1,11.2
IR-O-U-0496,2023,Aligarh Muslim University,Aligarh,Uttar Pradesh,68.87,46.88,94.55,60.04,42.48,63.88,9,1583,18460,11.66,5676,1384,2425,24.4,2995,144,184,379815309,2313,32016,13.84,1691,73.1,38.7,32.9,18.2,10.2
IR-O-U-0496,2024,Aligarh Muslim University,Aligarh,Uttar Pradesh,74.02,45.91,93.81,61.15,47.21,65.57,8,1464,18782,12.83,5662,1413,2490,25.0,2652,126,227,751286253,2116,20939,9.9,1628,76.9,39.7,32.7,16.5,11.1
IR-O-U-0496,2025,Aligarh Muslim University,Aligarh,Uttar Pradesh,71.50,48.04,93.79,64.58,42.74,65.35,10,1424,19240,13.51,6249,1701,3313,27.2,2466,106,243,807603543,2029,10451,5.15,1572,77.5,40.0,32.3,17.1,10.6
IR-O-U-0497,2021,Amity University,Gautam Budh Nagar,Uttar Pradesh,48.98,43.27,67.55,64.66,32.53,50.90,25,2068,36920,17.85,7527,3585,966,47.6,541,1536,149,151143245,3961,73992,18.68,2562,64.7,28.9,22.8,19.3,29.0
IR-O-U-0497,2022,Amity University,Gautam Budh Nagar,Uttar Pradesh,49.57,47.89,70.35,64.17,33.40,53.07,22,1871,35504,18.98,7350,2672,584,36.4,700,1810,101,137014456,4581,76197,16.63,2997,65.4,28.5,26.5,20.9,24.0
IR-O-U-0497,2023,Amity University,Gautam Budh Nagar,Uttar Pradesh,47.80,47.16,71.25,64.65,35.66,52.78,35,1907,34442,18.06,6926,2863,436,41.3,777,1852,47,60961825,5000,71967,14.39,2960,59.2,28.2,27.1,18.6,26.1
IR-O-U-0497,2024,Amity University,Gautam Budh Nagar,Uttar Pradesh,56.77,50.31,71.92,65.59,30.83,56.14,32,2213,33294,15.04,6696,3051,767,45.6,778,1849,121,201477096,5000,59090,11.82,2845,56.9,34.7,27.3,17.7,20.3
IR-O-U-0497,2025,Amity University,Gautam Budh Nagar,Uttar Pradesh,62.88,55.83,74.32,63.12,28.98,59.68,22,2331,32746,14.05,6335,2971,540,46.9,882,2039,150,127972571,5000,22195,4.44,2964,59.3,34.8,28.5,19.2,17.5
IR-O-U-0436,2021,Amrita Vishwa Vidyapeetham,Coimbatore,Tamil Nadu,64.23,54.33,71.35,65.54,48.36,61.23,5,1624,21108,13.0,5335,2621,1270,49.1,562,651,174,256034400,1760,25674,14.59,996,56.6,27.9,20.7,18.6,32.8
IR-O-U-0436,2022,Amrita Vishwa Vidyapeetham,Coimbatore,Tamil Nadu,69.80,50.06,74.09,69.53,56.66,63.40,5,1830,21078,11.52,4083,2292,1356,56.1,547,852,140,1113629808,2001,24716,12.35,1204,60.2,27.1,25.8,17.3,29.8
IR-O-U-0436,2023,Amrita Vishwa Vidyapeetham,Coimbatore,Tamil Nadu,73.39,50.35,73.93,72.47,55.00,64.67,7,1864,22490,12.07,3840,2391,1098,62.3,581,1043,107,2413512577,2645,26877,10.16,1385,52.4,33.0,27.4,14.5,25.1
IR-O-U-0436,2024,Amrita Vishwa Vidyapeetham,Coimbatore,Tamil Nadu,76.51,47.82,77.63,73.83,55.25,65.73,7,1928,24312,12.61,5018,3893,726,77.6,899,1096,124,2604824076,3814,29415,7.71,1745,45.8,41.7,29.1,12.7,16.6
IR-O-U-0436,2025,Amrita Vishwa Vidyapeetham,Coimbatore,Tamil Nadu,76.85,51.06,81.91,71.42,51.47,67.05,8,2104,26540,12.61,5454,2956,961,54.2,1073,1236,151,981189360,4544,16677,3.67,2385,52.5,47.6,25.1,9.7,17.5
IR-O-U-0006,2021,"Andhra University, Visakhapatnam",Visakhapatnam,Andhra Pradesh,55.04,25.59,85.84,54.46,42.86,51.10,24,684,9048,13.23,3627,1812,869,50.0,1079,775,53,294249426,623,7204,11.56,486,78.0,19.5,25.7,23.9,30.9
IR-O-U-0006,2022,"Andhra University, Visakhapatnam",Visakhapatnam,Andhra Pradesh,54.05,25.80,85.70,53.73,40.53,50.52,36,687,9338,13.59,3475,2334,622,67.2,889,645,55,319426800,665,6868,10.33,573,86.2,14.1,33.0,27.1,25.8
IR-O-U-0006,2023,"Andhra University, Visakhapatnam",Visakhapatnam,Andhra Pradesh,54.39,25.74,84.77,58.63,41.85,51.04,43,702,9808,13.97,3540,2905,569,82.1,549,225,58,325481618,691,9679,14.01,554,80.2,17.3,26.9,30.7,25.1
IR-O-U-0006,2024,"Andhra University, Visakhapatnam",Visakhapatnam,Andhra Pradesh,75.44,26.05,85.19,64.68,37.09,57.67,25,702,9578,13.64,3923,3310,605,84.4,689,85,87,503319397,712,6596,9.26,562,78.9,19.9,30.1,24.4,25.6
IR-O-U-0006,2025,"Andhra University, Visakhapatnam",Visakhapatnam,Andhra Pradesh,75.27,26.41,86.60,73.86,39.85,59.20,23,702,9235,13.16,3407,2877,518,84.4,451,274,92,506520405,710,1761,2.48,574,80.8,20.0,25.6,25.6,28.7
IR-O-U-0439,2021,Anna University,Chennai,Tamil Nadu,51.91,43.09,73.11,51.35,67.20,54.97,16,1024,15149,14.79,4138,1625,213,39.3,936,792,91,360300755,2315,45291,19.56,1845,79.7,34.6,35.6,16.5,13.3
IR-O-U-0439,2022,Anna University,Chennai,Tamil Nadu,53.32,53.15,74.97,49.30,43.47,56.22,20,977,12824,13.13,3690,1801,224,48.8,1174,956,84,385574187,2396,35104,14.65,1940,81.0,27.8,38.0,23.0,11.1
IR-O-U-0439,2023,Anna University,Chennai,Tamil Nadu,56.24,64.24,74.58,50.29,43.87,60.48,14,926,12422,13.41,3800,2105,185,55.4,1078,651,119,468110570,2332,25179,10.8,1762,75.6,30.4,33.8,25.2,10.6
IR-O-U-0439,2024,Anna University,Chennai,Tamil Nadu,60.32,63.51,71.58,48.93,74.89,63.85,13,941,11396,12.11,2999,2189,215,73.0,933,583,93,383628283,2363,17641,7.47,1641,69.4,34.6,34.2,18.2,13.1
IR-O-U-0439,2025,Anna University,Chennai,Tamil Nadu,62.63,54.88,67.82,51.30,72.83,61.22,20,856,11940,13.95,2582,1684,221,65.2,1157,652,98,224679428,2434,8246,3.39,1695,69.6,33.5,35.4,18.2,13.0
IR-O-U-0444,2021,Avinashilingam Institute for Home Science and Higher Education for Women,Coimbatore,Tamil Nadu,61.30,3.62,64.37,58.87,30.09,41.24,75,467,6923,14.82,2422,823,655,34.0,79,111,80,18032101,116,2249,19.39,88,75.9,29.5,22.7,23.9,23.9
IR-O-U-0444,2022,Avinashilingam Institute for Home Science and Higher Education for Women,Coimbatore,Tamil Nadu,62.12,3.75,65.88,60.71,35.08,42.53,84,483,6825,14.13,2418,616,787,25.5,255,251,20,34917381,179,2246,12.55,128,71.5,22.7,28.9,18.0,30.5
IR-O-U-0444,2023,Avinashilingam Institute for Home Science and Higher Education for Women,Coimbatore,Tamil Nadu,67.42,5.60,66.72,62.43,34.26,44.92,81,490,6873,14.03,2585,889,899,34.4,317,323,42,111971883,190,1825,9.61,143,75.3,18.9,28.7,18.2,34.3
IR-O-U-0444,2024,Avinashilingam Institute for Home Science and Higher Education for Women,Coimbatore,Tamil Nadu,69.56,6.29,66.40,63.07,34.34,45.78,98,505,6952,13.77,2529,1003,560,39.7,320,335,65,31337765,223,1308,5.87,177,79.4,24.3,21.5,24.3,29.9
IR-O-U-0444,2025,Avinashilingam Institute for Home Science and Higher Education for Women,Coimbatore,Tamil Nadu,70.64,8.25,66.90,66.03,34.49,47.09,99,486,6725,13.84,2387,930,566,39.0,371,353,18,102819000,281,860,3.06,221,78.6,24.9,27.1,22.6,25.3
IR-O-U-0498,2021,Babasaheb Bhimrao Ambedkar University,Lucknow,Uttar Pradesh,47.93,15.81,71.24,71.60,20.97,42.63,65,307,4397,14.32,2085,1504,447,72.1,640,0,31,77800000,407,13685,33.62,300,73.7,42.3,24.0,22.0,11.7
IR-O-U-0498,2022,Babasaheb Bhimrao Ambedkar University,Lucknow,Uttar Pradesh,53.54,19.68,82.46,74.59,21.36,48.05,55,325,3939,12.12,1955,1508,440,77.1,652,0,48,112050000,461,7056,15.31,343,74.4,35.3,36.2,14.9,13.7
IR-O-U-0498,2023,Babasaheb Bhimrao Ambedkar University,Lucknow,Uttar Pradesh,59.83,24.29,82.07,76.83,19.40,51.27,42,329,3604,10.95,1786,1518,268,85.0,665,0,56,134025000,468,6384,13.64,325,69.4,40.9,32.0,19.4,7.7
IR-O-U-0498,2024,Babasaheb Bhimrao Ambedkar University,Lucknow,Uttar Pradesh,69.31,25.46,80.94,78.63,35.47,56.03,33,391,3434,8.78,1676,1516,160,90.5,791,0,64,213740800,540,5132,9.5,394,73.0,37.1,33.8,18.3,10.9
IR-O-U-0498,2025,Babasaheb Bhimrao Ambedkar University,Lucknow,Uttar Pradesh,69.26,23.93,80.92,80.25,33.75,55.55,37,407,3374,8.29,1578,1453,125,92.1,802,0,71,274856210,543,2133,3.93,423,77.9,32.9,44.2,15.4,7.6
IR-O-U-0500,2021,Banaras Hindu University,Varanasi,Uttar Pradesh,64.50,45.00,100.00,53.13,58.57,64.02,3,1535,25585,16.67,8416,922,7367,11.0,3302,179,377,408686049,2493,73303,29.4,1947,78.1,41.6,30.5,19.0,9.0
IR-O-U-0500,2022,Banaras Hindu University,Varanasi,Uttar Pradesh,69.90,43.91,97.74,57.32,37.76,63.20,6,1770,27622,15.61,8148,1010,6971,12.4,3164,227,369,399469788,3021,64255,21.27,2312,76.5,42.4,34.0,15.1,8.5
IR-O-U-0500,2023,Banaras Hindu University,Varanasi,Uttar Pradesh,72.77,49.18,99.64,61.50,31.80,65.85,5,1807,28313,15.67,8503,1696,6305,19.9,3451,90,482,3589149887,3107,45976,14.8,2460,79.2,42.0,33.9,15.6,8.5
IR-O-U-0500,2024,Banaras Hindu University,Varanasi,Uttar Pradesh,73.59,51.01,94.94,61.57,35.18,66.05,5,1829,29466,16.11,10138,1791,8051,17.7,3121,99,648,2069435606,3318,33639,10.14,2526,76.1,44.1,32.5,15.9,7.5
IR-O-U-0500,2025,Banaras Hindu University,Varanasi,Uttar Pradesh,76.41,51.17,95.42,65.95,33.34,67.28,6,1907,28583,14.99,11441,1967,8502,17.2,2225,88,598,1998784433,3478,14443,4.15,2795,80.4,43.6,32.8,16.5,7.0
IR-O-U-0389,2021,Banasthali Vidyapith,Banasthali,Rajasthan,54.19,14.23,83.55,75.99,37.34,48.57,35,661,11686,17.68,3591,1245,932,34.7,960,0,37,253556894,364,6557,18.01,247,67.9,21.1,24.3,21.9,32.8
IR-O-U-0389,2022,Banasthali Vidyapith,Banasthali,Rajasthan,53.01,15.98,84.96,75.83,33.71,48.64,49,621,11688,18.82,3713,1250,1160,33.7,911,0,33,80073323,476,7791,16.37,317,66.6,24.0,32.8,22.4,20.8
IR-O-U-0389,2023,Banasthali Vidyapith,Banasthali,Rajasthan,50.45,17.72,84.22,77.31,35.71,48.60,58,590,11861,20.1,3956,1324,1195,33.5,822,0,36,132402736,542,7277,13.43,336,62.0,27.1,32.4,22.3,18.2
IR-O-U-0389,2024,Banasthali Vidyapith,Banasthali,Rajasthan,55.66,17.83,82.44,76.49,31.94,49.38,67,610,11916,19.53,3813,1659,927,43.5,835,0,36,89171729,636,5851,9.2,412,64.8,30.3,29.9,20.9,18.9
IR-O-U-0389,2025,Banasthali Vidyapith,Banasthali,Rajasthan,54.09,22.14,83.23,76.96,34.25,50.65,66,601,12383,20.6,3876,1588,1051,41.0,894,0,37,12339932,754,3448,4.57,463,61.4,30.7,25.1,21.2,23.1
IR-O-U-0446,2021,Bharath Institute of Higher Education and Research,Chennai,Tamil Nadu,55.40,24.41,67.59,67.94,21.90,46.44,51,1338,16986,12.7,3706,2923,756,78.9,287,1055,33,2090766,362,7024,19.4,246,68.0,35.4,32.1,19.1,13.4
IR-O-U-0446,2022,Bharath Institute of Higher Education and Research,Chennai,Tamil Nadu,56.20,23.15,70.31,64.28,21.01,46.40,62,1896,17514,9.24,3558,2999,553,84.3,132,873,112,19893925,626,9110,14.55,490,78.3,18.8,44.1,19.8,17.3
IR-O-U-0446,2023,Bharath Institute of Higher Education and Research,Chennai,Tamil Nadu,53.31,26.25,69.08,68.48,23.71,46.91,66,1249,20497,16.41,5209,4523,686,86.8,465,653,165,12522764,530,6951,13.12,341,64.3,27.6,29.9,20.2,22.3
IR-O-U-0446,2024,Bharath Institute of Higher Education and Research,Chennai,Tamil Nadu,67.46,22.62,67.73,71.19,6.56,48.36,73,1331,19448,14.61,4965,4391,574,88.4,323,821,193,21494223,725,5723,7.89,375,51.7,21.6,22.7,24.3,31.5
IR-O-U-0446,2025,Bharath Institute of Higher Education and Research,Chennai,Tamil Nadu,71.35,21.13,70.62,71.43,5.92,49.59,76,1614,18977,11.76,5128,4711,417,91.9,294,748,211,29856730,866,1972,2.28,402,46.4,21.6,25.9,24.6,27.9
IR-O-U-0447,2021,Bharathiar University,Coimbatore,Tamil Nadu,61.79,47.45,74.17,53.21,35.22,56.44,14,283,2956,10.45,139,70,58,50.4,524,219,153,424535177,846,18444,21.8,728,86.1,35.4,36.1,14.7,13.7
IR-O-U-0447,2022,Bharathiar University,Coimbatore,Tamil Nadu,63.97,44.36,78.31,63.96,36.88,58.25,15,281,3142,11.18,141,78,63,55.3,633,233,121,276574930,818,13653,16.69,719,87.9,38.4,35.5,14.9,11.3
IR-O-U-0447,2023,Bharathiar University,Coimbatore,Tamil Nadu,63.10,43.77,78.87,51.98,47.86,57.82,21,315,3179,10.09,1306,824,458,63.1,640,182,106,313507185,772,10482,13.58,655,84.8,38.9,34.0,16.6,10.4
IR-O-U-0447,2024,Bharathiar University,Coimbatore,Tamil Nadu,64.04,42.45,78.16,54.05,42.79,57.26,26,272,3175,11.67,1341,866,474,64.6,378,128,110,136859509,796,18532,23.28,650,81.7,47.4,29.7,15.1,7.8
IR-O-U-0447,2025,Bharathiar University,Coimbatore,Tamil Nadu,57.60,40.69,76.94,52.76,42.57,54.42,46,226,3190,14.12,1349,863,486,64.0,520,179,105,271129694,818,6186,7.56,640,78.2,39.8,37.5,13.4,9.2
IR-O-U-0448,2021,Bharathidasan University,Tiruchirappalli,Tamil Nadu,54.74,29.92,53.67,47.80,37.19,44.63,57,259,2645,10.21,806,87,54,10.8,461,266,55,156209883,845,16443,19.46,687,81.3,37.8,37.3,11.9,13.0
IR-O-U-0448,2022,Bharathidasan University,Tiruchirappalli,Tamil Nadu,57.72,32.56,61.80,48.10,37.17,47.98,57,256,2506,9.79,876,260,123,29.7,376,191,41,293946299,984,13952,14.18,835,84.9,31.9,37.7,17.1,13.3
IR-O-U-0448,2023,Bharathidasan University,Tiruchirappalli,Tamil Nadu,57.54,36.39,74.18,52.05,32.62,51.48,41,285,2777,9.74,827,326,201,39.4,454,265,59,288930305,1072,11273,10.52,879,82.0,32.1,37.7,17.7,12.5
IR-O-U-0448,2024,Bharathidasan University,Tiruchirappalli,Tamil Nadu,65.13,39.14,79.78,53.33,30.29,55.60,36,286,3115,10.89,1059,430,170,40.6,543,297,60,348595849,1244,10512,8.45,1062,85.4,31.3,40.8,15.6,12.3
IR-O-U-0448,2025,Bharathidasan University,Tiruchirappalli,Tamil Nadu,61.36,40.81,83.97,51.54,32.60,55.85,36,292,3083,10.56,1045,434,166,41.5,409,132,73,440294426,1218,4455,3.66,1054,86.5,32.0,34.2,19.2,14.7
IR-O-I-1361,2021,Bharati Vidyapeeth,Pune,Maharashtra,54.05,11.21,65.27,56.98,37.74,42.10,68,1993,23438,11.76,5758,2872,1124,49.9,696,2,87,123461730,134,1670,12.46,107,79.9,21.5,31.8,29.0,17.8
IR-O-I-1361,2022,Bharati Vidyapeeth,Pune,Maharashtra,57.47,11.05,67.95,56.11,37.93,43.54,76,2104,23524,11.18,4014,2567,701,64.0,1017,0,93,59799945,252,2338,9.28,193,76.6,18.1,23.3,34.2,24.4
IR-O-I-1361,2023,Bharati Vidyapeeth,Pune,Maharashtra,57.12,11.48,69.13,55.62,36.64,43.63,91,1805,21978,12.18,4198,2593,601,61.8,903,0,160,152323438,471,3361,7.14,293,62.2,18.8,26.3,29.0,25.9
IR-O-I-1361,2024,Bharati Vidyapeeth,Pune,Maharashtra,66.76,13.13,70.42,63.11,35.75,47.94,78,1743,24815,14.24,7568,4884,2108,64.5,753,0,237,214101027,648,3569,5.51,453,69.9,15.9,31.3,26.5,26.3
IR-O-I-1361,2025,Bharati Vidyapeeth,Pune,Maharashtra,69.93,20.18,71.84,66.73,32.98,51.37,59,1683,23726,14.1,7292,5280,1912,72.4,621,0,261,44508092,714,1411,1.98,484,67.8,19.0,22.9,30.4,27.7
IR-O-U-0202,2021,Birla Institute of Technology,Ranchi,Jharkhand,47.86,26.71,54.55,50.95,14.81,39.86,86,335,4566,13.63,1135,636,52,56.0,280,39,53,149542528,305,3726,12.22,238,78.0,20.2,38.2,13.4,28.2
IR-O-U-0202,2022,Birla Institute of Technology,Ranchi,Jharkhand,49.52,27.74,56.39,49.86,12.40,40.69,99,327,4632,14.17,1079,611,48,56.6,418,56,43,85398660,273,4963,18.18,200,73.3,44.5,35.0,12.5,8.0
IR-O-U-0202,2023,Birla Institute of Technology,Ranchi,Jharkhand,50.62,30.94,69.73,51.46,25.53,46.12,71,337,4860,14.42,1260,928,196,73.7,429,58,44,82001060,268,3540,13.21,204,76.1,30.9,38.7,12.3,18.1
IR-O-U-0202,2024,Birla Institute of Technology,Ranchi,Jharkhand,58.07,32.38,60.98,52.87,26.87,47.31,82,337,5422,16.09,1300,750,150,57.7,453,99,46,71253348,357,3628,10.16,292,81.8,46.6,31.5,13.7,8.2
IR-O-U-0202,2025,Birla Institute of Technology,Ranchi,Jharkhand,56.85,34.06,65.52,53.66,25.07,48.25,92,367,6122,16.68,1310,823,169,62.8,440,110,113,170534102,387,1278,3.3,311,80.4,39.5,36.0,11.6,12.9
IR-O-U-0391,2021,"Birla Institute of Technology and Science, Pilani",Pilani,Rajasthan,55.81,43.13,72.05,59.50,46.97,54.74,17,785,13171,16.78,2858,2439,217,85.3,954,283,323,339847243,600,15186,25.31,485,80.8,48.7,31.5,12.6,7.2
IR-O-U-0391,2022,"Birla Institute of Technology and Science, Pilani",Pilani,Rajasthan,59.27,46.74,73.45,58.76,43.08,56.68,18,835,14031,16.8,3489,3034,164,87.0,1171,326,320,442930430,646,13145,20.35,559,86.5,51.0,31.8,9.8,7.3
IR-O-U-0391,2023,"Birla Institute of Technology and Science, Pilani",Pilani,Rajasthan,61.65,56.26,74.65,59.16,17.71,58.00,20,900,13930,15.48,3706,3247,134,87.6,1348,360,301,513082486,795,10992,13.83,647,81.4,49.1,33.1,9.6,8.2
IR-O-U-0391,2024,"Birla Institute of Technology and Science, Pilani",Pilani,Rajasthan,66.06,57.83,75.19,58.49,19.68,60.03,19,979,14553,14.87,3764,3234,303,85.9,1408,392,257,330600706,856,8908,10.41,756,88.3,52.9,33.5,7.9,5.7
IR-O-U-0391,2025,"Birla Institute of Technology and Science, Pilani",Pilani,Rajasthan,72.16,63.27,77.74,61.42,49.19,67.24,7,1071,13551,12.65,3753,3394,330,90.4,1651,475,425,476006612,971,4795,4.94,845,87.0,55.3,33.0,6.2,5.6
IR-O-U-0570,2021,Calcutta University,Kolkata,West Bengal,66.20,43.92,91.72,60.98,45.77,62.06,4,1275,15224,11.94,6537,5156,1281,78.9,2588,1192,683,992007876,1471,36516,24.82,1165,79.2,35.0,32.1,17.3,15.6
IR-O-U-0570,2022,Calcutta University,Kolkata,West Bengal,67.46,40.85,95.48,61.90,44.50,62.23,8,1255,15609,12.44,685,559,126,81.6,2593,917,679,1401279356,1451,29483,20.32,1143,78.8,36.7,35.3,16.7,11.3
IR-O-U-0570,2023,Calcutta University,Kolkata,West Bengal,66.11,42.30,97.37,53.01,38.53,61.14,12,1255,14202,11.32,6695,4845,1850,72.4,1610,2069,648,921245785,1392,13096,9.41,1067,76.7,33.5,37.3,18.9,10.3
IR-O-U-0570,2024,Calcutta University,Kolkata,West Bengal,70.01,42.11,92.19,50.17,40.13,61.10,18,1219,13282,10.9,5991,4561,1398,76.1,1098,1743,142,146763387,1501,9943,6.62,1108,73.8,38.0,35.6,19.2,7.1
IR-O-U-0570,2025,Calcutta University,Kolkata,West Bengal,64.81,37.24,88.18,51.81,17.35,55.17,39,1206,11251,9.33,5616,3258,1109,58.0,1092,1710,275,149799014,1437,4233,2.95,1169,81.4,37.6,32.5,21.7,8.1
IR-O-U-0372,2021,Central University of Punjab,Bathinda,Punjab,51.13,17.39,53.26,62.10,25.74,39.99,84,149,1256,8.43,535,112,120,20.9,232,0,20,72605910,396,12200,30.81,318,80.3,38.4,38.1,13.2,10.4
IR-O-U-0372,2022,Central University of Punjab,Bathinda,Punjab,54.61,19.03,55.28,68.45,26.53,42.64,81,157,1945,12.39,655,104,79,15.9,352,0,13,43999967,535,12720,23.78,421,78.7,38.2,39.4,15.4,6.9
IR-O-U-0372,2023,Central University of Punjab,Bathinda,Punjab,49.81,24.54,58.44,59.86,29.47,42.93,100,182,1747,9.6,892,123,34,13.8,336,0,24,88704793,655,18864,28.8,542,82.7,47.6,35.8,11.8,4.8
IR-O-U-0372,2024,Central University of Punjab,Bathinda,Punjab,56.93,29.71,56.15,63.25,35.69,47.11,83,181,1870,10.33,813,97,36,11.9,523,0,46,64623445,736,29401,39.95,620,84.2,46.5,31.6,13.5,8.4
IR-O-U-0372,2025,Central University of Punjab,Bathinda,Punjab,58.52,32.58,60.73,66.40,34.05,49.53,77,208,1981,9.52,1037,120,40,11.6,557,14,53,138823394,849,9078,10.69,718,84.6,45.3,34.0,14.5,6.3
IR-O-U-0747,2021,Chandigarh University,Mohali,Punjab,57.48,14.24,63.40,75.44,44.23,46.15,52,1852,25593,13.82,5785,4190,1595,72.4,363,684,57,476278730,1196,22849,19.1,495,41.4,27.9,31.7,18.4,22.0
IR-O-U-0747,2022,Chandigarh University,Mohali,Punjab,63.04,22.16,69.27,78.62,45.83,51.85,29,2217,27145,12.24,6687,4693,1843,70.2,845,613,71,539271966,2636,46681,17.71,1650,62.6,29.5,44.9,12.8,12.8
IR-O-U-0747,2023,Chandigarh University,Mohali,Punjab,63.55,25.22,75.62,80.27,48.63,54.63,27,2658,29302,11.02,7576,5260,2316,69.4,951,652,120,631984600,5000,68705,13.74,2513,50.3,40.1,27.6,14.1,18.3
IR-O-U-0747,2024,Chandigarh University,Mohali,Punjab,68.50,39.66,78.18,77.52,41.19,59.96,20,2312,31167,13.48,7983,5817,2166,72.9,1006,601,148,641585000,5000,59139,11.83,2530,50.6,37.6,27.1,18.6,16.7
IR-O-U-0747,2025,Chandigarh University,Mohali,Punjab,65.11,49.13,78.05,74.25,39.74,61.27,19,2474,34261,13.85,8365,6057,2308,72.4,914,371,160,655277000,5000,24783,4.96,2852,57.0,36.6,31.5,18.1,13.8
IR-O-U-0451,2021,Chettinad Academy of Research and Education,,,61.18,6.64,56.44,57.30,19.02,39.26,92,235,2232,9.5,372,370,2,99.5,66,28,221,27025582,96,1532,15.96,79,82.3,26.6,25.3,26.6,21.5
IR-O-U-0451,2022,Chettinad Academy of Research and Education,,,63.69,8.60,61.40,61.21,19.54,42.04,93,243,2204,9.07,430,346,84,80.5,66,40,330,29558966,244,4062,16.65,199,81.6,20.1,28.1,15.6,36.2
IR-O-U-0451,2023,Chettinad Academy of Research and Education,,,65.79,10.72,61.97,64.22,31.12,44.88,82,245,2465,10.06,458,427,31,93.2,119,144,62,30498996,430,8294,19.29,354,82.3,34.5,28.5,20.9,16.1
IR-O-U-0451,2024,Chettinad Academy of Research and Education,,,70.87,15.32,61.46,65.48,30.99,47.80,79,254,2725,10.73,492,459,33,93.3,214,379,38,26139766,655,22801,34.81,576,87.9,42.7,22.0,22.2,13.0
IR-O-U-0451,2025,Chettinad Academy of Research and Education,,,74.72,22.57,62.00,64.48,30.28,51.06,61,275,3001,10.91,551,503,48,91.3,216,495,41,27205575,589,7735,13.13,538,91.3,42.4,25.1,19.9,12.6
IR-O-U-0253,2021,Cochin University of Science and Technology,Cochin,Kerala,54.37,29.63,70.28,52.70,28.41,47.37,44,208,2997,14.41,1042,265,171,25.4,551,326,120,224007539,738,11415,15.47,568,77.0,33.8,36.6,16.5,13.0
IR-O-U-0253,2022,Cochin University of Science and Technology,Cochin,Kerala,57.05,32.57,73.37,51.63,27.11,49.43,41,242,3113,12.86,1010,295,116,29.2,585,301,145,171791514,801,10550,13.17,639,79.8,30.2,37.6,20.8,11.4
IR-O-U-0253,2023,Cochin University of Science and Technology,Cochin,Kerala,62.40,34.36,73.79,51.74,33.67,52.33,37,268,3231,12.06,320,234,22,73.1,730,304,115,108458653,733,5974,8.15,578,78.9,35.5,33.9,20.4,10.2
IR-O-U-0253,2024,Cochin University of Science and Technology,Cochin,Kerala,71.68,35.53,73.76,56.10,34.31,55.95,34,304,3325,10.94,1101,700,155,63.6,737,160,139,853721689,896,5425,6.05,705,78.7,38.9,29.2,17.7,14.2
IR-O-U-0253,2025,Cochin University of Science and Technology,Cochin,Kerala,72.74,39.25,75.69,58.95,29.22,57.55,32,290,3298,11.37,1162,754,237,64.9,739,160,193,1215165139,911,2414,2.65,786,86.3,38.2,35.0,13.7,13.1
IR-O-U-0098,2021,Delhi Technological University,New Delhi,Delhi,54.52,29.82,65.95,59.25,36.07,48.01,42,823,9852,11.97,2085,1686,399,80.9,557,596,104,81000000,1674,28168,16.83,968,57.8,26.2,28.2,16.8,28.7
IR-O-U-0098,2022,Delhi Technological University,New Delhi,Delhi,57.93,32.46,66.55,57.34,38.10,49.97,38,901,10815,12.0,2382,1941,441,81.5,731,664,31,89404350,1853,28923,15.61,1174,63.4,26.0,36.3,18.3,19.4
IR-O-U-0098,2023,Delhi Technological University,New Delhi,Delhi,59.19,35.77,66.39,59.17,37.96,51.49,40,901,11989,13.31,2846,2366,480,83.1,750,667,29,90000000,1947,20242,10.4,1211,62.2,29.1,33.4,15.9,21.6
IR-O-U-0098,2024,Delhi Technological University,New Delhi,Delhi,63.18,37.87,67.50,56.65,38.35,53.31,48,1025,12850,12.54,2941,2398,543,81.5,731,637,15,79947708,1758,24894,14.16,1210,68.8,29.0,39.2,17.0,14.8
IR-O-U-0098,2025,Delhi Technological University,New Delhi,Delhi,64.13,41.43,71.27,56.21,33.40,54.88,42,1033,13189,12.77,3189,2613,576,81.9,773,608,15,54393604,1644,6131,3.73,1139,69.3,29.9,37.3,16.9,15.9
IR-O-I-1110,2021,Dr. D. Y. Patil Vidyapeeth,Pune,Maharashtra,65.15,14.45,63.29,61.56,40.41,46.74,49,651,4422,6.79,943,789,139,83.7,174,0,82,63182056,5,26,5.2,5,100.0,0.0,20.0,60.0,20.0
IR-O-I-1110,2022,Dr. D. Y. Patil Vidyapeeth,Pune,Maharashtra,69.78,19.22,64.27,61.30,37.63,49.43,41,583,4711,8.08,1158,945,189,81.6,200,0,60,20472568,7,16,2.29,7,100.0,0.0,57.1,42.9,0.0
IR-O-I-1110,2023,Dr. D. Y. Patil Vidyapeeth,Pune,Maharashtra,70.64,20.55,63.60,62.36,42.97,50.62,46,523,4947,9.46,1157,968,166,83.7,208,0,63,24351614,12,131,10.92,9,75.0,11.1,33.3,33.3,22.2
IR-O-I-1110,2024,Dr. D. Y. Patil Vidyapeeth,Pune,Maharashtra,74.46,26.12,63.10,61.74,56.22,54.59,44,497,5155,10.37,1306,1059,226,81.1,358,0,62,12884843,40,379,9.47,25,62.5,32.0,32.0,24.0,12.0
IR-O-I-1110,2025,Dr. D. Y. Patil Vidyapeeth,Pune,Maharashtra,74.43,27.91,65.77,62.66,47.82,54.90,41,504,5214,10.35,1287,1106,170,85.9,388,0,20,29491388,110,5153,46.85,52,47.3,48.1,5.8,19.2,26.9
IR-O-U-0052,2021,Gauhati University,Guwahati,Assam,55.17,19.05,83.56,58.40,25.34,47.35,45,380,5740,15.11,2180,522,887,23.9,1889,1079,96,375737442,526,7889,15.0,405,77.0,35.1,28.6,19.3,17.0
IR-O-U-0052,2022,Gauhati University,Guwahati,Assam,59.42,21.66,89.82,58.19,24.06,50.52,36,425,5590,13.15,2265,501,962,22.1,1923,1131,103,101170543,615,7637,12.42,520,84.6,28.3,31.2,23.7,16.9
IR-O-U-0052,2023,Gauhati University,Guwahati,Assam,45.71,18.20,89.34,48.61,22.01,44.10,88,429,13683,31.9,295,119,83,40.3,323,15,114,214663539,723,7736,10.7,580,80.2,31.7,32.2,20.0,16.0
IR-O-U-0052,2024,Gauhati University,Guwahati,Assam,71.82,24.11,88.28,60.98,23.19,54.86,40,438,5557,12.69,2355,610,1220,25.9,1282,426,118,437762328,779,5877,7.54,653,83.8,29.6,27.9,30.5,12.1
IR-O-U-0052,2025,Gauhati University,Guwahati,Assam,73.43,26.49,89.46,64.21,30.84,57.37,33,452,5299,11.72,2366,602,1357,25.4,1205,115,159,656120864,829,2036,2.46,692,83.5,29.8,29.8,28.6,11.8
IR-O-U-0555,2021,Graphic Era University,Dehradun,Uttarakhand,47.99,9.74,60.76,62.23,32.17,38.91,98,472,7584,16.07,1602,1020,327,63.7,91,63,92,137500000,505,11252,22.28,263,52.1,24.0,26.6,16.3,33.1
IR-O-U-0555,2022,Graphic Era University,Dehradun,Uttarakhand,57.05,12.55,61.98,67.62,37.70,43.82,74,547,7823,14.3,1279,715,260,55.9,109,239,43,39691480,1259,25987,20.64,678,53.9,30.1,42.0,16.1,11.8
IR-O-U-0555,2023,Graphic Era University,Dehradun,Uttarakhand,57.45,22.95,64.11,69.99,47.37,48.69,55,582,8025,13.79,1563,1149,377,73.5,191,166,55,6405692,2442,34498,14.13,958,39.2,41.5,29.9,12.7,15.9
IR-O-U-0555,2024,Graphic Era University,Dehradun,Uttarakhand,59.90,33.86,62.93,66.08,46.75,52.01,52,639,9167,14.35,901,584,152,64.8,169,342,21,5482266,4378,40513,9.25,1742,39.8,40.9,27.3,16.9,15.0
IR-O-U-0555,2025,Graphic Era University,Dehradun,Uttarakhand,60.52,41.01,62.97,63.43,45.33,53.92,48,794,11034,13.9,1251,512,324,40.9,212,388,8,5232587,3956,25812,6.52,2592,65.5,42.8,30.8,13.0,13.4
IR-O-U-0099,2021,Guru Gobind Singh Indraprastha University,New Delhi,Delhi,48.12,22.64,64.22,52.45,14.81,40.79,79,221,3281,14.85,919,444,200,48.3,377,386,30,44693477,406,7855,19.35,305,75.1,29.8,33.8,21.6,14.8
IR-O-U-0099,2022,Guru Gobind Singh Indraprastha University,New Delhi,Delhi,50.61,26.02,67.35,52.63,16.72,43.39,77,237,3494,14.74,949,500,186,52.7,459,413,68,49877987,386,7077,18.33,289,74.9,33.9,28.0,21.5,16.6
IR-O-U-0099,2023,Guru Gobind Singh Indraprastha University,New Delhi,Delhi,48.65,26.36,66.84,51.12,44.58,45.45,74,245,3469,14.16,1041,659,164,63.3,415,281,82,60735147,464,4253,9.17,348,75.0,29.9,26.1,19.3,24.7
IR-O-U-0099,2024,Guru Gobind Singh Indraprastha University,New Delhi,Delhi,56.43,25.51,67.74,54.12,41.24,47.66,80,290,4010,13.83,859,674,185,78.5,371,225,43,99154377,519,4894,9.43,380,73.2,31.3,31.3,20.8,16.6
IR-O-U-0099,2025,Guru Gobind Singh Indraprastha University,New Delhi,Delhi,57.48,25.67,68.57,54.39,39.23,48.01,93,374,5397,14.43,1154,1069,85,92.6,375,255,46,92118501,517,1532,2.96,358,69.2,34.4,25.4,22.6,17.6
IR-O-U-0304,2021,Homi Bhabha National Institute,Mumbai,Maharashtra,68.64,36.45,65.98,50.79,34.35,53.24,18,1074,1312,1.22,210,138,70,65.7,1992,0,943,1500326360,2166,35993,16.62,1982,91.5,51.5,33.0,10.9,4.6
IR-O-U-0304,2022,Homi Bhabha National Institute,Mumbai,Maharashtra,72.51,45.25,68.93,52.01,27.71,57.09,17,1046,1431,1.37,246,163,71,66.3,2226,0,956,2889072003,2625,33385,12.72,2400,91.4,51.3,34.2,9.8,4.6
IR-O-U-0304,2023,Homi Bhabha National Institute,Mumbai,Maharashtra,73.14,49.45,71.36,54.35,28.26,59.31,17,1137,1537,1.35,240,130,105,54.2,2144,0,500,5200875480,2719,29539,10.86,2547,93.7,51.7,35.0,9.5,3.8
IR-O-U-0304,2024,Homi Bhabha National Institute,Mumbai,Maharashtra,76.29,52.45,76.95,53.84,29.19,62.31,16,1184,1585,1.34,319,165,139,51.7,2368,0,581,7026084000,3040,32200,10.59,2756,90.7,54.4,31.0,9.8,4.9
IR-O-U-0304,2025,Homi Bhabha National Institute,Mumbai,Maharashtra,76.94,54.16,84.47,56.40,32.17,65.08,12,1211,1632,1.35,527,378,149,71.7,2371,0,776,10378616020,2956,9792,3.31,2781,94.1,52.2,33.3,11.3,3.2
IR-O-U-0220,2021,"Indian Institute of Science, Bengaluru",Bengaluru,Karnataka,79.13,91.48,78.23,58.39,100.00,82.67,1,464,1438,3.1,415,238,107,57.3,2619,135,1236,4452945226,5000,110813,22.16,4293,85.9,68.6,23.1,5.5,2.8
IR-O-U-0220,2022,"Indian Institute of Science, Bengaluru",Bengaluru,Karnataka,82.08,87.45,84.80,57.46,100.00,83.57,1,465,1642,3.53,459,273,134,59.5,2808,159,1594,5257220083,5000,83917,16.78,4285,85.7,70.4,22.5,5.3,1.8
IR-O-U-0220,2023,"Indian Institute of Science, Bengaluru",Bengaluru,Karnataka,82.43,88.45,80.57,59.23,98.56,83.16,1,482,1661,3.45,118,17,95,14.4,2750,148,1178,5437309580,5000,66652,13.33,4267,85.3,65.5,25.6,6.3,2.6
IR-O-U-0220,2024,"Indian Institute of Science, Bengaluru",Bengaluru,Karnataka,83.60,86.50,82.17,58.46,99.79,83.29,1,476,1793,3.77,510,248,134,48.6,2708,133,1343,5347726925,5000,47555,9.51,4442,88.8,68.4,24.0,4.5,3.1
IR-O-U-0220,2025,"Indian Institute of Science, Bengaluru",Bengaluru,Karnataka,86.47,88.16,83.69,60.29,98.89,85.05,1,481,2096,4.36,114,10,102,8.8,2637,135,1412,11118521445,5000,20914,4.18,4647,92.9,66.8,25.7,5.3,2.3
IR-O-U-0308,2021,Institute of Chemical Technology,Mumbai,Maharashtra,50.05,55.82,75.96,46.07,45.43,56.10,15,168,1853,11.03,523,225,100,43.0,511,106,170,312090703,2382,69183,29.04,2153,90.4,58.9,26.7,8.5,6.0
IR-O-U-0308,2022,Institute of Chemical Technology,Mumbai,Maharashtra,59.27,50.58,79.61,54.50,42.91,58.61,14,195,2098,10.76,535,261,119,48.8,407,45,114,252661675,2554,52146,20.42,2290,89.7,58.0,27.3,9.4,5.2
IR-O-U-0308,2023,Institute of Chemical Technology,Mumbai,Maharashtra,56.32,49.60,77.89,55.88,41.07,57.06,23,207,2340,11.3,580,290,114,50.0,549,92,197,415594558,2836,48236,17.01,2478,87.4,56.3,27.3,11.5,4.9
IR-O-U-0308,2024,Institute of Chemical Technology,Mumbai,Maharashtra,55.91,45.68,75.08,55.39,46.44,55.67,35,191,2365,12.38,701,424,63,60.5,465,109,171,298108295,2990,32056,10.72,2597,86.9,56.8,27.7,10.9,4.7
IR-O-U-0308,2025,Institute of Chemical Technology,Mumbai,Maharashtra,59.08,47.20,71.48,54.16,35.24,55.13,40,193,2398,12.42,741,406,110,54.8,452,86,219,477771727,2813,16187,5.75,2528,89.9,56.3,26.5,12.5,4.7
IR-O-U-0222,2021,JSS Academy of Higher Education and Research,Mysuru,Karnataka,63.04,19.39,66.70,70.04,37.19,48.79,34,813,5629,6.92,1430,818,612,57.2,219,112,112,68334119,161,3435,21.34,154,95.7,29.2,37.0,24.7,9.1
IR-O-U-0222,2022,JSS Academy of Higher Education and Research,Mysuru,Karnataka,68.12,21.40,69.04,69.37,35.88,51.20,34,874,7158,8.19,1311,775,536,59.1,305,197,117,117303771,253,4441,17.55,226,89.3,30.5,33.2,26.5,9.7
IR-O-U-0222,2023,JSS Academy of Higher Education and Research,Mysuru,Karnataka,68.52,23.47,69.35,74.68,39.44,52.88,34,892,7390,8.28,2265,1247,1018,55.1,353,201,125,260334043,237,9143,38.58,214,90.3,28.5,30.8,28.0,12.6
IR-O-U-0222,2024,JSS Academy of Higher Education and Research,Mysuru,Karnataka,76.68,32.12,69.66,76.95,34.55,57.74,24,803,6904,8.6,2038,1327,711,65.1,612,120,156,148947314,259,2183,8.43,198,76.4,30.3,33.8,26.8,9.1
IR-O-U-0222,2025,JSS Academy of Higher Education and Research,Mysuru,Karnataka,76.72,35.68,71.51,79.49,40.25,60.00,21,767,6620,8.63,2070,1340,730,64.7,721,79,155,225263878,300,952,3.17,241,80.3,34.4,29.5,28.2,7.9
IR-O-U-0575,2021,Jadavpur University,Kolkata,West Bengal,51.70,51.72,87.77,50.16,67.31,60.33,8,639,10985,17.19,3441,2372,1061,68.9,2814,0,262,435392251,2074,38754,18.69,1622,78.2,39.5,30.1,15.1,15.3
IR-O-U-0575,2022,Jadavpur University,Kolkata,West Bengal,63.57,53.73,90.10,56.86,64.67,65.37,4,834,10222,12.26,3731,2339,1392,62.7,2257,0,294,906971030,2140,28368,13.26,1629,76.1,37.0,36.1,15.3,11.5
IR-O-U-0575,2023,Jadavpur University,Kolkata,West Bengal,67.63,53.66,90.61,56.79,58.76,66.07,4,902,11282,12.51,3572,2038,1534,57.1,2288,0,213,275198783,2192,25922,11.83,1678,76.6,39.3,31.6,14.4,14.7
IR-O-U-0575,2024,Jadavpur University,Kolkata,West Bengal,68.83,51.35,89.92,49.94,63.74,65.39,9,907,10394,11.46,3256,2025,1231,62.2,2424,0,140,365928471,2311,16686,7.22,1760,76.2,38.0,33.2,14.7,14.0
IR-O-U-0575,2025,Jadavpur University,Kolkata,West Bengal,71.61,52.19,87.82,52.34,54.87,65.42,9,934,10816,11.58,2676,1733,933,64.8,2535,0,121,367112181,2182,7656,3.51,1713,78.5,37.1,32.7,14.9,15.2
IR-O-U-0223,2021,"Jain university, Bangalore",Bengluru,Karnataka,39.29,12.72,73.89,59.54,25.52,38.89,99,1013,17822,17.59,4149,2641,732,63.7,512,87,26,33287172,259,5571,21.51,151,58.3,27.2,29.8,17.9,25.2
IR-O-U-0223,2022,"Jain university, Bangalore",Bengluru,Karnataka,46.67,14.61,76.57,62.17,33.01,43.21,79,1186,19240,16.22,5354,3547,1112,66.2,604,92,16,29074248,512,5967,11.65,276,53.9,21.4,24.6,27.9,26.1
IR-O-U-0223,2023,"Jain university, Bangalore",Bengaluru,Karnataka,53.30,19.34,75.59,65.56,33.76,46.85,68,1357,20484,15.1,6105,4065,1497,66.6,735,100,30,57603387,1672,10447,6.25,680,40.7,21.9,17.1,13.5,47.5
IR-O-U-0223,2024,"Jain university, Bangalore",Bengaluru,Karnataka,59.87,23.80,72.52,64.94,33.76,49.47,65,1370,21650,15.8,6382,4335,1563,67.9,874,100,28,28566120,3576,15430,4.31,1113,31.1,35.2,29.3,14.4,21.1
IR-O-U-0223,2025,"Jain university, Bangalore",Bengaluru,Karnataka,59.10,29.35,71.84,64.86,35.46,50.95,62,1389,22242,16.01,5998,4083,1652,68.1,900,100,39,57318096,3577,13849,3.87,2534,70.8,33.4,34.3,19.7,12.7
IR-O-U-0107,2021,Jamia Hamdard,New Delhi,Delhi,57.82,27.62,69.75,60.64,23.67,48.02,41,473,5646,11.94,1518,457,214,30.1,591,0,66,132475101,519,15310,29.5,380,73.2,42.6,31.6,13.7,12.1
IR-O-U-0107,2022,Jamia Hamdard,New Delhi,Delhi,56.93,30.15,70.35,60.93,26.53,48.93,45,482,6413,13.3,1758,712,295,40.5,591,0,117,342615549,709,14515,20.47,491,69.3,42.4,31.2,14.7,11.8
IR-O-U-0107,2023,Jamia Hamdard,New Delhi,Delhi,56.02,32.49,70.37,66.02,26.19,49.85,49,531,6847,12.89,1649,997,420,60.5,797,19,132,231920100,671,11596,17.28,490,73.0,46.7,32.4,12.4,8.4
IR-O-U-0107,2024,Jamia Hamdard,New Delhi,Delhi,68.66,34.45,70.20,66.17,32.62,54.86,40,637,7707,12.1,2222,1561,651,70.3,516,46,133,224794060,648,12467,19.24,402,62.0,47.5,31.8,13.2,7.5
IR-O-U-0107,2025,Jamia Hamdard,New Delhi,Delhi,64.66,34.02,71.31,66.74,35.63,54.10,47,638,7963,12.48,2231,1742,471,78.1,496,56,110,228658177,647,4380,6.77,462,71.4,38.3,34.8,16.2,10.6
IR-O-U-0108,2021,"Jamia Millia Islamia, New Delhi",New Delhi,Delhi,66.44,43.43,86.67,72.35,32.17,60.74,6,742,8623,11.62,3082,1574,1478,51.1,1483,0,199,486864702,1380,35479,25.71,988,71.6,39.0,29.0,16.1,15.9
IR-O-U-0108,2022,"Jamia Millia Islamia, New Delhi",New Delhi,Delhi,68.16,47.38,92.46,81.14,46.50,65.91,3,752,8698,11.57,3033,1586,1447,52.3,1488,0,141,657668287,1596,37548,23.53,1173,73.5,37.9,33.5,16.6,12.0
IR-O-U-0108,2023,"Jamia Millia Islamia, New Delhi",New Delhi,Delhi,69.38,49.83,93.85,83.41,48.48,67.73,3,738,8723,11.82,3043,1702,1341,55.9,1512,0,180,779349473,1612,28473,17.66,1172,72.7,37.5,32.8,16.8,12.9
IR-O-U-0108,2024,"Jamia Millia Islamia, New Delhi",New Delhi,Delhi,71.29,49.28,92.72,83.10,50.85,68.11,3,740,8730,11.8,2659,1483,1176,55.8,1644,0,196,783988393,1515,37083,24.48,1071,70.7,45.8,31.0,14.7,8.5
IR-O-U-0108,2025,"Jamia Millia Islamia, New Delhi",New Delhi,Delhi,73.81,50.03,92.56,83.83,50.63,69.10,4,742,8721,11.75,2682,1721,961,64.2,1649,0,204,936667416,1463,10657,7.28,1117,76.3,41.4,31.1,15.5,12.1
IR-O-U-0109,2021,Jawaharlal Nehru University,New Delhi,Delhi,71.19,44.96,95.07,73.36,67.88,67.99,2,647,4272,6.6,319,28,46,8.8,4251,0,307,294177607,1542,32667,21.18,1095,71.0,49.9,32.2,12.3,5.6
IR-O-U-0109,2022,Jawaharlal Nehru University,New Delhi,Delhi,71.95,45.55,95.27,70.27,71.43,68.47,2,631,4615,7.31,331,38,283,11.5,4232,0,302,217895251,1577,22877,14.51,1151,73.0,47.6,33.6,12.5,6.3
IR-O-U-0109,2023,Jawaharlal Nehru University,New Delhi,Delhi,73.55,46.56,94.89,73.64,65.51,68.92,2,598,5348,8.94,1248,110,633,8.8,3845,0,298,298611768,1562,16490,10.56,1098,70.3,43.4,36.3,12.9,7.3
IR-O-U-0109,2024,Jawaharlal Nehru University,New Delhi,Delhi,74.93,45.27,97.34,72.28,70.39,69.80,2,693,5199,7.5,1343,138,550,10.3,4098,0,193,281390442,1606,13402,8.34,1073,66.8,44.9,34.8,13.0,7.3
IR-O-U-0109,2025,Jawaharlal Nehru University,New Delhi,Delhi,75.53,45.59,99.93,78.82,67.89,71.00,2,734,4914,6.69,1789,218,1571,12.2,2904,0,274,678674854,1527,4744,3.11,1105,72.4,45.8,32.4,16.5,5.3
IR-O-U-0458,2021,Kalasalingam Academy of Research and Education,Srivilliputtur,Tamil Nadu,56.74,21.81,65.20,73.06,26.14,46.52,50,526,6465,12.29,2070,1920,119,92.8,303,137,199,130627830,813,15792,19.42,439,54.0,29.6,34.2,18.0,18.2
IR-O-U-0458,2022,Kalasalingam Academy of Research and Education,Srivilliputtur,Tamil Nadu,60.10,26.46,71.20,74.72,34.05,51.09,35,546,7365,13.49,1893,1626,108,85.9,401,154,243,157946012,1004,13945,13.89,631,62.8,22.3,42.8,17.7,17.1
IR-O-U-0458,2023,Kalasalingam Academy of Research and Education,Srivilliputtur,Tamil Nadu,62.66,30.87,74.68,76.42,31.15,53.76,29,596,8049,13.51,2109,1926,142,91.3,484,148,237,1500000,1113,9596,8.62,585,52.6,24.4,33.2,21.7,20.7
IR-O-U-0458,2024,Kalasalingam Academy of Research and Education,Srivilliputhur,Tamil Nadu,69.75,32.36,74.56,74.30,37.35,56.71,30,628,8774,13.97,2059,1850,105,89.8,575,238,31,25047175,1321,8313,6.29,623,47.2,25.7,30.3,20.9,23.1
IR-O-U-0458,2025,Kalasalingam Academy of Research and Education,Krishnan Koil,Tamil Nadu,70.43,36.39,74.68,76.54,37.29,58.37,28,709,9937,14.02,2366,2000,147,84.5,582,236,28,25410374,1604,3728,2.32,624,38.9,27.9,30.9,24.7,16.5
IR-O-U-0523,2021,King George`s Medical University,Lucknow,Uttar Pradesh,64.39,27.23,62.97,57.57,23.67,48.21,39,434,2487,5.73,537,279,134,52.0,50,0,250,229200000,518,6993,13.5,417,80.5,32.4,24.2,24.2,19.2
IR-O-U-0523,2022,King George`s Medical University,Lucknow,Uttar Pradesh,66.33,26.31,63.36,55.83,24.70,48.51,50,435,2273,5.23,521,243,5,46.6,167,0,182,328492807,478,7136,14.93,424,88.7,28.3,29.2,26.2,16.3
IR-O-U-0523,2023,King George`s Medical University,Lucknow,Uttar Pradesh,70.83,26.63,63.34,56.64,30.64,50.63,45,518,3084,5.95,753,675,78,89.6,114,0,239,256845590,516,4036,7.82,456,88.4,29.8,29.6,25.9,14.7
IR-O-U-0523,2024,King George`s Medical University,Lucknow,Uttar Pradesh,72.12,27.45,62.81,56.24,30.56,51.10,53,522,2574,4.93,683,596,87,87.3,159,0,289,213985456,521,10967,21.05,463,88.9,25.7,25.3,33.0,16.0
IR-O-U-0523,2025,King George`s Medical University,Lucknow,Uttar Pradesh,75.27,30.37,62.46,60.52,28.98,53.13,50,379,3117,8.22,695,598,97,86.0,83,0,339,678623759,616,6985,11.34,583,94.6,29.0,25.4,29.0,16.6
IR-O-U-0020,2021,Koneru Lakshmaiah Education Foundation University (K L College of Engineering),Vaddeswaram,Andhra Pradesh,58.89,30.78,64.62,55.99,31.52,48.57,35,1085,14891,13.72,3645,1777,368,48.8,196,888,112,68305541,1218,15679,12.87,676,55.5,14.5,28.7,28.4,28.4
IR-O-U-0020,2022,Koneru Lakshmaiah Education Foundation University (K L College of Engineering),Vaddeswaram,Andhra Pradesh,61.22,36.63,67.04,56.83,38.82,52.33,27,1024,13951,13.62,3272,2008,442,61.4,266,609,142,74066000,1726,20264,11.74,1190,68.9,16.2,33.5,26.6,23.7
IR-O-U-0020,2023,Koneru Lakshmaiah Education Foundation University (K L College of Engineering),Vaddeswaram,Andhra Pradesh,62.02,40.74,69.49,57.63,40.28,54.52,28,971,13624,14.03,3114,1969,502,63.2,369,443,159,76184000,2613,27937,10.69,1417,54.2,22.1,29.7,23.0,25.2
IR-O-U-0020,2024,Koneru Lakshmaiah Education Foundation University (K L College of Engineering),Vaddeswaram,Andhra Pradesh,67.87,41.54,71.78,66.48,41.47,57.98,22,988,13824,13.99,3341,2234,912,66.9,449,443,234,103573102,3180,28284,8.89,2104,66.2,27.1,25.8,26.3,20.8
IR-O-U-0020,2025,Koneru Lakshmaiah Education Foundation University (K L College of Engineering),Vaddeswaram,Andhra Pradesh,69.03,45.33,73.12,66.74,32.72,58.87,26,985,13860,14.07,3129,2147,899,68.6,545,474,279,112408000,3334,13051,3.91,2189,65.7,24.9,26.7,25.6,22.8
IR-O-U-0379,2021,Lovely Professional University,Phagwara,Punjab,47.55,27.51,63.87,65.97,14.49,43.33,62,2129,31526,14.81,6797,3489,386,51.3,544,1792,116,43175836,2025,49572,24.48,1192,58.9,29.2,29.9,21.6,19.2
IR-O-U-0379,2022,Lovely Professional University,Phagwara,Punjab,56.40,34.71,66.11,69.33,14.40,48.92,47,2371,32833,13.85,8082,5166,487,63.9,620,1543,52,61513482,2592,54219,20.92,1675,64.6,30.1,33.6,18.3,17.9
IR-O-U-0379,2023,Lovely Professional University,Phagwara,Punjab,55.92,44.38,66.06,68.34,21.65,52.30,38,2226,31208,14.02,5921,4429,210,74.8,770,1353,176,49634900,4091,66182,16.18,2349,57.4,32.1,25.5,23.1,19.4
IR-O-U-0379,2024,Lovely Professional University,Phagwara,Punjab,57.10,49.75,66.63,69.81,45.47,56.92,27,1926,34871,18.11,7582,5934,561,78.3,731,1171,1014,2223000,5000,62924,12.58,2768,55.4,40.7,28.1,19.8,11.4
IR-O-U-0379,2025,Lovely Professional University,Phagwara,Punjab,58.10,49.40,69.31,69.89,46.72,57.77,31,2088,35676,17.09,7068,5747,483,81.3,899,1125,62,2119529,5000,24882,4.98,2875,57.5,40.3,28.8,20.2,10.7
IR-O-U-0463,2021,Madurai Kamaraj University,Madurai,Tamil Nadu,61.71,24.77,57.68,48.43,10.04,43.32,63,232,1444,6.22,71,29,3,40.8,598,721,53,70263777,325,5169,15.9,273,84.0,40.3,33.7,14.7,11.4
IR-O-U-0463,2022,Madurai Kamaraj University,Madurai,Tamil Nadu,63.33,24.04,65.24,52.47,38.82,48.39,52,247,1754,7.1,79,25,2,31.6,329,1040,166,196749081,352,5566,15.81,300,85.2,31.0,43.7,14.3,11.0
IR-O-U-0463,2023,Madurai Kamaraj University,Madurai,Tamil Nadu,63.47,24.45,68.37,51.80,37.31,48.95,53,211,1819,8.62,684,222,79,32.5,316,918,56,213147960,399,5692,14.27,329,82.5,34.3,38.9,15.8,10.9
IR-O-U-0463,2024,Madurai Kamaraj University,Madurai,Tamil Nadu,65.77,23.35,72.56,50.89,33.76,49.72,63,207,1870,9.03,747,233,62,31.2,334,770,112,136953582,427,3830,8.97,340,79.6,40.0,29.4,15.3,15.3
IR-O-U-0463,2025,Madurai Kamaraj University,Madurai,Tamil Nadu,63.91,23.79,70.90,49.62,36.16,49.07,85,183,1878,10.26,713,209,38,29.3,342,811,78,172409523,504,1750,3.47,438,86.9,31.7,25.6,23.5,19.2
IR-O-U-0262,2021,"Mahatma Gandhi University, Kottayam",Kottayam,Kerala,59.27,34.73,68.77,52.55,20.97,49.30,31,135,1137,8.42,476,94,81,19.7,367,128,91,983212544,546,20743,37.99,388,71.1,34.8,38.9,17.0,9.3
IR-O-U-0262,2022,"Mahatma Gandhi University, Kottayam",Kottayam,Kerala,65.16,36.16,70.48,51.18,19.92,51.61,30,146,1197,8.2,385,123,50,31.9,443,225,77,1350746799,1,18,18.0,1,100.0,100.0,0.0,0.0,0.0
IR-O-U-0262,2023,"Mahatma Gandhi University, Kottayam",Kottayam,Kerala,65.63,38.86,73.44,51.23,22.75,53.44,31,160,1307,8.17,398,125,56,31.4,378,184,76,1399179447,1,1,1.0,1,100.0,0.0,0.0,100.0,0.0
IR-O-U-0262,2024,"Mahatma Gandhi University, Kottayam",Kottayam,Kerala,71.36,37.27,70.97,51.09,32.86,55.18,37,186,1497,8.05,489,107,111,21.9,346,187,185,1515973524,2,4,2.0,0,0.0,,,,
IR-O-U-0262,2025,"Mahatma Gandhi University, Kottayam",Kottayam,Kerala,71.20,34.03,71.68,54.33,32.72,54.61,43,220,1751,7.96,480,138,60,28.7,506,323,156,2034207991,1,0,0.0,1,100.0,0.0,0.0,100.0,0.0
IR-O-U-0234,2021,"Manipal Academy of Higher Education, Manipal",Manipal,Karnataka,67.68,48.17,76.05,65.25,40.93,60.58,7,2661,23443,8.81,5060,3489,796,69.0,1035,51,407,264444975,2660,62817,23.62,2360,88.7,37.9,25.7,22.5,13.8
IR-O-U-0234,2022,"Manipal Academy of Higher Education, Manipal",Manipal,Karnataka,70.53,51.07,78.15,64.81,42.46,62.84,7,2617,23719,9.06,3983,2383,611,59.8,1147,62,383,232544804,3298,65118,19.74,2901,88.0,35.5,32.2,19.2,13.2
IR-O-U-0234,2023,"Manipal Academy of Higher Education, Manipal",Manipal,Karnataka,72.87,54.02,77.97,66.10,47.08,64.98,6,2740,23776,8.68,5546,3667,782,66.1,1159,381,356,318223448,3559,57352,16.11,3040,85.4,35.2,32.6,20.1,12.1
IR-O-U-0234,2024,"Manipal Academy of Higher Education, Manipal",Manipal,Karnataka,78.11,55.94,77.34,67.33,47.74,67.18,4,2854,24376,8.54,6080,4253,823,70.0,1691,657,385,350126083,4823,70742,14.67,4121,85.4,41.5,33.7,16.4,8.4
IR-O-U-0234,2025,"Manipal Academy of Higher Education, Manipal",Manipal,Karnataka,79.44,61.76,78.52,67.71,44.19,69.25,3,2938,25179,8.57,5793,3882,858,67.0,2167,1019,444,473138286,5000,27633,5.53,4490,89.8,48.2,28.9,14.9,8.0
IR-O-U-0318,2021,Mumbai University,Mumbai,Maharashtra,49.58,19.08,78.35,47.78,5.23,41.56,71,421,7295,17.33,3510,2002,1235,57.0,1123,0,28,199965654,419,6907,16.48,312,74.5,31.1,29.2,21.5,18.3
IR-O-U-0318,2022,Mumbai University,Mumbai,Maharashtra,55.16,22.52,82.54,55.95,35.08,48.93,45,445,7524,16.91,3429,2824,493,82.4,1147,0,39,256151168,467,6350,13.6,325,69.6,30.5,35.7,15.4,18.5
IR-O-U-0318,2023,Mumbai University,Mumbai,Maharashtra,56.15,17.82,86.24,56.27,35.47,48.63,56,456,7472,16.39,3397,2876,182,84.7,955,0,24,229655578,484,4875,10.07,318,65.7,32.4,30.8,17.3,19.5
IR-O-U-0318,2024,Mumbai University,Mumbai,Maharashtra,60.71,16.86,86.29,54.68,38.62,49.86,61,560,7460,13.32,3420,3032,207,88.7,1686,0,43,322971435,504,4068,8.07,341,67.7,29.0,30.8,21.7,18.5
IR-O-U-0318,2025,Mumbai University,Mumbai,Maharashtra,64.43,19.54,88.25,58.88,37.51,52.48,54,505,7706,15.26,3480,3257,194,93.6,2156,0,102,808462928,582,1611,2.77,384,66.0,31.0,26.6,22.7,19.8
IR-O-U-0235,2021,Mysore University,Mysuru,Karnataka,68.77,18.79,90.54,54.24,28.80,52.68,19,451,6165,13.67,2964,312,389,10.5,1146,0,110,117665402,460,9121,19.83,389,84.6,25.7,31.9,24.2,18.3
IR-O-U-0235,2022,Mysore University,Mysuru,Karnataka,68.90,16.81,90.68,53.79,21.36,51.37,33,438,6221,14.2,2984,1830,393,61.3,1170,0,41,115432000,475,7637,16.08,417,87.8,26.6,35.5,23.0,14.9
IR-O-U-0235,2023,Mysore University,Mysuru,Karnataka,67.43,18.61,87.02,54.62,21.51,50.82,44,427,6478,15.17,2961,931,332,31.4,350,565,84,51470388,442,5353,12.11,382,86.4,28.5,32.5,27.7,11.3
IR-O-U-0235,2024,Mysore University,Mysuru,Karnataka,70.80,19.35,79.51,57.96,22.91,51.04,54,436,6554,15.03,2938,1721,570,58.6,332,544,83,504384000,480,3563,7.42,404,84.2,30.2,30.7,26.2,12.9
IR-O-U-0235,2025,Mysore University,Mysuru,Karnataka,69.37,19.85,76.72,58.02,20.72,49.98,71,438,6549,14.95,3349,2078,715,62.0,376,198,92,541756582,525,1989,3.79,436,83.0,28.9,32.6,24.3,14.2
IR-O-U-0239,2021,NITTE,Mangaluru,Karnataka,60.34,7.25,57.87,67.37,24.51,41.04,77,604,4280,7.09,741,203,89,27.4,86,56,26,24220402,296,3324,11.23,257,86.8,16.0,18.7,33.5,31.9
IR-O-U-0239,2022,NITTE,Mangaluru,Karnataka,62.49,10.36,61.47,67.95,27.01,43.64,75,564,4333,7.68,748,297,38,39.7,111,73,32,26541008,442,4540,10.27,369,83.5,21.1,27.4,20.9,30.6
IR-O-U-0239,2023,NITTE,Mangaluru,Karnataka,63.85,18.72,61.97,69.22,29.94,47.07,65,566,4490,7.93,915,641,62,70.1,131,147,38,36727413,671,6106,9.1,497,74.1,23.3,25.8,29.4,21.5
IR-O-U-0239,2024,NITTE,Mangaluru,Karnataka,70.64,20.84,62.34,63.80,31.61,49.45,66,672,6447,9.59,949,773,71,81.5,172,266,64,39084293,971,5346,5.51,638,65.7,21.5,35.1,21.8,21.6
IR-O-U-0239,2025,NITTE,Mangaluru,Karnataka,69.91,21.81,62.75,60.02,31.95,49.26,80,795,9140,11.5,1319,1077,75,81.7,174,324,62,73128065,1890,5007,2.65,904,47.8,26.2,31.7,25.8,16.3
IR-O-U-0027,2021,Osmania University,Hyderabad,Telangana,52.04,28.16,79.86,51.62,39.67,49.16,32,428,7475,17.46,2858,1270,479,44.4,2953,2029,97,661257133,575,8261,14.37,423,73.6,21.5,32.6,27.4,18.4
IR-O-U-0027,2022,Osmania University,Hyderabad,Telangana,60.22,30.41,79.98,56.37,42.40,53.07,22,445,7224,16.23,2661,1920,582,72.2,2000,1200,88,524500000,762,8157,10.7,595,78.1,19.5,35.3,25.0,20.2
IR-O-U-0027,2023,Osmania University,Hyderabad,Telangana,58.74,31.24,81.26,57.91,36.40,52.67,36,429,7538,17.57,2931,2065,662,70.5,1800,1100,56,360000000,840,6750,8.04,618,73.6,16.3,29.9,29.4,24.3
IR-O-U-0027,2024,Osmania University,Hyderabad,Telangana,64.75,28.77,85.33,58.05,37.61,54.69,43,470,7719,16.42,2513,1100,356,43.8,1000,900,62,247500000,800,4110,5.14,617,77.1,17.2,27.2,29.2,26.4
IR-O-U-0027,2025,Osmania University,Hyderabad,Telangana,75.88,27.86,86.93,57.17,37.07,57.94,30,625,6894,11.03,2617,1393,569,53.2,1444,542,65,31760774,758,2270,2.99,565,74.5,23.4,29.6,25.0,22.1
IR-O-U-0078,2021,Panjab University,Chandigarh,Chandigarh,48.88,40.86,71.57,53.49,50.12,51.59,23,1005,15953,15.87,4055,990,224,24.4,2280,533,163,286749020,1647,46429,28.19,1244,75.5,47.1,31.8,13.3,7.8
IR-O-U-0078,2022,Panjab University,Chandigarh,Chandigarh,48.43,43.18,74.62,60.73,43.29,52.80,25,968,16944,17.5,1353,454,416,33.6,2747,0,187,270785340,1733,36601,21.12,1368,78.9,44.1,35.7,11.3,9.0
IR-O-U-0078,2023,Panjab University,Chandigarh,Chandigarh,51.09,46.65,75.77,59.92,43.96,54.86,25,971,16003,16.48,3866,1433,612,37.1,2400,454,261,217853669,1762,33477,19.0,1353,76.8,44.3,33.9,14.1,7.7
IR-O-U-0078,2024,Panjab University,Chandigarh,Chandigarh,54.31,42.01,74.07,63.38,50.68,55.11,38,969,16674,17.21,3684,1781,594,48.3,2489,421,275,198419807,1728,34357,19.88,1333,77.1,49.4,30.8,11.7,8.2
IR-O-U-0078,2025,Panjab University,Chandigarh,Chandigarh,56.77,41.58,80.37,65.25,47.82,56.88,35,950,13783,14.51,1468,1081,254,73.6,3097,0,143,417827398,1709,12279,7.18,1362,79.7,44.7,32.7,14.3,8.2
IR-O-U-0470,2021,Periyar University,Salem,Tamil Nadu,51.40,22.43,60.04,52.69,19.52,41.38,73,162,2084,12.86,895,255,110,28.5,355,212,15,24244584,416,10284,24.72,337,81.0,35.6,34.7,16.9,12.8
IR-O-U-0470,2022,Periyar University,Salem,Tamil Nadu,53.08,25.63,67.97,55.91,32.65,46.06,63,157,1957,12.46,826,223,123,27.0,377,199,18,27911045,504,8640,17.14,456,90.5,25.2,41.9,19.3,13.6
IR-O-U-0470,2023,Periyar University,Salem,Tamil Nadu,53.76,28.66,74.62,52.68,33.76,48.30,59,157,1986,12.65,808,197,152,24.4,366,178,26,21815834,432,5783,13.39,395,91.4,31.6,37.5,19.0,11.9
IR-O-U-0470,2024,Periyar University,Salem,Tamil Nadu,61.51,29.46,69.58,59.86,31.63,50.36,56,206,2245,10.9,781,175,131,22.4,324,198,11,24639447,468,4719,10.08,404,86.3,30.0,40.3,15.6,14.1
IR-O-U-0470,2025,Periyar University,Salem,Tamil Nadu,58.54,27.73,65.49,54.46,35.46,47.98,94,213,2077,9.75,727,193,70,26.5,272,260,9,2947986,451,1980,4.39,379,84.0,38.3,32.7,17.4,11.6
IR-O-U-0473,2021,S.R.M. Institute of Science and Technology,Chennai,Tamil Nadu,49.93,39.07,68.47,58.60,37.34,49.98,30,3350,48995,14.63,12734,8967,1067,70.4,1137,247,122,194569279,2560,49494,19.33,1806,70.5,35.3,31.3,16.6,16.7
IR-O-U-0473,2022,S.R.M. Institute of Science and Technology,Chennai,Tamil Nadu,57.91,45.28,71.41,62.54,47.60,56.24,19,3624,48246,13.31,12292,9497,2337,77.3,1437,719,87,117000516,4204,62865,14.95,3108,73.9,30.1,34.1,17.7,18.0
IR-O-U-0473,2023,S.R.M. Institute of Science and Technology,Chennai,Tamil Nadu,61.62,47.02,74.95,64.61,46.76,58.73,18,3884,49233,12.68,10128,9308,540,91.9,2015,915,147,221216772,5000,59567,11.91,3247,64.9,35.9,30.0,16.6,17.5
IR-O-U-0473,2024,S.R.M. Institute of Science and Technology,Chennai,Tamil Nadu,71.69,55.43,76.92,68.55,41.91,64.56,12,4120,53777,13.05,10579,9899,556,93.6,2010,961,391,282447565,5000,59907,11.98,3492,69.8,41.5,31.5,16.1,10.9
IR-O-U-0473,2025,S.R.M. Institute of Science and Technology,Chennai,Tamil Nadu,70.31,54.56,82.47,68.94,44.19,65.26,11,4466,60645,13.58,12198,10933,685,89.6,1760,881,127,203093412,5000,23052,4.61,3745,74.9,42.7,31.3,16.7,9.3
IR-O-N-10,2021,SVKM`s Narsee Monjee Institute of Management Studies,Mumbai,Maharashtra,63.31,14.77,63.13,60.92,32.97,45.44,55,574,6817,11.88,1998,1350,179,67.6,263,0,30,18360100,144,2533,17.59,73,50.7,30.1,26.0,24.7,19.2
IR-O-N-10,2022,SVKM`s Narsee Monjee Institute of Management Studies,Mumbai,Maharashtra,68.42,17.66,64.52,62.17,35.08,48.46,51,554,6883,12.42,2036,1446,391,71.0,252,0,29,20720821,176,3336,18.95,119,67.6,24.4,26.9,26.1,22.7
IR-O-N-10,2023,SVKM`s Narsee Monjee Institute of Management Studies,Mumbai,Maharashtra,70.37,21.34,64.97,64.61,33.51,50.31,47,554,6789,12.25,2178,1571,329,72.1,267,0,43,26126190,146,1961,13.43,88,60.3,28.4,25.0,17.0,29.5
IR-O-N-10,2024,SVKM`s Narsee Monjee Institute of Management Studies,Mumbai,Maharashtra,74.00,24.83,64.38,65.17,33.76,52.43,49,574,7241,12.61,2077,1500,325,72.2,245,0,35,35146932,152,804,5.29,80,52.6,28.7,26.2,12.5,32.5
IR-O-N-10,2025,SVKM`s Narsee Monjee Institute of Management Studies,Mumbai,Maharashtra,72.53,26.72,65.25,64.41,32.72,52.54,52,602,7979,13.25,2181,1775,385,81.4,266,0,26,26181426,173,327,1.89,90,52.0,21.1,33.3,14.4,31.1
IR-O-U-0474,2021,Sathyabama Institute of Science and Technology,Chennai,Tamil Nadu,54.06,34.00,64.82,64.68,23.23,48.17,40,1055,11939,11.32,3768,3264,422,86.6,295,737,131,182085960,1142,17847,15.63,683,59.8,25.5,23.9,16.1,34.6
IR-O-U-0474,2022,Sathyabama Institute of Science and Technology,Chennai,Tamil Nadu,56.99,29.87,65.82,65.05,34.50,49.18,43,1260,12480,9.9,2937,2085,477,71.0,323,693,135,193542500,1249,16579,13.27,849,68.0,23.6,37.1,19.0,20.4
IR-O-U-0474,2023,Sathyabama Institute of Science and Technology,Chennai,Tamil Nadu,53.39,35.72,64.67,66.38,29.46,49.26,51,1309,14173,10.83,2392,1900,377,79.4,209,829,145,214552500,1365,16014,11.73,801,58.7,29.1,31.2,21.1,18.6
IR-O-U-0474,2024,Sathyabama Institute of Science and Technology,Chennai,Tamil Nadu,59.05,36.30,63.32,70.64,38.37,52.16,51,1389,15623,11.25,3386,2709,585,80.0,404,528,158,225725203,1465,11120,7.59,796,54.3,33.2,27.9,21.2,17.7
IR-O-U-0474,2025,Sathyabama Institute of Science and Technology,Chennai,Tamil Nadu,61.34,31.31,68.96,72.96,36.39,52.52,53,1407,16658,11.84,4311,3821,402,88.6,552,362,176,59341089,3022,9318,3.08,1623,53.7,32.4,32.6,21.7,13.3
IR-O-I-1441,2021,Saveetha Institute of Medical and Technical Sciences,Chennai,Tamil Nadu,61.78,34.28,64.91,65.99,19.52,50.36,29,876,9797,11.18,2040,1834,148,89.9,155,570,5240,11132000,532,17989,33.81,330,62.0,29.7,41.8,11.2,17.3
IR-O-I-1441,2022,Saveetha Institute of Medical and Technical Sciences,Chennai,Tamil Nadu,56.29,43.01,69.46,65.97,21.71,52.45,26,831,10643,12.81,2060,1838,173,89.2,278,708,6270,89229138,2181,52533,24.09,1439,66.0,30.8,45.4,11.3,12.5
IR-O-I-1441,2023,Saveetha Institute of Medical and Technical Sciences,Chennai,Tamil Nadu,69.83,52.18,71.30,67.38,33.76,60.98,13,788,10624,13.48,2262,2024,234,89.5,341,652,5225,20703310,3656,68072,18.62,1892,51.8,48.2,30.8,12.5,8.6
IR-O-I-1441,2024,Saveetha Institute of Medical and Technical Sciences,Chennai,Tamil Nadu,72.59,60.87,72.82,66.07,34.05,64.62,11,900,11033,12.26,2501,2099,308,83.9,414,1021,3038,283062130,5000,63614,12.72,2881,57.6,46.5,27.6,15.5,10.4
IR-O-I-1441,2025,Saveetha Institute of Medical and Technical Sciences,Chennai,Tamil Nadu,76.12,56.28,73.63,71.44,34.49,65.04,13,1129,13987,12.39,2569,2119,447,82.5,658,849,59,31051289,5000,37943,7.59,3518,70.4,49.9,32.7,14.0,3.4
IR-O-U-0323,2021,Savitribai Phule Pune University,Pune,Maharashtra,62.95,42.77,86.96,50.92,41.49,58.34,11,712,4427,6.22,2270,792,116,34.9,1875,0,150,568083583,980,19792,20.2,757,77.2,39.9,29.3,17.4,13.3
IR-O-U-0323,2022,Savitribai Phule Pune University,Pune,Maharashtra,63.66,41.64,92.44,52.07,41.88,59.48,12,752,5163,6.87,2694,642,150,23.8,1400,0,95,304996410,1116,20723,18.57,881,78.9,38.9,36.1,16.9,8.1
IR-O-U-0323,2023,Savitribai Phule Pune University,Pune,Maharashtra,60.99,39.30,94.63,51.78,41.07,58.31,19,839,5871,7.0,2917,918,192,31.5,1789,0,60,389095394,1276,14828,11.62,923,72.3,30.3,32.2,22.3,15.2
IR-O-U-0323,2024,Savitribai Phule Pune University,Pune,Maharashtra,61.07,39.17,89.65,52.59,47.00,57.96,23,801,6004,7.5,2157,704,175,32.6,1389,0,70,74580443,1240,10480,8.45,930,75.0,35.5,34.3,18.5,11.7
IR-O-U-0323,2025,Savitribai Phule Pune University,Pune,Maharashtra,51.46,39.42,79.40,50.16,41.63,52.33,56,653,6220,9.53,1868,839,138,44.9,1263,0,128,338721516,1582,5597,3.54,1168,73.8,32.7,31.3,24.0,12.0
IR-O-U-0476,2021,Shanmugha Arts Science Technology and Research Academy,Thanjavur,Tamil Nadu,58.58,38.28,66.30,57.78,37.34,51.83,22,722,9851,13.64,2475,1986,298,80.2,413,208,114,179955920,606,14149,23.35,512,84.5,43.0,35.0,13.9,8.2
IR-O-U-0476,2022,Shanmugha Arts Science Technology and Research Academy,Thanjavur,Tamil Nadu,61.35,38.23,67.66,59.74,36.70,53.04,24,722,9835,13.62,2479,1773,187,71.5,431,179,87,397610718,633,12819,20.25,514,81.2,38.7,38.5,15.0,7.8
IR-O-U-0476,2023,Shanmugha Arts Science Technology and Research Academy,Thanjavur,Tamil Nadu,63.88,40.86,68.45,59.40,36.64,54.71,26,789,10360,13.13,2507,2036,245,81.2,406,134,87,117233514,587,8226,14.01,446,76.0,41.7,35.7,12.8,9.9
IR-O-U-0476,2024,Shanmugha Arts Science Technology and Research Academy,Thanjavur,Tamil Nadu,69.41,37.64,71.47,66.23,37.87,56.81,28,843,10769,12.77,2654,2192,272,82.6,414,155,73,539685492,564,5470,9.7,418,74.1,43.5,34.9,13.6,7.9
IR-O-U-0476,2025,Shanmugha Arts Science Technology and Research Academy,Thanjavur,Tamil Nadu,71.76,36.50,74.04,71.78,35.92,58.06,29,847,11847,13.99,2644,2154,289,81.5,686,127,84,290180703,755,2964,3.93,520,68.9,40.4,35.6,12.1,11.9
IR-O-U-0642,2021,Shiv Nadar University,Dadri,Uttar Pradesh,59.50,19.37,63.50,59.14,27.30,45.00,56,243,1845,7.59,569,358,51,62.9,228,3,56,48300000,2,9,4.5,1,50.0,0.0,0.0,100.0,0.0
IR-O-U-0642,2022,Shiv Nadar University,Dadri,Uttar Pradesh,63.53,20.75,64.70,61.38,22.06,46.57,61,246,2208,8.98,464,270,69,58.2,283,3,38,36900000,10,176,17.6,9,90.0,22.2,33.3,33.3,11.1
IR-O-U-0642,2023,Shiv Nadar University,Gautam Buddha Nagar,Uttar Pradesh,65.26,24.23,59.23,65.34,24.64,47.69,62,248,2538,10.23,393,240,72,61.1,364,4,53,34877000,17,171,10.06,14,82.4,14.3,57.1,14.3,14.3
IR-O-U-0642,2024,Shiv Nadar University,Gautam Buddha Nagar,Uttar Pradesh,71.43,25.51,59.74,66.79,20.86,49.80,62,273,2745,10.05,543,341,117,62.8,399,10,72,46955000,33,246,7.45,23,69.7,39.1,30.4,13.0,17.4
IR-O-U-0642,2025,Shiv Nadar University,Gautam Buddha Nagar,Uttar Pradesh,72.19,26.47,65.82,66.64,27.64,52.18,57,232,3002,12.94,809,486,148,60.1,456,11,50,77300680,33,49,1.48,19,57.6,47.4,26.3,5.3,21.1
IR-O-U-0190,2021,Shoolini University of Biotechnology and Management Sciences,Solan,Himachal Pradesh,43.21,23.06,64.69,54.60,12.52,39.53,89,245,3127,12.76,1001,255,121,25.5,186,0,7,12396232,570,27250,47.81,485,85.1,51.1,31.1,11.5,6.2
IR-O-U-0190,2022,Shoolini University of Biotechnology and Management Sciences,Solan,Himachal Pradesh,38.80,28.11,68.66,58.25,15.71,41.19,96,227,3478,15.32,1026,278,107,27.1,251,0,10,3152289,869,32812,37.76,725,83.4,53.7,34.8,6.6,5.0
IR-O-U-0190,2023,Shoolini University of Biotechnology and Management Sciences,Solan,Himachal Pradesh,46.00,34.09,68.98,65.08,14.21,45.76,73,265,3790,14.3,1042,314,205,30.1,257,0,12,12270963,800,23948,29.93,605,75.6,52.6,32.9,9.3,5.3
IR-O-U-0190,2024,Shoolini University of Biotechnology and Management Sciences,Solan,Himachal Pradesh,54.64,39.24,68.70,65.98,3.16,48.82,70,272,3851,14.16,1178,450,185,38.2,254,0,8,6802407,821,14086,17.16,605,73.7,54.2,30.7,11.4,3.6
IR-O-U-0190,2025,Shoolini University of Biotechnology and Management Sciences,Solan,Himachal Pradesh,43.95,46.29,68.77,65.33,28.00,50.16,69,207,4295,20.75,1110,375,181,33.8,337,0,15,14050723,758,6247,8.24,579,76.4,52.0,30.2,10.0,7.8
IR-O-U-0363,2021,Siksha `O` Anusandhan,Bhubaneswar,Odisha,63.89,29.92,71.34,65.89,33.30,52.34,20,1393,12912,9.27,3022,2674,234,88.5,826,179,67,75448000,875,13109,14.98,636,72.7,17.9,21.9,35.2,25.0
IR-O-U-0363,2022,Siksha `O` Anusandhan,Bhubaneswar,Odisha,68.30,35.58,73.45,68.40,49.08,57.60,16,1161,14033,12.09,2666,2184,389,81.9,1007,141,104,101038000,930,12616,13.57,738,79.4,19.2,34.0,17.2,29.5
IR-O-U-0363,2023,Siksha `O` Anusandhan,Bhubaneswar,Odisha,69.78,40.10,73.26,73.35,53.88,60.33,15,1206,15945,13.22,3278,2710,324,82.7,1204,149,71,92545000,1040,9947,9.56,735,70.7,23.4,31.7,21.5,23.4
IR-O-U-0363,2024,Siksha `O` Anusandhan,Bhubaneswar,Odisha,74.09,42.19,74.06,72.74,56.35,62.61,14,1280,17307,13.52,3851,3396,392,88.2,1156,119,88,97101000,1168,8922,7.64,825,70.6,28.1,31.6,18.7,21.6
IR-O-U-0363,2025,Siksha `O` Anusandhan,Bhubaneswar,Odisha,75.45,42.48,77.23,73.03,50.21,63.14,15,1366,19122,14.0,3996,3523,416,88.2,1194,132,102,103864000,2808,13918,4.96,1890,67.3,31.5,29.8,24.3,14.3
IR-O-I-1486,2021,Sri Ramachandra Institute of Higher Education and Research,Chennai,Tamil Nadu,64.83,18.35,61.13,64.73,35.23,47.17,47,747,6744,9.03,1472,814,575,55.3,209,103,82,143941830,366,3566,9.74,336,91.8,16.1,25.3,29.2,29.5
IR-O-I-1486,2022,Sri Ramachandra Institute of Higher Education and Research,Chennai,Tamil Nadu,69.68,17.07,64.33,65.08,34.74,48.87,48,750,7564,10.09,1303,616,322,47.3,153,117,227,233225319,459,3541,7.71,373,81.3,22.0,25.2,36.5,16.4
IR-O-I-1486,2023,Sri Ramachandra Institute of Higher Education and Research,Chennai,Tamil Nadu,68.85,18.53,62.74,62.90,35.47,48.61,57,755,8162,10.81,1719,1072,429,62.4,143,156,344,159991467,449,3140,6.99,361,80.4,19.1,33.0,31.9,16.1
IR-O-I-1486,2024,Sri Ramachandra Institute of Higher Education and Research,Chennai,Tamil Nadu,72.73,22.22,62.46,62.99,35.75,50.86,55,651,8635,13.26,1826,1122,571,61.4,177,257,299,582743692,483,1972,4.08,427,88.4,21.8,29.0,27.6,21.5
IR-O-I-1486,2025,Sri Ramachandra Institute of Higher Education and Research,Chennai,Tamil Nadu,72.40,24.68,62.69,62.86,34.00,51.35,60,662,8949,13.52,2075,1290,727,62.2,250,344,284,757589218,708,1092,1.54,622,87.9,20.1,28.3,25.7,25.9
IR-O-U-0329,2021,Symbiosis International,Pune,Maharashtra,61.83,18.50,64.52,72.16,40.04,48.22,38,1255,17488,13.93,5267,4286,913,81.4,314,576,101,55389561,651,19754,30.34,418,64.2,26.6,31.3,22.2,19.9
IR-O-U-0329,2022,Symbiosis International,Pune,Maharashtra,65.62,17.80,74.90,66.57,47.82,51.45,32,1258,16408,13.04,5858,4677,1177,79.8,584,167,82,59004884,969,22837,23.57,666,68.7,32.6,27.9,23.7,15.8
IR-O-U-0329,2023,Symbiosis International,Pune,Maharashtra,67.62,22.91,77.78,63.18,40.88,53.13,32,1177,16659,14.15,5476,4802,674,87.7,591,173,88,73788777,1908,31778,16.66,1020,53.5,28.0,28.0,20.5,23.4
IR-O-U-0329,2024,Symbiosis International,Pune,Maharashtra,72.53,27.49,78.53,64.79,42.14,56.41,31,1585,22845,14.41,5985,3998,173,66.8,657,161,104,100109423,2877,25816,8.97,1614,56.1,25.7,31.5,21.5,21.3
IR-O-U-0329,2025,Symbiosis International,Pune,Maharashtra,73.49,38.34,72.97,64.00,46.23,59.16,24,1530,21816,14.26,6244,3942,195,63.1,1064,207,272,150990542,3981,13115,3.29,2416,60.7,33.0,27.4,21.4,18.2
IR-O-U-0331,2021,Tata Institute of Social Sciences,Mumbai,Maharashtra,61.20,12.32,77.33,72.28,36.09,48.37,37,267,3163,11.85,1551,549,108,35.4,254,612,355,504087032,282,2873,10.19,187,66.3,43.3,30.5,19.8,6.4
IR-O-U-0331,2022,Tata Institute of Social Sciences,Mumbai,Maharashtra,56.66,10.45,78.36,75.42,38.23,47.16,60,434,4566,10.52,1485,879,171,59.2,440,386,388,293380071,288,2002,6.95,205,71.2,37.6,36.6,12.7,13.2
IR-O-U-0331,2023,Tata Institute of Social Sciences,Mumbai,Maharashtra,47.63,10.67,75.14,68.68,36.40,43.03,98,422,6251,14.81,1249,884,174,70.8,530,386,392,315287303,272,1530,5.62,212,77.9,44.3,33.0,14.2,8.5
IR-O-U-0331,2024,Tata Institute of Social Sciences,Mumbai,Maharashtra,66.96,15.83,71.49,72.19,38.37,50.20,58,275,3234,11.76,1206,872,179,72.3,563,0,370,316713386,277,1233,4.45,191,69.0,45.5,25.7,15.7,13.1
IR-O-U-0331,2025,Tata Institute of Social Sciences,Mumbai,Maharashtra,68.46,16.42,70.12,73.58,30.39,49.89,72,275,3392,12.33,1444,1015,392,70.3,346,193,261,330273724,240,451,1.88,172,71.7,51.2,21.5,15.7,11.6
IR-O-U-0056,2021,Tezpur University,Tezpur,Assam,58.32,30.02,61.65,52.17,32.14,47.27,46,291,3475,11.94,998,259,179,26.0,590,115,334,238237334,570,9328,16.36,459,80.5,37.0,31.6,15.3,16.1
IR-O-U-0056,2022,Tezpur University,Tezpur,Assam,59.71,27.49,63.29,50.67,35.88,47.48,59,275,3494,12.71,998,179,90,17.9,709,103,306,130324432,664,10208,15.37,502,75.6,40.0,37.5,11.6,11.0
IR-O-U-0056,2023,Tezpur University,Tezpur,Assam,56.40,28.70,64.99,51.52,30.17,46.70,69,293,3581,12.22,1278,271,136,21.2,796,109,253,112171912,691,8424,12.19,517,74.8,37.3,39.1,14.3,9.3
IR-O-U-0056,2024,Tezpur University,Tezpur,Assam,62.22,28.05,68.97,51.86,29.47,49.01,69,306,3602,11.77,959,236,195,24.6,795,141,108,163962763,803,6498,8.09,619,77.1,40.5,37.3,12.4,9.7
IR-O-U-0056,2025,Tezpur University,Tezpur,Assam,60.26,30.22,69.73,51.71,30.39,49.31,79,322,3718,11.55,960,169,189,17.6,957,50,120,127072210,880,3049,3.46,692,78.6,37.9,36.3,14.6,11.3
IR-O-I-1480,2021,Thapar Institute of Engineering and Technology (Deemed-to-be-university),Patiala,Punjab,50.44,42.26,67.30,56.35,37.52,50.65,26,555,8212,14.8,1661,1106,182,66.6,561,199,56,93013000,227,5852,25.78,196,86.3,49.5,34.7,10.2,5.6
IR-O-I-1480,2022,Thapar Institute of Engineering and Technology (Deemed-to-be-university),Patiala,Punjab,49.86,44.83,70.57,55.09,35.34,51.56,31,566,8959,15.83,1690,1207,190,71.4,563,147,66,84804000,218,3916,17.96,184,84.4,39.1,40.8,14.7,5.4
IR-O-I-1480,2023,Thapar Institute of Engineering and Technology (Deemed-to-be-university),Patiala,Punjab,62.01,49.73,72.17,64.05,29.71,57.32,22,728,10301,14.15,1752,1470,186,83.9,562,133,52,103620000,228,3897,17.09,195,85.5,48.7,39.5,9.7,2.1
IR-O-I-1480,2024,Thapar Institute of Engineering and Technology (Deemed-to-be-university),Patiala,Punjab,65.00,43.36,71.19,63.83,35.91,56.72,29,752,10465,13.92,2876,2334,288,81.2,528,132,44,108490000,211,2324,11.01,179,84.8,51.4,29.1,12.8,6.7
IR-O-I-1480,2025,Thapar Institute of Engineering and Technology (Deemed-to-be-university),Patiala,Punjab,68.42,45.12,72.16,65.69,37.95,58.87,26,788,11124,14.12,2647,2038,249,77.0,482,45,43,340729000,298,1386,4.65,222,74.5,50.9,34.7,10.4,4.1
IR-O-U-0120,2021,University of Delhi,Delhi,Delhi,42.65,54.23,82.66,59.60,55.37,57.09,12,1060,21615,20.39,7568,1038,1202,13.7,3700,0,341,500736706,3303,64550,19.54,2407,72.9,38.3,32.1,19.9,9.7
IR-O-U-0120,2022,University of Delhi,Delhi,Delhi,43.11,52.82,91.85,58.87,56.15,58.66,13,1135,23819,20.99,9905,1225,832,12.4,3652,0,434,559389437,3592,50692,14.11,2759,76.8,34.0,32.4,21.7,11.9
IR-O-U-0120,2023,University of Delhi,Delhi,Delhi,46.65,54.30,97.84,63.98,51.89,61.45,11,1226,26344,21.49,9630,1609,938,16.7,3702,0,553,555256974,3840,47550,12.38,2916,75.9,36.0,32.9,20.6,10.4
IR-O-U-0120,2024,University of Delhi,Delhi,Delhi,56.75,56.42,98.54,67.57,54.75,65.90,6,1402,22894,16.33,8894,1568,818,17.6,3502,0,444,491071150,4089,34928,8.54,3106,76.0,39.9,30.0,20.3,9.8
IR-O-U-0120,2025,University of Delhi,Delhi,Delhi,60.65,58.51,96.94,70.15,52.38,67.38,5,1189,20609,17.33,6407,2012,986,31.4,3595,0,479,751219345,4366,17254,3.95,3247,74.4,37.0,31.8,20.2,11.0
IR-O-U-0042,2021,University of Hyderabad,Hyderabad,Telangana,69.59,40.74,77.44,58.72,52.49,59.71,9,442,3428,7.76,1204,332,387,27.6,1758,15,319,356820612,1097,27334,24.92,900,82.0,50.3,33.7,9.9,6.1
IR-O-U-0042,2022,University of Hyderabad,Hyderabad,Telangana,70.94,40.18,83.97,63.50,52.39,61.71,10,423,4156,9.83,1545,285,506,18.4,1459,30,398,393003086,1123,17331,15.43,908,80.9,48.5,35.8,9.3,6.5
IR-O-U-0042,2023,University of Hyderabad,Hyderabad,Telangana,70.46,44.54,83.27,66.58,42.78,62.09,10,421,3940,9.36,1597,484,497,30.3,1332,55,378,304072791,1177,13164,11.18,967,82.2,45.7,37.8,11.0,5.5
IR-O-U-0042,2024,University of Hyderabad,Hyderabad,Telangana,72.69,45.58,81.39,62.26,41.92,62.18,17,412,3756,9.12,1184,551,277,46.5,1506,60,458,650934326,1142,11727,10.27,929,81.3,49.3,28.8,12.8,9.0
IR-O-U-0042,2025,University of Hyderabad,Hyderabad,Telangana,73.24,44.59,78.52,63.01,44.77,61.83,18,428,3887,9.08,1094,637,62,58.2,1455,42,455,1014356384,1151,2972,2.58,956,83.1,44.2,34.1,14.2,7.4
IR-O-U-0195,2021,University of Jammu,Jammu,Jammu and Kashmir,49.65,17.53,72.91,45.77,32.01,42.52,66,373,4212,11.29,1661,359,223,21.6,721,197,33,255783076,550,15637,28.43,429,78.0,42.0,27.7,18.6,11.7
IR-O-U-0195,2022,University of Jammu,Jammu,Jammu and Kashmir,64.90,19.12,74.83,46.63,31.92,48.03,56,398,4396,11.05,1742,230,252,13.2,646,130,40,197923676,692,14809,21.4,561,81.1,38.5,31.7,16.2,13.5
IR-O-U-0195,2023,University of Jammu,Jammu,Jammu and Kashmir,59.63,21.64,74.75,50.59,31.94,47.58,63,419,4362,10.41,1786,367,320,20.5,555,123,56,195141072,787,11094,14.1,635,80.7,40.9,31.5,16.1,11.5
IR-O-U-0195,2024,University of Jammu,Jammu,Jammu and Kashmir,72.95,23.43,74.91,52.72,31.63,52.33,50,322,4176,12.97,1933,496,375,25.7,569,79,72,298855422,838,9247,11.03,658,78.5,39.5,29.5,21.3,9.7
IR-O-U-0195,2025,University of Jammu,Jammu,Jammu and Kashmir,71.09,24.66,78.84,52.57,32.46,53.01,51,332,4010,12.08,1814,554,463,30.5,472,86,97,338391990,859,3912,4.55,702,81.7,40.3,31.3,18.7,9.7
IR-O-U-0196,2021,University of Kashmir,Srinagar,Jammu and Kashmir,60.49,19.51,77.03,50.12,25.52,46.97,48,552,8672,15.71,3304,509,472,15.4,1221,33,84,364048918,948,20615,21.75,676,71.3,38.8,32.5,19.8,8.9
IR-O-U-0196,2022,University of Kashmir,Srinagar,Jammu and Kashmir,60.58,21.23,79.56,51.37,26.65,48.27,53,568,8776,15.45,3251,457,422,14.1,1183,18,82,409105202,1208,23160,19.17,903,74.8,38.8,32.6,19.3,9.4
IR-O-U-0196,2023,University of Kashmir,Srinagar,Jammu and Kashmir,70.64,26.93,79.58,53.05,25.94,53.08,33,593,8289,13.98,3083,504,415,16.3,1091,54,108,374644089,1282,14884,11.61,946,73.8,37.0,34.7,18.7,9.6
IR-O-U-0196,2024,University of Kashmir,Srinagar,Jammu and Kashmir,71.14,31.25,79.72,51.14,26.56,54.43,45,644,8570,13.31,3221,588,424,18.3,1160,32,84,132519953,1201,10746,8.95,880,73.3,40.8,34.2,20.2,4.8
IR-O-U-0196,2025,University of Kashmir,Srinagar,Jammu and Kashmir,74.05,34.74,79.88,50.90,34.25,57.13,34,674,8914,13.23,3460,671,457,19.4,990,14,52,124445131,1333,4970,3.73,1045,78.4,40.0,34.8,17.1,8.0
IR-O-I-1357,2021,University of Madras,Chennai,Tamil Nadu,61.35,31.82,66.43,53.88,38.17,50.46,28,296,3105,10.49,1311,264,163,20.1,663,164,216,228734803,745,17914,24.05,622,83.5,32.3,41.8,17.2,8.7
IR-O-I-1357,2022,University of Madras,Chennai,Tamil Nadu,56.58,32.35,71.30,52.41,36.91,49.86,39,282,3200,11.35,1369,109,34,8.0,549,140,89,282233735,841,11123,13.23,740,88.0,33.4,38.8,13.4,14.5
IR-O-I-1357,2023,University of Madras,Chennai,Tamil Nadu,64.74,32.90,69.40,53.23,10.08,49.50,50,372,3465,9.31,1281,440,341,34.3,439,92,180,212005920,741,7882,10.64,608,82.1,37.8,38.7,16.3,7.2
IR-O-I-1357,2024,University of Madras,Chennai,Tamil Nadu,69.31,38.50,65.47,53.22,42.79,55.03,39,348,3489,10.03,1318,473,270,35.9,423,75,51,222156177,795,7707,9.69,671,84.4,40.7,35.3,16.5,7.5
IR-O-I-1357,2025,University of Madras,Chennai,Tamil Nadu,69.12,35.08,70.84,52.79,45.23,55.23,38,340,3384,9.95,1326,504,315,38.0,1022,464,88,235105776,722,3205,4.44,634,87.8,41.0,32.5,16.2,10.3
IR-O-U-0564,2021,University of Petroleum and Energy Studies,Dehradun,Uttarakhand,46.46,15.08,60.13,61.98,21.90,38.88,100,790,11609,14.69,3127,2136,136,68.3,28,503,24,9964261,935,21085,22.55,650,69.5,34.0,28.5,17.8,19.7
IR-O-U-0564,2022,University of Petroleum and Energy Studies,Dehradun,Uttarakhand,56.69,19.48,60.48,65.01,40.39,45.49,65,847,11878,14.02,3147,2207,55,70.1,34,493,13,25603375,1667,41423,24.85,1264,75.8,43.3,29.4,13.0,14.4
IR-O-U-0564,2023,University of Petroleum and Energy Studies,Dehradun,Uttarakhand,58.19,28.69,60.55,67.05,42.13,49.10,52,997,12204,12.24,3236,2535,190,78.3,89,472,23,40750355,1693,33968,20.06,1221,72.1,47.6,28.8,9.7,13.9
IR-O-U-0564,2024,University of Petroleum and Energy Studies,Dehradun,Uttarakhand,64.11,41.19,60.62,65.76,37.33,54.02,46,999,12163,12.18,2536,1983,224,78.2,298,436,20,15693049,1237,17960,14.52,823,66.5,47.4,30.6,10.3,11.7
IR-O-U-0564,2025,University of Petroleum and Energy Studies,Dehradun,Uttarakhand,62.97,45.60,60.78,65.41,31.66,54.44,45,1048,14064,13.42,3139,2435,198,77.6,292,231,27,43199371,860,5918,6.88,620,72.1,45.0,31.5,12.6,11.0
IR-O-U-0490,2021,Vellore Institute of Technology,Vellore,Tamil Nadu,48.43,56.83,69.94,59.38,51.16,56.63,13,2129,36502,17.15,8772,4642,1499,52.9,1589,1375,105,92024003,3701,74710,20.19,2661,71.9,31.2,33.6,15.7,19.5
IR-O-U-0490,2022,Vellore Institute of Technology,Vellore,Tamil Nadu,52.72,59.82,79.43,59.07,62.02,61.77,9,2633,38593,14.66,8570,4839,1194,56.5,2901,1129,105,106344496,4892,91254,18.65,3833,78.4,29.6,34.8,18.6,17.0
IR-O-U-0490,2023,Vellore Institute of Technology,Vellore,Tamil Nadu,55.66,63.59,80.43,62.55,61.99,64.33,8,3208,47261,14.73,9884,6200,1336,62.7,2951,834,127,102504169,5000,76569,15.31,3801,76.0,37.5,34.5,16.3,11.8
IR-O-U-0490,2024,Vellore Institute of Technology,Vellore,Tamil Nadu,61.51,61.95,79.42,61.11,57.55,64.79,10,3326,51740,15.56,10830,7409,1352,68.4,3808,603,146,139337324,5000,57713,11.54,4094,81.9,47.3,31.6,13.2,7.9
IR-O-U-0490,2025,Vellore Institute of Technology,Vellore,Tamil Nadu,60.55,59.53,83.42,60.61,58.81,64.64,14,3352,54254,16.19,10701,6490,1722,60.6,4516,626,201,202868433,5000,26112,5.22,4292,85.8,50.9,31.5,12.2,5.4
IR-O-U-0043,2021,"Vignan's Foundation for Science, Technology and Research",Guntur,Andhra Pradesh,49.40,15.25,60.65,56.03,18.00,38.92,97,537,7127,13.27,214,192,13,89.7,146,466,237,24490800,13,89,6.85,11,84.6,0.0,36.4,45.5,18.2
IR-O-U-0043,2022,"Vignan's Foundation for Science, Technology and Research",Guntur,Andhra Pradesh,52.38,18.96,59.77,56.33,28.06,41.79,95,606,7072,11.67,298,269,20,90.3,242,470,214,60118800,13,112,8.62,13,100.0,7.7,38.5,38.5,15.4
IR-O-U-0043,2023,"Vignan's Foundation for Science, Technology and Research",Guntur,Andhra Pradesh,54.66,25.37,59.83,62.00,32.19,45.40,75,628,7111,11.32,294,239,50,81.3,318,276,288,115006960,6,90,15.0,6,100.0,16.7,16.7,66.7,0.0
IR-O-U-0043,2024,"Vignan's Foundation for Science, Technology and Research",Guntur,Andhra Pradesh,61.91,24.36,63.45,64.00,34.78,48.45,72,612,7314,11.95,353,288,59,81.6,502,158,205,31718900,12,66,5.5,11,91.7,9.1,54.5,27.3,9.1
IR-O-U-0043,2025,"Vignan's Foundation for Science, Technology and Research",Guntur,Andhra Pradesh,65.04,21.69,66.42,69.14,38.54,50.06,70,654,8884,13.58,347,270,60,77.8,552,168,154,66774856,5,21,4.2,4,80.0,0.0,75.0,0.0,25.0
