year,institute_id,name,city,state,tlr_score,rpc_score,go_score,oi_score,pr_score,overall_score,rank,faculty_count,phd_fulltime_current,phd_parttime_current,phd_graduated_fulltime_y1,phd_graduated_parttime_y1,phd_graduated_fulltime_y2,phd_graduated_parttime_y2,phd_graduated_fulltime_y3,phd_graduated_parttime_y3,sponsored_projects_y1,sponsored_projects_y2,sponsored_projects_y3,sponsored_funding_agencies_y1,sponsored_funding_agencies_y2,sponsored_funding_agencies_y3,sponsored_amount_y1,sponsored_amount_y2,sponsored_amount_y3,pdf_url,parse_status,faculty_section_raw
,,,,,,,,,,,,,2614,0,351,0,324,0,289,0,,,,,,,,,,,ok,
,,,,,,,,,,,,,4594,0,622,0,639,0,601,0,,,,,,,,,,,ok,
,,,,,,,,,,,,,3652,230,480,221,438,292,556,441,,,,,,,,,,,ok,
,,,,,,,,,,,,,1415,11,210,0,228,4,249,5,,,,,,,,,,,ok,
,,,,,,,,,,,,,1420,1897,529,234,269,228,258,211,,,,,,,,,,,ok,
,,,,,,,,,,,,,2659,0,397,0,405,0,373,0,,,,,,,,,,,ok,
,,,,,,,,,,,,,1318,1112,117,106,158,122,148,117,,,,,,,,,,,ok,
,,,,,,,,,,,,,533,179,65,28,46,16,49,18,,,,,,,,,,,ok,
,,,,,,,,,,,,,675,37,227,0,102,0,78,0,,,,,,,,,,,ok,
,,,,,,,,,,,,,1317,0,278,0,196,0,233,0,,,,,,,,,,,ok,
,,,,,,,,,,,,,2821,193,312,10,387,16,345,16,,,,,,,,,,,ok,
,,,,,,,,,,,,,1440,0,309,0,266,0,276,0,,,,,,,,,,,ok,
,,,,,,,,,,,,,3634,0,607,0,578,0,693,0,,,,,,,,,,,ok,
,,,,,,,,,,,,,453,215,101,30,102,47,115,37,,,,,,,,,,,ok,
,,,,,,,,,,,,,563,73,137,3,95,0,91,1,,,,,,,,,,,ok,
,,,,,,,,,,,,,851,1124,346,217,191,142,201,170,,,,,,,,,,,ok,
,,,,,,,,,,,,,2017,0,269,0,262,0,230,0,,,,,,,,,,,ok,
,,,,,,,,,,,,,348,0,84,0,106,0,60,0,,,,,,,,,,,ok,
,,,,,,,,,,,,,1377,1625,136,51,134,52,84,24,,,,,,,,,,,ok,
,,,,,,,,,,,,,864,209,207,30,226,27,246,26,,,,,,,,,,,ok,
,,,,,,,,,,,,,2606,0,324,0,325,0,298,0,,,,,,,,,,,ok,
,,,,,,,,,,,,,741,327,240,84,257,110,192,82,,,,,,,,,,,ok,
,,,,,,,,,,,,,605,214,105,8,49,11,69,25,,,,,,,,,,,ok,
,,,,,,,,,,,,,446,239,82,8,35,14,34,13,,,,,,,,,,,ok,
,,,,,,,,,,,,,34,0,16,0,20,0,32,0,,,,,,,,,,,ok,
,,,,,,,,,,,,,1941,1267,282,189,432,288,384,256,,,,,,,,,,,ok,
,,,,,,,,,,,,,424,206,28,49,39,67,19,40,,,,,,,,,,,ok,
,,,,,,,,,,,,,566,805,47,66,75,77,57,66,,,,,,,,,,,ok,
,,,,,,,,,,,,,427,119,50,37,35,21,53,26,,,,,,,,,,,ok,
,,,,,,,,,,,,,333,261,61,46,63,40,83,36,,,,,,,,,,,ok,
,,,,,,,,,,,,,1020,0,77,0,62,0,52,0,,,,,,,,,,,ok,
,,,,,,,,,,,,,409,152,146,61,115,39,106,50,,,,,,,,,,,ok,
,,,,,,,,,,,,,727,66,193,8,166,14,146,21,,,,,,,,,,,ok,
,,,,,,,,,,,,,165,68,31,6,25,9,17,7,,,,,,,,,,,ok,
,,,,,,,,,,,,,1127,0,154,0,149,0,123,0,,,,,,,,,,,ok,
,,,,,,,,,,,,,105,438,27,43,21,34,17,22,,,,,,,,,,,ok,
,,,,,,,,,,,,,757,506,122,78,75,59,71,57,,,,,,,,,,,ok,
,,,,,,,,,,,,,520,0,63,0,123,0,106,0,,,,,,,,,,,ok,
,,,,,,,,,,,,,969,0,122,0,108,0,123,0,,,,,,,,,,,ok,
,,,,,,,,,,,,,363,234,29,34,21,25,18,19,,,,,,,,,,,ok,
,,,,,,,,,,,,,187,1402,29,56,16,42,34,89,,,,,,,,,,,ok,
,,,,,,,,,,,,,1247,2178,105,256,71,164,124,357,,,,,,,,,,,ok,
,,,,,,,,,,,,,132,407,23,92,2,28,1,23,,,,,,,,,,,ok,
,,,,,,,,,,,,,130,10,72,0,109,0,152,0,,,,,,,,,,,ok,
,,,,,,,,,,,,,590,742,110,115,99,120,91,79,,,,,,,,,,,ok,
,,,,,,,,,,,,,151,0,17,0,16,0,23,0,,,,,,,,,,,ok,
,,,,,,,,,,,,,395,370,45,26,31,22,20,17,,,,,,,,,,,ok,
,,,,,,,,,,,,,894,5,338,18,196,12,182,10,,,,,,,,,,,ok,
,,,,,,,,,,,,,417,456,237,156,173,116,142,96,,,,,,,,,,,ok,
,,,,,,,,,,,,,96,958,21,26,12,16,15,2,,,,,,,,,,,ok,
,,,,,,,,,,,,,393,0,78,0,72,0,68,0,,,,,,,,,,,ok,
,,,,,,,,,,,,,163,3,16,0,2,0,0,0,,,,,,,,,,,ok,
,,,,,,,,,,,,,854,47,160,12,132,15,114,12,,,,,,,,,,,ok,
,,,,,,,,,,,,,103,148,161,341,111,224,107,368,,,,,,,,,,,ok,
,,,,,,,,,,,,,665,409,173,52,134,51,113,61,,,,,,,,,,,ok,
,,,,,,,,,,,,,62,444,1,17,4,22,7,12,,,,,,,,,,,ok,
,,,,,,,,,,,,,210,96,14,6,25,0,15,0,,,,,,,,,,,ok,
,,,,,,,,,,,,,420,1468,39,78,19,40,15,25,,,,,,,,,,,ok,
,,,,,,,,,,,,,225,100,26,14,22,14,35,27,,,,,,,,,,,ok,
,,,,,,,,,,,,,529,331,108,34,101,34,83,36,,,,,,,,,,,ok,
,,,,,,,,,,,,,1046,0,282,0,184,0,180,0,,,,,,,,,,,ok,
,,,,,,,,,,,,,739,2,77,0,83,0,71,0,,,,,,,,,,,ok,
,,,,,,,,,,,,,400,0,35,0,20,0,22,0,,,,,,,,,,,ok,
,,,,,,,,,,,,,591,242,78,30,54,30,55,39,,,,,,,,,,,ok,
,,,,,,,,,,,,,596,411,64,83,51,48,51,41,,,,,,,,,,,ok,
,,,,,,,,,,,,,315,346,8,22,27,20,25,34,,,,,,,,,,,ok,
,,,,,,,,,,,,,211,0,70,0,44,0,45,0,,,,,,,,,,,ok,
,,,,,,,,,,,,,344,223,102,63,74,37,67,26,,,,,,,,,,,ok,
,,,,,,,,,,,,,48,68,12,8,14,7,14,5,,,,,,,,,,,ok,
,,,,,,,,,,,,,46,114,3,17,2,29,0,18,,,,,,,,,,,ok,
,,,,,,,,,,,,,65,47,15,6,3,10,17,9,,,,,,,,,,,ok,
,,,,,,,,,,,,,14,37,0,2,0,3,0,2,,,,,,,,,,,ok,
,,,,,,,,,,,,,245,386,51,63,51,43,62,34,,,,,,,,,,,ok,
,,,,,,,,,,,,,602,228,165,42,95,25,81,20,,,,,,,,,,,ok,
,,,,,,,,,,,,,298,265,51,26,64,23,51,38,,,,,,,,,,,ok,
,,,,,,,,,,,,,727,0,60,0,58,0,66,0,,,,,,,,,,,ok,
,,,,,,,,,,,,,469,64,26,6,68,3,31,4,,,,,,,,,,,ok,
,,,,,,,,,,,,,18,0,6,0,8,0,6,0,,,,,,,,,,,ok,
,,,,,,,,,,,,,75,8,76,6,35,0,42,0,,,,,,,,,,,ok,
,,,,,,,,,,,,,183,0,64,0,43,0,53,0,,,,,,,,,,,ok,
,,,,,,,,,,,,,1008,0,156,0,126,0,127,0,,,,,,,,,,,ok,
,,,,,,,,,,,,,120,59,9,3,16,0,8,1,,,,,,,,,,,ok,
,,,,,,,,,,,,,205,0,43,0,60,0,32,0,,,,,,,,,,,ok,
,,,,,,,,,,,,,333,181,75,19,65,41,46,7,,,,,,,,,,,ok,
,,,,,,,,,,,,,719,478,76,39,383,226,236,152,,,,,,,,,,,ok,
,,,,,,,,,,,,,162,546,21,83,6,104,10,113,,,,,,,,,,,ok,
,,,,,,,,,,,,,335,406,49,29,37,27,34,42,,,,,,,,,,,ok,
,,,,,,,,,,,,,130,0,16,0,10,0,19,0,,,,,,,,,,,ok,
,,,,,,,,,,,,,134,342,31,121,25,93,21,115,,,,,,,,,,,ok,
,,,,,,,,,,,,,1173,0,254,0,224,0,192,0,,,,,,,,,,,ok,
,,,,,,,,,,,,,207,0,209,0,151,19,139,16,,,,,,,,,,,ok,
,,,,,,,,,,,,,149,366,17,28,21,38,14,21,,,,,,,,,,,ok,
,,,,,,,,,,,,,273,149,87,51,64,34,90,40,,,,,,,,,,,ok,
,,,,,,,,,,,,,157,123,27,25,36,3,23,2,,,,,,,,,,,ok,
,,,,,,,,,,,,,45,58,1,13,0,8,3,19,,,,,,,,,,,ok,
,,,,,,,,,,,,,173,0,29,0,8,0,5,0,,,,,,,,,,,ok,
,,,,,,,,,,,,,543,362,155,104,139,93,207,97,,,,,,,,,,,ok,
,,,,,,,,,,,,,935,0,163,0,188,0,245,0,,,,,,,,,,,ok,
,,,,,,,,,,,,,258,0,53,0,42,0,14,0,,,,,,,,,,,ok,
,,,,,,,,,,,,,251,0,96,0,39,0,37,0,,,,,,,,,,,ok,
,,,,,,,,,,,,,2595,133,402,23,351,17,324,12,,,,,,,,,,,ok,
,,,,,,,,,,,,,4123,0,805,0,622,0,639,0,,,,,,,,,,,ok,
,,,,,,,,,,,,,3712,267,502,235,480,221,438,292,,,,,,,,,,,ok,
,,,,,,,,,,,,,311,524,130,19,76,20,56,14,,,,,,,,,,,ok,
,,,,,,,,,,,,,2705,0,366,0,397,0,405,0,,,,,,,,,,,ok,
,,,,,,,,,,,,,1287,10,260,4,210,0,229,0,,,,,,,,,,,ok,
,,,,,,,,,,,,,1809,1762,323,276,529,234,269,228,,,,,,,,,,,ok,
,,,,,,,,,,,,,869,48,237,0,227,0,102,0,,,,,,,,,,,ok,
,,,,,,,,,,,,,1645,0,264,0,278,0,196,0,,,,,,,,,,,ok,
,,,,,,,,,,,,,1576,0,360,0,309,0,266,0,,,,,,,,,,,ok,
,,,,,,,,,,,,,3404,0,592,0,607,0,578,0,,,,,,,,,,,ok,
,,,,,,,,,,,,,1091,779,108,71,117,106,158,122,,,,,,,,,,,ok,
,,,,,,,,,,,,,378,272,116,146,101,30,102,47,,,,,,,,,,,ok,
,,,,,,,,,,,,,2041,0,275,0,269,0,262,0,,,,,,,,,,,ok,
,,,,,,,,,,,,,748,240,76,17,105,8,49,11,,,,,,,,,,,ok,
,,,,,,,,,,,,,1247,1417,166,130,136,51,134,52,,,,,,,,,,,ok,
,,,,,,,,,,,,,33,219,8,15,10,10,8,16,,,,,,,,,,,ok,
,,,,,,,,,,,,,538,106,135,7,137,3,95,0,,,,,,,,,,,ok,
,,,,,,,,,,,,,1099,751,244,206,346,217,191,142,,,,,,,,,,,ok,
,,,,,,,,,,,,,580,121,79,9,82,8,35,14,,,,,,,,,,,ok,
,,,,,,,,,,,,,452,0,61,0,82,0,105,0,,,,,,,,,,,ok,
,,,,,,,,,,,,,663,187,130,58,207,30,226,27,,,,,,,,,,,ok,
,,,,,,,,,,,,,932,391,278,116,240,110,257,84,,,,,,,,,,,ok,
,,,,,,,,,,,,,1111,0,85,0,77,0,62,0,,,,,,,,,,,ok,
,,,,,,,,,,,,,387,293,30,14,29,34,21,25,,,,,,,,,,,ok,
,,,,,,,,,,,,,1676,829,433,0,324,0,325,0,,,,,,,,,,,ok,
,,,,,,,,,,,,,1687,0,384,0,537,0,323,0,,,,,,,,,,,ok,
,,,,,,,,,,,,,215,110,40,19,46,8,31,12,,,,,,,,,,,ok,
,,,,,,,,,,,,,2941,2017,86,433,282,189,432,288,,,,,,,,,,,ok,
,,,,,,,,,,,,,241,159,74,24,61,46,63,40,,,,,,,,,,,ok,
,,,,,,,,,,,,,478,323,35,44,28,49,39,67,,,,,,,,,,,ok,
,,,,,,,,,,,,,16,0,17,0,16,0,17,0,,,,,,,,,,,ok,
,,,,,,,,,,,,,197,98,45,18,31,6,25,9,,,,,,,,,,,ok,
,,,,,,,,,,,,,1228,0,176,0,154,0,149,0,,,,,,,,,,,ok,
,,,,,,,,,,,,,699,344,60,96,33,61,23,39,,,,,,,,,,,ok,
,,,,,,,,,,,,,646,829,65,82,47,66,75,77,,,,,,,,,,,ok,
,,,,,,,,,,,,,836,2596,39,130,39,78,19,40,,,,,,,,,,,ok,
,,,,,,,,,,,,,505,512,217,129,237,156,173,116,,,,,,,,,,,ok,
,,,,,,,,,,,,,174,901,31,81,29,56,16,42,,,,,,,,,,,ok,
,,,,,,,,,,,,,520,96,41,23,50,37,35,21,,,,,,,,,,,ok,
,,,,,,,,,,,,,172,919,22,51,22,26,12,16,,,,,,,,,,,ok,
,,,,,,,,,,,,,179,566,45,39,23,107,2,24,,,,,,,,,,,ok,
,,,,,,,,,,,,,489,51,41,6,1,17,4,22,,,,,,,,,,,ok,
,,,,,,,,,,,,,1023,12,206,2,241,4,212,7,,,,,,,,,,,ok,
,,,,,,,,,,,,,456,574,30,30,45,26,31,22,,,,,,,,,,,ok,
,,,,,,,,,,,,,187,0,25,0,12,0,14,0,,,,,,,,,,,ok,
,,,,,,,,,,,,,1885,1026,349,141,105,256,71,164,,,,,,,,,,,ok,
,,,,,,,,,,,,,1050,23,152,8,160,12,132,15,,,,,,,,,,,ok,
,,,,,,,,,,,,,1176,0,172,0,122,0,108,0,,,,,,,,,,,ok,
,,,,,,,,,,,,,757,506,122,78,122,78,75,59,,,,,,,,,,,ok,
,,,,,,,,,,,,,642,426,133,46,173,52,134,51,,,,,,,,,,,ok,
,,,,,,,,,,,,,560,270,103,54,165,42,95,25,,,,,,,,,,,ok,
,,,,,,,,,,,,,490,324,89,45,108,34,101,34,,,,,,,,,,,ok,
,,,,,,,,,,,,,581,218,68,39,78,30,54,30,,,,,,,,,,,ok,
,,,,,,,,,,,,,951,0,267,0,282,0,184,0,,,,,,,,,,,ok,
,,,,,,,,,,,,,174,3,20,0,16,0,2,0,,,,,,,,,,,ok,
,,,,,,,,,,,,,288,0,19,0,14,6,25,9,,,,,,,,,,,ok,
,,,,,,,,,,,,,1613,390,265,70,338,18,196,12,,,,,,,,,,,ok,
,,,,,,,,,,,,,159,662,37,72,27,21,43,34,,,,,,,,,,,ok,
,,,,,,,,,,,,,587,744,64,71,110,115,99,120,,,,,,,,,,,ok,
,,,,,,,,,,,,,112,112,13,9,28,21,34,22,,,,,,,,,,,ok,
,,,,,,,,,,,,,612,359,77,97,64,84,52,77,,,,,,,,,,,ok,
,,,,,,,,,,,,,754,0,92,0,77,0,83,0,,,,,,,,,,,ok,
,,,,,,,,,,,,,994,1761,224,266,192,184,109,213,,,,,,,,,,,ok,
,,,,,,,,,,,,,1170,0,118,0,156,0,126,0,,,,,,,,,,,ok,
,,,,,,,,,,,,,253,96,59,34,26,14,36,21,,,,,,,,,,,ok,
,,,,,,,,,,,,,102,0,74,0,49,0,57,0,,,,,,,,,,,ok,
,,,,,,,,,,,,,1000,559,87,74,141,62,59,82,,,,,,,,,,,ok,
,,,,,,,,,,,,,380,128,380,52,76,39,383,226,,,,,,,,,,,ok,
,,,,,,,,,,,,,49,77,8,4,12,8,14,7,,,,,,,,,,,ok,
,,,,,,,,,,,,,327,397,102,34,75,19,65,41,,,,,,,,,,,ok,
,,,,,,,,,,,,,133,168,7,13,4,26,6,26,,,,,,,,,,,ok,
,,,,,,,,,,,,,122,87,111,94,51,63,51,43,,,,,,,,,,,ok,
,,,,,,,,,,,,,71,119,2,17,3,17,2,29,,,,,,,,,,,ok,
,,,,,,,,,,,,,91,27,4,4,6,6,9,2,,,,,,,,,,,ok,
,,,,,,,,,,,,,1219,0,210,0,254,0,224,0,,,,,,,,,,,ok,
,,,,,,,,,,,,,144,0,8,0,16,0,10,0,,,,,,,,,,,ok,
,,,,,,,,,,,,,339,1242,29,44,5,9,1,13,,,,,,,,,,,ok,
,,,,,,,,,,,,,116,48,12,5,9,3,16,0,,,,,,,,,,,ok,
,,,,,,,,,,,,,21,313,0,105,0,108,0,71,,,,,,,,,,,ok,
,,,,,,,,,,,,,202,188,14,33,27,25,36,3,,,,,,,,,,,ok,
,,,,,,,,,,,,,538,70,61,6,26,6,68,3,,,,,,,,,,,ok,
,,,,,,,,,,,,,425,274,87,29,102,63,74,37,,,,,,,,,,,ok,
,,,,,,,,,,,,,175,492,23,96,21,83,6,104,,,,,,,,,,,ok,
,,,,,,,,,,,,,529,0,77,0,64,0,90,0,,,,,,,,,,,ok,
,,,,,,,,,,,,,52,62,5,3,1,8,0,9,,,,,,,,,,,ok,
,,,,,,,,,,,,,169,0,28,0,29,0,8,0,,,,,,,,,,,ok,
,,,,,,,,,,,,,21,75,2,6,0,2,3,0,,,,,,,,,,,ok,
,,,,,,,,,,,,,142,0,222,0,209,0,151,19,,,,,,,,,,,ok,
,,,,,,,,,,,,,5,0,9,0,6,0,6,0,,,,,,,,,,,ok,
,,,,,,,,,,,,,197,161,40,33,51,26,64,23,,,,,,,,,,,ok,
,,,,,,,,,,,,,146,405,40,116,31,121,25,93,,,,,,,,,,,ok,
,,,,,,,,,,,,,509,215,143,29,158,92,136,56,,,,,,,,,,,ok,
,,,,,,,,,,,,,642,0,91,0,75,0,84,0,,,,,,,,,,,ok,
,,,,,,,,,,,,,321,342,26,14,8,22,27,20,,,,,,,,,,,ok,
,,,,,,,,,,,,,785,797,79,61,111,104,180,150,,,,,,,,,,,ok,
,,,,,,,,,,,,,23,67,3,8,3,16,7,11,,,,,,,,,,,ok,
,,,,,,,,,,,,,44,11,2,4,3,2,2,5,,,,,,,,,,,ok,
,,,,,,,,,,,,,882,0,157,0,163,0,188,0,,,,,,,,,,,ok,
,,,,,,,,,,,,,192,389,3,18,10,7,0,8,,,,,,,,,,,ok,
,,,,,,,,,,,,464,2619,135,336,20,402,23,351,17,1236,1001,1092,153,237,109,4452945226,3811242036,4692022074,,ok,Number of faculty members entered 464
,,,,,,,,,,,,647,4251,0,476,0,805,0,622,0,307,337,282,26,37,35,294177607,343448178,321701254,,ok,Number of faculty members entered 647
,,,,,,,,,,,,1535,3302,179,953,23,807,235,809,221,377,373,380,32,53,61,408686049,464277125,1271450835,,ok,Number of faculty members entered 1535
,,,,,,,,,,,,1275,2588,1192,611,489,323,276,529,234,683,676,602,76,69,67,992007876,913323751,578532524,,ok,Number of faculty members entered 1275
,,,,,,,,,,,,1624,562,651,63,30,130,19,76,20,174,144,138,82,64,71,256034400,248601253,216723224,,ok,Number of faculty members entered 1624
,,,,,,,,,,,,742,1483,0,345,0,360,0,309,0,199,121,76,45,30,19,486864702,300732663,331361243,,ok,Number of faculty members entered 742
,,,,,,,,,,,,2661,1035,51,124,44,237,0,227,0,407,423,324,149,124,146,264444975,347449423,516201723,,ok,Number of faculty members entered 2661
,,,,,,,,,,,,639,2814,0,338,0,366,0,397,0,262,318,197,46,62,55,435392251,674873524,441814244,,ok,Number of faculty members entered 639
,,,,,,,,,,,,442,1758,15,264,0,210,4,229,0,319,370,360,43,54,58,356820612,670101167,496791150,,ok,Number of faculty members entered 442
,,,,,,,,,,,,1674,3634,250,384,21,363,15,312,10,81,88,90,43,82,31,563724255,387048350,85876855,,ok,Number of faculty members entered 1674
,,,,,,,,,,,,712,1875,0,494,0,264,0,278,0,150,101,92,17,21,44,568083583,698164865,670319891,,ok,Number of faculty members entered 712
,,,,,,,,,,,,1060,3700,0,539,0,592,0,607,0,341,339,276,46,57,33,500736706,615782537,509951849,,ok,Number of faculty members entered 1060
,,,,,,,,,,,,2129,1589,1375,135,163,166,130,136,51,105,171,146,19,34,23,92024003,158518885,162612371,,ok,Number of faculty members entered 2129
,,,,,,,,,,,,283,524,219,127,27,116,146,101,30,153,48,48,34,29,24,424535177,407284953,352539152,,ok,Number of faculty members entered 283
,,,,,,,,,,,,168,511,106,140,5,135,7,137,3,170,200,153,100,90,89,312090703,294796291,44096720,,ok,Number of faculty members entered 168
,,,,,,,,,,,,1024,936,792,82,100,108,71,117,106,91,108,153,39,45,44,360300755,479369557,339644923,,ok,Number of faculty members entered 1024
,,,,,,,,,,,,785,954,283,91,20,76,17,105,8,323,269,197,92,71,39,339847243,214685884,194927639,,ok,Number of faculty members entered 785
,,,,,,,,,,,,1074,1992,0,295,0,275,0,269,0,943,929,556,186,169,123,1500326360,1432812146,2516975851,,ok,Number of faculty members entered 1074
,,,,,,,,,,,,451,1146,0,461,0,384,0,501,0,110,83,84,15,7,15,117665402,148949834,281294180,,ok,Number of faculty members entered 451
,,,,,,,,,,,,1393,826,179,89,8,79,9,82,8,67,79,60,29,32,24,75448000,48547000,58874000,,ok,Number of faculty members entered 1393
,,,,,,,,,,,,1895,1099,0,115,0,52,0,44,0,98,131,92,27,43,50,851524480,691733939,543582310,,ok,Number of faculty members entered 1895
,,,,,,,,,,,,722,413,208,59,22,30,14,29,34,114,96,94,20,26,21,179955920,190411894,164644228,,ok,Number of faculty members entered 722
,,,,,,,,,,,,1005,2280,533,275,0,433,0,324,0,163,148,138,25,28,10,286749020,194314065,254257033,,ok,Number of faculty members entered 1005
,,,,,,,,,,,,684,1079,775,362,251,244,206,346,217,53,52,72,43,43,43,294249426,280171797,268935805,,ok,Number of faculty members entered 684
,,,,,,,,,,,,2068,541,1536,69,150,39,130,39,78,149,143,144,42,44,39,151143245,157698656,108320397,,ok,Number of faculty members entered 2068
,,,,,,,,,,,,555,561,199,78,40,35,44,28,49,56,74,59,25,23,15,93013000,91044000,90805768,,ok,Number of faculty members entered 555
,,,,,,,,,,,,286,1197,449,471,131,393,116,350,110,81,85,37,19,25,13,60246826,76152804,38263140,,ok,Number of faculty members entered 286
,,,,,,,,,,,,296,663,164,77,28,130,58,145,30,216,153,73,37,23,17,228734803,327174840,270398644,,ok,Number of faculty members entered 296
,,,,,,,,,,,,876,155,570,20,21,45,39,23,107,5240,5040,8383,1993,1752,4530,11132000,26438000,5740000,,ok,Number of faculty members entered 876
,,,,,,,,,,,,3350,1137,247,77,116,60,96,33,61,122,124,104,22,33,18,194569279,120413972,158011175,,ok,Number of faculty members entered 3350
,,,,,,,,,,,,135,367,128,70,24,74,24,61,46,91,101,67,30,26,21,983212544,504750901,197964103,,ok,Number of faculty members entered 135
,,,,,,,,,,,,428,2953,2029,220,176,86,433,282,189,97,131,77,24,36,18,661257133,576133000,187600000,,ok,Number of faculty members entered 428
,,,,,,,,,,,,349,690,836,76,67,65,82,47,66,54,58,38,17,13,17,44347060,522862611,184858644,,ok,Number of faculty members entered 349
,,,,,,,,,,,,813,219,112,51,19,45,18,31,6,112,76,57,47,34,25,68334119,59320675,51355527,,ok,Number of faculty members entered 813
,,,,,,,,,,,,661,960,0,248,0,267,0,282,0,37,47,34,16,27,13,253556894,177131576,142426404,,ok,Number of faculty members entered 661
,,,,,,,,,,,,1085,196,888,38,90,22,51,22,26,112,85,299,13,10,12,68305541,73697000,40227628,,ok,Number of faculty members entered 1085
,,,,,,,,,,,,267,254,612,139,36,176,0,154,0,355,535,293,208,268,181,504087032,492071644,354820672,,ok,Number of faculty members entered 267
,,,,,,,,,,,,1255,314,576,38,10,41,6,1,17,101,74,40,55,45,20,55389561,26187408,20021110,,ok,Number of faculty members entered 1255
,,,,,,,,,,,,434,50,0,14,0,16,0,20,0,250,265,243,58,63,61,229200000,262000000,217600000,,ok,Number of faculty members entered 434
,,,,,,,,,,,,1055,295,737,26,108,31,81,29,56,131,120,112,62,56,51,182085960,168475350,156535360,,ok,Number of faculty members entered 1055
,,,,,,,,,,,,473,591,0,59,0,61,0,84,0,66,103,55,33,12,16,132475101,565086044,278851995,,ok,Number of faculty members entered 473
,,,,,,,,,,,,823,557,596,35,43,30,30,45,26,104,396,505,15,15,11,81000000,74700000,43759525,,ok,Number of faculty members entered 823
,,,,,,,,,,,,381,1375,98,216,4,206,2,241,4,51,45,41,18,16,13,1334792506,1334581463,422263068,,ok,Number of faculty members entered 381
,,,,,,,,,,,,208,551,326,78,72,77,97,64,84,120,137,121,23,24,24,224007539,131896342,195106185,,ok,Number of faculty members entered 208
,,,,,,,,,,,,380,1889,1079,344,159,349,141,105,256,96,81,68,27,25,16,375737442,183956382,144463289,,ok,Number of faculty members entered 380
,,,,,,,,,,,,291,590,115,48,32,41,23,50,37,334,302,339,33,27,37,238237334,274143843,212670942,,ok,Number of faculty members entered 291
,,,,,,,,,,,,747,209,103,11,20,38,19,48,8,82,47,35,24,33,18,143941830,122136023,99700636,,ok,Number of faculty members entered 747
,,,,,,,,,,,,552,1221,33,144,0,152,8,160,12,84,95,64,28,23,22,364048918,182753177,150327513,,ok,Number of faculty members entered 552
,,,,,,,,,,,,651,174,0,19,0,25,0,12,0,82,78,63,24,21,13,63182056,24880853,36870698,,ok,Number of faculty members entered 651
,,,,,,,,,,,,526,303,137,83,25,7,13,4,26,199,164,93,138,121,65,130627830,93203635,47308347,,ok,Number of faculty members entered 526
,,,,,,,,,,,,1338,287,1055,84,158,37,72,27,21,33,5,4,9,4,3,2090766,275000,256000,,ok,Number of faculty members entered 1338
,,,,,,,,,,,,1852,363,684,31,51,19,29,8,17,57,42,45,42,27,28,476278730,294593120,106464000,,ok,Number of faculty members entered 1852
,,,,,,,,,,,,594,656,430,112,29,133,46,173,52,53,61,73,10,14,12,45204027,94805600,60402829,,ok,Number of faculty members entered 594
,,,,,,,,,,,,510,463,335,156,76,217,129,237,156,15,34,21,10,15,12,99856425,531494273,286546578,,ok,Number of faculty members entered 510
,,,,,,,,,,,,574,263,0,20,0,19,0,14,6,30,54,54,21,28,46,18360100,19717131,27016866,,ok,Number of faculty members entered 574
,,,,,,,,,,,,243,228,3,24,0,20,0,16,0,56,56,55,8,13,14,48300000,64418309,45520249,,ok,Number of faculty members entered 243
,,,,,,,,,,,,259,461,266,73,48,89,45,108,34,55,65,38,24,16,16,156209883,122497760,47315599,,ok,Number of faculty members entered 259
,,,,,,,,,,,,339,1565,262,206,19,265,70,338,18,47,61,32,12,12,9,91337282,112829953,56644930,,ok,Number of faculty members entered 339
,,,,,,,,,,,,300,937,0,136,0,172,0,122,0,50,62,58,31,38,37,172983850,134498919,114045138,,ok,Number of faculty members entered 300
,,,,,,,,,,,,260,351,88,156,102,68,39,73,29,21,30,33,7,8,9,6621248,9017248,11898747,,ok,Number of faculty members entered 260
,,,,,,,,,,,,537,325,143,9,5,13,9,28,20,79,63,28,36,28,9,49492837,31853207,19192113,,ok,Number of faculty members entered 537
,,,,,,,,,,,,2129,544,1792,30,59,36,54,1,1,116,400,97,116,118,28,43175836,85497698,12545641,,ok,Number of faculty members entered 2129
,,,,,,,,,,,,232,598,721,41,63,64,71,110,115,53,50,70,16,12,21,70263777,71630797,73351376,,ok,Number of faculty members entered 232
,,,,,,,,,,,,450,1093,560,87,39,122,78,122,78,621,631,390,25,25,21,196385223,239461248,318012040,,ok,Number of faculty members entered 450
,,,,,,,,,,,,307,640,0,184,0,203,0,63,0,31,45,41,8,6,5,77800000,42700000,73000000,,ok,Number of faculty members entered 307
,,,,,,,,,,,,373,721,197,95,42,103,54,165,42,33,31,22,9,12,11,255783076,355320761,151568522,,ok,Number of faculty members entered 373
,,,,,,,,,,,,1507,374,759,23,113,102,34,75,19,39,20,32,13,11,9,21593194,30981582,54418357,,ok,Number of faculty members entered 1507
,,,,,,,,,,,,1993,696,2,85,0,92,0,77,0,87,85,97,56,46,43,123461730,72907633,75587927,,ok,Number of faculty members entered 1993
,,,,,,,,,,,,536,1234,750,98,80,95,74,86,62,40,38,49,20,16,13,25882300,19783000,55614000,,ok,Number of faculty members entered 536
,,,,,,,,,,,,207,317,179,36,23,37,40,77,28,25,30,23,8,7,6,8913247,12801582,9173654,,ok,Number of faculty members entered 207
,,,,,,,,,,,,421,1123,0,241,0,118,0,156,0,28,25,54,24,21,21,199965654,172465520,68565129,,ok,Number of faculty members entered 421
,,,,,,,,,,,,660,234,0,37,0,8,0,16,0,46,60,53,27,33,36,126229906,41712412,40591040,,ok,Number of faculty members entered 660
,,,,,,,,,,,,449,80,122,13,35,2,7,3,7,73,36,21,31,8,21,56162221,54621913,8273000,,ok,Number of faculty members entered 449
,,,,,,,,,,,,162,355,212,134,95,87,29,102,63,15,14,31,8,10,14,24244584,68580824,89205827,,ok,Number of faculty members entered 162
,,,,,,,,,,,,467,79,111,24,16,27,25,26,38,80,54,81,17,16,9,18032101,26834355,11912238,,ok,Number of faculty members entered 467
,,,,,,,,,,,,313,440,130,417,41,380,52,76,39,22,43,40,7,9,11,81123700,111401769,75223700,,ok,Number of faculty members entered 313
,,,,,,,,,,,,604,86,56,3,10,2,17,3,17,26,30,24,17,19,18,24220402,21416549,16164110,,ok,Number of faculty members entered 604
,,,,,,,,,,,,397,1325,0,182,0,210,0,254,0,28,36,10,8,10,7,24559643,47179819,18754770,,ok,Number of faculty members entered 397
,,,,,,,,,,,,221,377,386,40,19,26,14,8,22,30,21,34,19,19,14,44693477,31307000,34133495,,ok,Number of faculty members entered 221
,,,,,,,,,,,,826,25,113,3,2,2,6,0,2,34,19,64,20,12,4,70573000,44664565,55519973,,ok,Number of faculty members entered 826
,,,,,,,,,,,,248,145,89,83,81,98,93,57,55,15,8,5,8,6,4,28267554,24777417,6143000,,ok,Number of faculty members entered 248
,,,,,,,,,,,,218,41,347,2,70,0,105,0,108,9,12,21,6,11,6,2350000,1643000,44967500,,ok,Number of faculty members entered 218
,,,,,,,,,,,,103,117,57,11,0,12,5,9,3,153,150,162,63,70,52,274915160,120605515,114356803,,ok,Number of faculty members entered 103
,,,,,,,,,,,,149,232,0,20,0,28,0,29,0,20,28,23,8,9,9,72605910,110562601,151200306,,ok,Number of faculty members entered 149
,,,,,,,,,,,,232,296,278,132,0,40,116,31,121,83,100,69,16,16,16,100478758,74583649,44915716,,ok,Number of faculty members entered 232
,,,,,,,,,,,,335,280,39,28,21,64,34,24,14,53,50,59,20,14,20,149542528,105350783,70101426,,ok,Number of faculty members entered 335
,,,,,,,,,,,,185,148,51,102,50,79,61,111,104,17,16,39,9,11,17,11502307,52195000,58147301,,ok,Number of faculty members entered 185
,,,,,,,,,,,,365,504,0,43,0,91,0,75,0,21,31,10,12,15,9,63562000,148174000,16921536,,ok,Number of faculty members entered 365
,,,,,,,,,,,,245,186,0,41,0,46,0,47,0,7,13,20,7,8,11,12396232,13217202,5553646,,ok,Number of faculty members entered 245
,,,,,,,,,,,,1046,1039,0,149,0,113,0,121,0,51,84,46,28,26,26,370667071,286686460,482200000,,ok,Number of faculty members entered 1046
,,,,,,,,,,,,790,57,87,5,4,8,5,7,5,52,70,91,36,46,63,497990348,146988263,155015349,,ok,Number of faculty members entered 790
,,,,,,,,,,,,235,66,28,8,2,2,4,3,2,221,32,7,18,8,7,27025582,7847213,2376101,,ok,Number of faculty members entered 235
,,,,,,,,,,,,358,586,312,148,106,123,112,155,104,43,24,14,21,9,9,145797851,132214541,48635907,,ok,Number of faculty members entered 358
,,,,,,,,,,,,593,671,81,69,3,61,6,26,6,94,60,39,22,12,10,78884901,103498000,16867623,,ok,Number of faculty members entered 593
,,,,,,,,,,,,191,46,0,0,0,0,0,0,0,13,8,0,6,6,0,30999317,17472130,0,,ok,Number of faculty members entered 191
,,,,,,,,,,,,181,99,150,32,61,14,33,27,25,37,44,32,15,18,17,20993661,19807768,6909093,,ok,Number of faculty members entered 181
,,,,,,,,,,,,537,146,466,1,17,3,18,10,7,237,10,11,237,10,9,24490800,12124000,10004500,,ok,Number of faculty members entered 537
,,,,,,,,,,,,472,91,63,6,18,3,10,3,18,92,7,3,43,7,3,137500000,105800000,86200000,,ok,Number of faculty members entered 472
,,,,,,,,,,,,1013,512,87,150,0,104,0,80,0,26,25,31,17,9,22,33287172,32457428,19888320,,ok,Number of faculty members entered 1013
,,,,,,,,,,,,790,28,503,0,42,1,20,1,35,24,8,14,6,4,4,9964261,13779248,13001831,,ok,Number of faculty members entered 790
,,,,,,,,,,,,465,2808,159,329,23,336,20,402,23,1594,1236,1001,189,153,237,5257220083,4452945226,3811242036,,ok,Number of faculty members entered 465
,,,,,,,,,,,,631,4232,0,777,0,476,0,805,0,302,307,337,26,26,37,217895251,294177607,343448178,,ok,Number of faculty members entered 631
,,,,,,,,,,,,752,1488,0,530,0,345,0,360,0,141,199,121,45,45,30,657668287,486864702,300732663,,ok,Number of faculty members entered 752
,,,,,,,,,,,,834,2257,0,341,0,338,0,366,0,294,263,318,74,46,62,906971030,435392251,674873524,,ok,Number of faculty members entered 834
,,,,,,,,,,,,1830,547,852,80,48,63,30,130,19,140,174,144,85,82,64,1113629808,256034400,248601253,,ok,Number of faculty members entered 1830
,,,,,,,,,,,,1770,3164,227,682,5,587,23,502,235,369,377,373,45,32,53,399469788,408686049,464277125,,ok,Number of faculty members entered 1770
,,,,,,,,,,,,2617,1147,62,124,45,124,44,237,0,383,407,423,105,149,124,232544804,264444975,347449423,,ok,Number of faculty members entered 2617
,,,,,,,,,,,,1255,2593,917,587,483,611,489,323,276,679,683,676,76,76,69,1401279356,992007876,913323751,,ok,Number of faculty members entered 1255
,,,,,,,,,,,,2633,2901,1129,215,184,135,163,166,130,105,105,171,16,19,34,106344496,92024003,132198885,,ok,Number of faculty members entered 2633
,,,,,,,,,,,,423,1459,30,178,6,248,9,234,15,398,319,370,55,43,54,393003086,356820612,670101167,,ok,Number of faculty members entered 423
,,,,,,,,,,,,1645,3498,191,481,16,384,21,363,15,138,81,88,33,43,82,390209105,563724255,387048350,,ok,Number of faculty members entered 1645
,,,,,,,,,,,,752,1400,0,475,0,494,0,264,0,95,150,101,20,17,21,304996410,568083583,698164865,,ok,Number of faculty members entered 752
,,,,,,,,,,,,1135,3652,0,627,0,539,0,592,0,434,341,339,32,46,57,559389437,500736706,615782537,,ok,Number of faculty members entered 1135
,,,,,,,,,,,,195,407,45,186,11,140,5,135,7,114,170,200,61,100,90,252661675,312090703,294796291,,ok,Number of faculty members entered 195
,,,,,,,,,,,,281,633,233,158,364,121,466,132,500,121,153,48,17,34,29,276574930,236788475,407284953,,ok,Number of faculty members entered 281
,,,,,,,,,,,,1161,1007,141,87,6,89,8,79,9,104,67,79,41,29,32,101038000,75448000,48547000,,ok,Number of faculty members entered 1161
,,,,,,,,,,,,1046,2226,0,240,0,297,0,275,0,956,943,929,218,186,169,2889072003,1500326360,1432812146,,ok,Number of faculty members entered 1046
,,,,,,,,,,,,835,1171,326,88,24,91,20,76,17,320,323,269,101,92,71,442930430,339847243,214685884,,ok,Number of faculty members entered 835
,,,,,,,,,,,,3624,1437,719,65,116,77,116,60,96,87,122,124,21,22,33,117000516,194569279,120413972,,ok,Number of faculty members entered 3624
,,,,,,,,,,,,1898,1282,0,137,0,115,0,52,0,101,98,131,49,27,43,103503419,69811859,100306740,,ok,Number of faculty members entered 1898
,,,,,,,,,,,,977,1174,956,134,93,82,100,108,71,84,91,108,33,39,45,385574187,360300755,479369557,,ok,Number of faculty members entered 977
,,,,,,,,,,,,445,2000,1200,170,64,220,176,86,433,88,97,131,27,24,36,524500000,661257133,576133000,,ok,Number of faculty members entered 445
,,,,,,,,,,,,1871,700,1810,69,215,69,150,39,130,101,149,143,34,42,44,137014456,151143245,157698656,,ok,Number of faculty members entered 1871
,,,,,,,,,,,,722,431,179,31,23,59,22,30,14,87,114,96,15,20,26,397610718,179955920,190411894,,ok,Number of faculty members entered 722
,,,,,,,,,,,,968,2747,0,392,0,275,0,433,0,187,163,148,26,25,28,270785340,286749020,194314065,,ok,Number of faculty members entered 968
,,,,,,,,,,,,831,278,708,90,63,20,27,47,39,6270,5240,5040,1954,1993,1752,89229138,11132000,26438000,,ok,Number of faculty members entered 831
,,,,,,,,,,,,1024,266,609,48,80,38,90,22,51,142,112,85,17,13,10,74066000,68305541,73697000,,ok,Number of faculty members entered 1024
,,,,,,,,,,,,361,710,830,81,75,76,67,65,82,19,54,58,10,17,13,70419233,44347060,522862611,,ok,Number of faculty members entered 361
,,,,,,,,,,,,2217,845,613,103,66,31,51,19,29,71,57,42,66,42,27,539271966,476278730,294593120,,ok,Number of faculty members entered 2217
,,,,,,,,,,,,146,443,225,81,36,70,24,74,24,77,88,101,31,36,26,1350746799,936713869,504750901,,ok,Number of faculty members entered 146
,,,,,,,,,,,,566,563,147,69,24,78,40,35,44,66,56,74,34,25,23,84804000,93013000,91044000,,ok,Number of faculty members entered 566
,,,,,,,,,,,,1258,584,167,218,112,38,10,41,6,82,101,74,28,55,45,59004884,55389561,26187408,,ok,Number of faculty members entered 1258
,,,,,,,,,,,,438,1170,0,244,0,461,0,384,0,41,110,83,20,15,7,115432000,117665402,148949834,,ok,Number of faculty members entered 438
,,,,,,,,,,,,874,305,197,52,21,51,19,45,18,117,112,76,54,47,34,117303771,68334119,59320675,,ok,Number of faculty members entered 874
,,,,,,,,,,,,546,401,154,107,13,83,25,7,13,243,199,164,145,138,121,157946012,130627830,93203635,,ok,Number of faculty members entered 546
,,,,,,,,,,,,687,889,645,149,225,362,251,244,206,55,53,52,43,43,43,319426800,294249426,280171797,,ok,Number of faculty members entered 687
,,,,,,,,,,,,425,1923,1131,331,138,344,159,349,141,103,96,81,30,27,25,101170543,375737442,183956382,,ok,Number of faculty members entered 425
,,,,,,,,,,,,901,731,664,34,21,35,43,30,30,31,104,396,15,15,15,89404350,81000000,74700000,,ok,Number of faculty members entered 901
,,,,,,,,,,,,282,549,140,117,36,96,40,130,58,89,216,153,22,37,23,282233735,228734803,327174840,,ok,Number of faculty members entered 282
,,,,,,,,,,,,303,1567,491,536,138,482,131,394,116,68,81,85,30,19,25,166621630,60246826,76152804,,ok,Number of faculty members entered 303
,,,,,,,,,,,,242,585,301,98,117,78,72,77,97,145,120,137,34,23,24,171791514,224007539,131896342,,ok,Number of faculty members entered 242
,,,,,,,,,,,,583,200,0,16,0,19,0,25,0,60,82,78,22,24,21,20472568,64977723,24880853,,ok,Number of faculty members entered 583
,,,,,,,,,,,,1260,323,693,29,105,26,108,31,81,135,131,120,65,62,56,193542500,182085960,168475350,,ok,Number of faculty members entered 1260
,,,,,,,,,,,,633,620,416,174,57,112,29,133,46,72,53,61,20,10,14,174988363,45204027,94805600,,ok,Number of faculty members entered 633
,,,,,,,,,,,,445,1147,0,230,0,241,0,118,0,39,28,25,21,24,21,256151168,199965654,172465520,,ok,Number of faculty members entered 445
,,,,,,,,,,,,482,591,0,57,0,59,0,61,0,117,66,103,33,33,12,342615549,132475101,565086044,,ok,Number of faculty members entered 482
,,,,,,,,,,,,2371,620,1543,25,86,30,59,36,54,52,92,162,10,78,143,61513482,44111083,85497698,,ok,Number of faculty members entered 2371
,,,,,,,,,,,,750,153,117,12,10,11,20,38,19,227,82,47,27,24,33,233225319,143941830,122136023,,ok,Number of faculty members entered 750
,,,,,,,,,,,,621,911,0,198,0,248,0,267,0,33,37,47,12,16,27,80073323,253556894,177131576,,ok,Number of faculty members entered 621
,,,,,,,,,,,,435,167,0,14,0,16,0,16,0,182,250,265,45,58,63,328492807,229200000,262000000,,ok,Number of faculty members entered 435
,,,,,,,,,,,,554,252,0,25,0,20,0,19,0,29,30,54,24,21,28,20720821,18360100,19717131,,ok,Number of faculty members entered 554
,,,,,,,,,,,,247,329,1040,92,204,41,63,64,71,166,53,50,11,16,12,196749081,70263777,71630797,,ok,Number of faculty members entered 247
,,,,,,,,,,,,568,1183,18,163,15,144,0,152,8,82,84,95,19,28,23,409105202,364048918,182753177,,ok,Number of faculty members entered 568
,,,,,,,,,,,,543,421,185,22,20,13,10,28,11,105,79,63,40,36,28,282993463,49492837,31853207,,ok,Number of faculty members entered 543
,,,,,,,,,,,,325,652,0,198,0,184,0,203,0,48,31,45,12,8,6,112050000,77800000,42700000,,ok,Number of faculty members entered 325
,,,,,,,,,,,,398,646,130,97,46,95,42,103,54,40,33,31,11,9,12,197923676,255783076,355320761,,ok,Number of faculty members entered 398
,,,,,,,,,,,,256,376,191,89,45,73,48,89,45,41,55,65,21,24,16,293946299,156209883,122497760,,ok,Number of faculty members entered 256
,,,,,,,,,,,,379,1284,39,198,7,220,4,208,2,59,51,45,24,18,16,1352392107,1334792506,1334581463,,ok,Number of faculty members entered 379
,,,,,,,,,,,,275,709,103,57,21,48,32,41,23,306,334,302,43,33,27,130324432,238237334,274143843,,ok,Number of faculty members entered 275
,,,,,,,,,,,,434,440,386,98,35,139,36,176,0,388,355,535,215,208,268,293380071,504087032,492071644,,ok,Number of faculty members entered 434
,,,,,,,,,,,,246,283,3,29,0,20,0,18,0,38,56,56,8,8,13,36900000,48300000,64418309,,ok,Number of faculty members entered 246
,,,,,,,,,,,,1896,132,873,55,166,84,158,37,72,112,33,5,21,9,4,19893925,2090766,275000,,ok,Number of faculty members entered 1896
,,,,,,,,,,,,157,377,199,85,34,134,95,87,29,18,15,14,8,8,10,27911045,24244584,68580824,,ok,Number of faculty members entered 157
,,,,,,,,,,,,528,1234,750,99,86,98,80,95,74,45,40,38,23,20,16,40189400,25882300,19783000,,ok,Number of faculty members entered 528
,,,,,,,,,,,,847,34,493,5,47,0,42,1,20,13,24,8,9,6,4,25603375,9964261,13779248,,ok,Number of faculty members entered 847
,,,,,,,,,,,,292,588,0,179,0,136,0,172,0,38,50,62,16,31,38,123281273,172983850,134498919,,ok,Number of faculty members entered 292
,,,,,,,,,,,,437,243,209,98,84,156,76,217,129,35,15,34,16,10,15,456144533,99856425,531494273,,ok,Number of faculty members entered 437
,,,,,,,,,,,,377,1208,142,156,24,206,19,265,70,35,47,61,15,12,12,62848788,91337282,112829953,,ok,Number of faculty members entered 377
,,,,,,,,,,,,278,428,90,70,54,156,102,68,39,11,21,30,4,7,8,3584446,6621248,9017248,,ok,Number of faculty members entered 278
,,,,,,,,,,,,568,223,193,3,3,2,2,0,0,78,34,19,33,20,12,107564000,70573000,44664565,,ok,Number of faculty members entered 568
,,,,,,,,,,,,1317,556,529,42,0,37,0,29,0,22,25,16,16,15,11,20072456,14042219,10867616,,ok,Number of faculty members entered 1317
,,,,,,,,,,,,175,99,350,12,172,2,70,0,105,3,9,12,3,6,11,6713000,9150000,10786600,,ok,Number of faculty members entered 175
,,,,,,,,,,,,303,110,18,8,0,11,0,14,0,131,8,5,8,7,4,19142500,6969000,9445000,,ok,Number of faculty members entered 303
,,,,,,,,,,,,547,109,239,17,48,6,18,3,10,43,92,7,11,43,7,39691480,137500000,105800000,,ok,Number of faculty members entered 547
,,,,,,,,,,,,564,111,73,14,16,3,10,2,17,32,26,30,15,17,19,26541008,24220402,21416549,,ok,Number of faculty members entered 564
,,,,,,,,,,,,2104,1017,0,53,0,65,0,92,0,93,87,85,62,56,46,59799945,123461730,72907633,,ok,Number of faculty members entered 2104
,,,,,,,,,,,,237,459,413,48,47,40,19,26,14,68,30,21,20,19,19,49877987,4463477,31307000,,ok,Number of faculty members entered 237
,,,,,,,,,,,,236,746,0,102,0,81,0,74,0,227,205,125,29,32,27,188025495,176300307,172726847,,ok,Number of faculty members entered 236
,,,,,,,,,,,,1186,604,92,96,0,150,0,104,0,16,26,25,12,17,9,29074248,33287172,32457428,,ok,Number of faculty members entered 1186
,,,,,,,,,,,,220,265,173,38,25,36,23,37,40,9,14,22,6,6,7,10743414,8913247,12801582,,ok,Number of faculty members entered 220
,,,,,,,,,,,,685,245,60,15,0,37,0,8,0,21,46,60,12,27,33,46327790,126229906,41712412,,ok,Number of faculty members entered 685
,,,,,,,,,,,,157,352,0,20,0,28,0,29,0,13,20,28,4,8,9,43999967,72605910,110562601,,ok,Number of faculty members entered 157
,,,,,,,,,,,,289,50,52,412,44,417,41,380,39,15,22,43,8,7,9,30185266,81123700,111401769,,ok,Number of faculty members entered 289
,,,,,,,,,,,,483,255,251,36,29,24,16,27,25,20,80,54,7,17,16,34917381,18032101,26834355,,ok,Number of faculty members entered 483
,,,,,,,,,,,,161,259,39,9,0,14,0,11,0,13,20,17,5,13,9,51151297,20402626,10713550,,ok,Number of faculty members entered 161
,,,,,,,,,,,,250,90,90,57,67,83,81,98,93,23,15,8,10,8,6,103910000,28267554,24777417,,ok,Number of faculty members entered 250
,,,,,,,,,,,,234,533,182,125,0,132,0,40,116,81,83,100,17,16,16,47198439,100478758,74583649,,ok,Number of faculty members entered 234
,,,,,,,,,,,,209,83,0,0,0,0,0,0,0,42,23,14,30,17,10,201213427,238747340,316231388,,ok,Number of faculty members entered 209
,,,,,,,,,,,,827,29,33,6,2,5,4,8,5,87,58,72,87,58,72,229867683,498449728,133377585,,ok,Number of faculty members entered 827
,,,,,,,,,,,,187,245,0,245,0,102,50,79,60,20,17,16,5,9,11,11557437,11502307,52195000,,ok,Number of faculty members entered 187
,,,,,,,,,,,,784,150,253,15,14,2,13,25,29,14,28,25,4,7,21,9828600,10029896,4197300,,ok,Number of faculty members entered 784
,,,,,,,,,,,,1613,574,1759,22,87,23,113,102,34,24,39,20,8,13,11,15774633,21593194,30981582,,ok,Number of faculty members entered 1613
,,,,,,,,,,,,243,66,40,8,3,8,2,2,4,330,221,32,10,18,8,29558966,27025582,7847213,,ok,Number of faculty members entered 243
,,,,,,,,,,,,361,1343,0,217,0,182,0,210,0,18,28,36,8,8,10,112520735,24559643,47179819,,ok,Number of faculty members entered 361
,,,,,,,,,,,,606,242,470,17,37,1,17,3,18,214,237,10,116,237,10,60118800,24490800,12124000,,ok,Number of faculty members entered 606
,,,,,,,,,,,,227,251,0,53,0,41,0,46,0,10,6,12,6,6,8,3152289,5908232,11217202,,ok,Number of faculty members entered 227
,,,,,,,,,,,,425,94,33,6,5,9,7,5,3,41,31,32,11,15,18,131349800,109319200,77356400,,ok,Number of faculty members entered 425
,,,,,,,,,,,,473,1125,322,116,35,122,78,122,78,581,621,631,25,25,21,105922716,196385223,239461248,,ok,Number of faculty members entered 473
,,,,,,,,,,,,327,418,56,43,31,27,21,59,34,43,53,50,14,20,14,85398660,149542528,105350783,,ok,Number of faculty members entered 327
,,,,,,,,,,,,1119,54,309,42,78,21,94,12,68,38,36,91,22,28,52,179548399,15647390,25356988,,ok,Number of faculty members entered 1119
,,,,,,,,,,,,482,2750,148,269,15,329,23,336,20,1178,1594,1236,106,189,153,5437309580,5257220083,4452945226,,ok,Number of faculty members entered 482
,,,,,,,,,,,,598,3845,0,611,0,777,0,476,0,298,302,307,54,26,26,298611768,217895251,294177607,,ok,Number of faculty members entered 598
,,,,,,,,,,,,738,1512,0,497,0,530,0,345,0,180,141,199,47,45,45,779349473,657668287,486864702,,ok,Number of faculty members entered 738
,,,,,,,,,,,,902,2288,0,414,0,341,0,338,0,213,294,263,68,74,46,275198783,906971030,435392251,,ok,Number of faculty members entered 902
,,,,,,,,,,,,1807,3451,90,758,20,682,5,587,23,482,459,472,60,45,32,3589149887,1573734919,1875299870,,ok,Number of faculty members entered 1807
,,,,,,,,,,,,2740,1159,381,154,38,124,45,124,44,356,383,407,110,105,149,318223448,232544804,264444975,,ok,Number of faculty members entered 2740
,,,,,,,,,,,,1864,581,1043,128,40,80,48,63,30,107,140,174,70,85,82,2413512577,1113629808,256034400,,ok,Number of faculty members entered 1864
,,,,,,,,,,,,3208,2951,834,149,106,215,184,135,163,127,105,105,23,16,19,102504169,71779033,79179498,,ok,Number of faculty members entered 3208
,,,,,,,,,,,,1583,2995,144,588,8,481,16,384,21,184,138,81,44,33,43,379815309,390209105,563724255,,ok,Number of faculty members entered 1583
,,,,,,,,,,,,421,1332,55,204,0,178,6,248,9,378,398,319,78,55,43,304072791,393003086,356820612,,ok,Number of faculty members entered 421
,,,,,,,,,,,,1226,3702,0,910,0,627,0,539,0,553,434,341,46,32,46,555256974,559389437,500736706,,ok,Number of faculty members entered 1226
,,,,,,,,,,,,1255,1610,2069,545,387,587,483,611,489,648,679,683,66,76,76,921245785,1401279356,992007876,,ok,Number of faculty members entered 1255
,,,,,,,,,,,,788,341,652,91,67,90,63,20,27,5225,6270,5240,1096,1954,1993,20703310,89229138,11132000,,ok,Number of faculty members entered 788
,,,,,,,,,,,,926,1078,651,157,118,134,93,82,100,119,84,91,49,33,39,468110570,385574187,360300755,,ok,Number of faculty members entered 926
,,,,,,,,,,,,1206,1204,149,76,3,87,6,89,8,71,104,67,33,41,29,92545000,101038000,75448000,,ok,Number of faculty members entered 1206
,,,,,,,,,,,,2005,1630,0,184,0,137,0,115,0,126,101,98,49,49,27,99127693,103503419,69811859,,ok,Number of faculty members entered 2005
,,,,,,,,,,,,1137,2144,0,302,0,240,0,297,0,500,956,943,192,218,186,5200875480,2889072003,1500326360,,ok,Number of faculty members entered 1137
,,,,,,,,,,,,3884,2015,915,159,160,65,116,77,116,147,87,122,27,21,22,221216772,117000516,194569279,,ok,Number of faculty members entered 3884
,,,,,,,,,,,,839,1789,0,478,0,475,0,494,0,60,95,150,15,20,17,389095394,304996410,568083583,,ok,Number of faculty members entered 839
,,,,,,,,,,,,900,1348,360,113,55,88,24,91,20,301,320,323,105,101,92,513082486,442930430,339847243,,ok,Number of faculty members entered 900
,,,,,,,,,,,,315,640,182,157,369,158,364,121,466,106,121,153,24,17,34,313507185,276574930,236788475,,ok,Number of faculty members entered 315
,,,,,,,,,,,,728,562,133,76,23,69,24,78,40,52,66,56,24,34,25,103620000,84804000,93013000,,ok,Number of faculty members entered 728
,,,,,,,,,,,,207,549,92,73,3,186,11,140,5,197,114,150,107,61,87,415594558,252661675,291750593,,ok,Number of faculty members entered 207
,,,,,,,,,,,,306,1522,484,573,149,536,138,482,131,42,68,81,38,30,19,262830217,166621630,60246826,,ok,Number of faculty members entered 306
,,,,,,,,,,,,971,2400,454,645,0,392,0,275,0,261,188,164,26,26,25,217853669,272785340,288149020,,ok,Number of faculty members entered 971
,,,,,,,,,,,,789,406,134,47,24,31,23,59,22,87,87,114,14,15,20,117233514,397610718,179955920,,ok,Number of faculty members entered 789
,,,,,,,,,,,,2658,951,652,188,61,103,66,31,51,120,71,57,101,66,42,631984600,539271966,476278730,,ok,Number of faculty members entered 2658
,,,,,,,,,,,,971,369,443,73,75,48,80,38,90,159,142,112,19,17,13,76184000,74066000,68305541,,ok,Number of faculty members entered 971
,,,,,,,,,,,,596,484,148,103,21,107,13,83,25,237,223,184,120,119,127,1500000,18395332,19464886,,ok,Number of faculty members entered 596
,,,,,,,,,,,,378,779,878,115,142,81,75,76,67,31,19,54,10,10,17,160407480,70419233,44347060,,ok,Number of faculty members entered 378
,,,,,,,,,,,,160,378,184,106,42,81,36,70,24,76,77,88,37,31,36,1399179447,1350746799,936713869,,ok,Number of faculty members entered 160
,,,,,,,,,,,,1177,591,173,167,116,195,112,33,10,88,82,101,31,28,55,73788777,59004884,55389561,,ok,Number of faculty members entered 1177
,,,,,,,,,,,,593,1091,54,157,7,163,15,144,0,108,82,84,25,19,28,374644089,409105202,364048918,,ok,Number of faculty members entered 593
,,,,,,,,,,,,892,353,201,53,18,52,21,51,19,125,117,112,62,54,47,260334043,117303771,68334119,,ok,Number of faculty members entered 892
,,,,,,,,,,,,1907,777,1852,62,163,69,215,69,150,47,101,149,20,34,42,60961825,137014456,151143245,,ok,Number of faculty members entered 1907
,,,,,,,,,,,,429,1800,1100,145,180,170,64,220,176,56,88,97,27,27,24,360000000,524500000,661257133,,ok,Number of faculty members entered 429
,,,,,,,,,,,,268,730,304,91,79,98,117,78,72,115,73,120,25,21,23,108458653,119243214,224007539,,ok,Number of faculty members entered 268
,,,,,,,,,,,,2226,770,1353,36,146,25,86,30,59,176,52,92,16,10,78,49634900,61513482,44111083,,ok,Number of faculty members entered 2226
,,,,,,,,,,,,644,670,214,32,14,22,20,13,10,113,105,79,41,40,36,89681517,282993463,49492837,,ok,Number of faculty members entered 644
,,,,,,,,,,,,901,750,667,28,26,34,21,35,43,29,31,104,15,15,15,90000000,89404350,81000000,,ok,Number of faculty members entered 901
,,,,,,,,,,,,285,454,265,422,497,89,45,73,48,59,41,55,28,21,24,288930305,293946299,156209883,,ok,Number of faculty members entered 285
,,,,,,,,,,,,329,665,0,190,0,198,0,184,0,56,48,31,17,12,8,134025000,112050000,77800000,,ok,Number of faculty members entered 329
,,,,,,,,,,,,702,549,225,198,248,149,225,362,251,58,55,53,43,43,43,325481618,319426800,294249426,,ok,Number of faculty members entered 702
,,,,,,,,,,,,427,350,565,136,112,244,0,461,0,84,41,110,29,20,15,51470388,115432000,117665402,,ok,Number of faculty members entered 427
,,,,,,,,,,,,518,114,0,16,0,14,0,16,0,239,237,247,66,58,58,256845590,215619158,277061433,,ok,Number of faculty members entered 518
,,,,,,,,,,,,523,208,0,15,0,16,0,19,0,63,60,82,13,22,24,24351614,20472568,64977723,,ok,Number of faculty members entered 523
,,,,,,,,,,,,554,267,0,27,0,25,0,20,0,43,29,30,29,24,21,26126190,20720821,18360100,,ok,Number of faculty members entered 554
,,,,,,,,,,,,652,724,306,100,41,174,57,112,29,111,72,53,23,20,10,289738134,174988363,45204027,,ok,Number of faculty members entered 652
,,,,,,,,,,,,531,797,19,63,0,57,0,59,0,132,117,66,13,33,33,231920100,342615549,132475101,,ok,Number of faculty members entered 531
,,,,,,,,,,,,372,439,92,154,34,117,36,96,40,180,89,216,45,22,37,212005920,282233735,228734803,,ok,Number of faculty members entered 372
,,,,,,,,,,,,1309,209,829,60,101,29,105,26,108,145,135,131,67,65,62,214552500,193542500,182085960,,ok,Number of faculty members entered 1309
,,,,,,,,,,,,997,89,472,2,32,5,47,0,42,23,13,24,13,9,6,40750355,25603375,9964261,,ok,Number of faculty members entered 997
,,,,,,,,,,,,211,316,918,65,172,92,204,41,63,56,166,53,13,11,16,213147960,196749061,70263777,,ok,Number of faculty members entered 211
,,,,,,,,,,,,781,625,0,85,0,89,0,98,0,545,545,571,167,171,177,1335712951,1244615279,1297890297,,ok,Number of faculty members entered 781
,,,,,,,,,,,,582,191,166,35,0,17,48,6,18,55,43,92,13,11,43,6405692,6469460,30599300,,ok,Number of faculty members entered 582
,,,,,,,,,,,,456,955,0,322,0,230,0,241,0,24,39,28,16,21,24,229655578,256151168,199965654,,ok,Number of faculty members entered 456
,,,,,,,,,,,,755,143,156,14,20,12,10,11,20,344,227,82,47,27,24,159991467,233225319,143941830,,ok,Number of faculty members entered 755
,,,,,,,,,,,,590,822,0,233,0,198,0,248,0,36,33,37,16,12,16,132402736,80073323,253556894,,ok,Number of faculty members entered 590
,,,,,,,,,,,,157,366,178,72,71,85,34,134,95,26,18,15,10,8,8,21815834,27911045,24244584,,ok,Number of faculty members entered 157
,,,,,,,,,,,,445,369,313,132,66,98,84,156,76,26,35,15,15,16,10,99628353,156144533,99856425,,ok,Number of faculty members entered 445
,,,,,,,,,,,,519,1274,44,214,0,198,7,220,4,35,59,51,19,24,18,941397066,1352392107,1334792506,,ok,Number of faculty members entered 519
,,,,,,,,,,,,248,364,4,29,1,29,0,20,0,53,38,56,12,8,8,34877000,36900000,48300000,,ok,Number of faculty members entered 248
,,,,,,,,,,,,419,555,123,103,25,97,46,95,42,56,40,33,11,11,9,195141072,197923676,255783076,,ok,Number of faculty members entered 419
,,,,,,,,,,,,177,94,245,5,79,12,172,2,70,5,3,9,4,3,6,7610000,6713000,9150000,,ok,Number of faculty members entered 177
,,,,,,,,,,,,566,131,147,9,12,14,16,3,10,38,32,26,18,15,17,36727413,26541008,24220402,,ok,Number of faculty members entered 566
,,,,,,,,,,,,1249,465,653,86,123,53,166,80,158,165,112,0,43,21,0,12522764,16233925,0,,ok,Number of faculty members entered 1249
,,,,,,,,,,,,1484,636,567,33,0,42,0,37,0,29,22,25,17,16,15,28164497,20072456,14042219,,ok,Number of faculty members entered 1484
,,,,,,,,,,,,1357,735,100,75,0,96,0,150,0,30,16,26,20,12,17,57603387,29074248,33287172,,ok,Number of faculty members entered 1357
,,,,,,,,,,,,293,796,109,59,9,57,21,48,32,253,306,334,25,43,33,112171912,130324432,238237334,,ok,Number of faculty members entered 293
,,,,,,,,,,,,266,508,105,46,40,70,54,156,102,15,11,21,15,4,7,12832742,3584446,6621248,,ok,Number of faculty members entered 266
,,,,,,,,,,,,337,429,58,429,58,43,31,27,21,44,43,53,12,14,20,82001060,85398660,149542528,,ok,Number of faculty members entered 337
,,,,,,,,,,,,975,527,0,117,8,155,0,144,12,483,262,316,32,33,60,882923878,953966527,1207741067,,ok,Number of faculty members entered 975
,,,,,,,,,,,,265,257,0,54,0,53,0,41,0,12,10,6,6,6,6,12270963,3152289,5908232,,ok,Number of faculty members entered 265
,,,,,,,,,,,,245,415,281,56,51,48,47,40,19,82,68,30,27,20,19,60735147,49877987,4463477,,ok,Number of faculty members entered 245
,,,,,,,,,,,,628,318,276,28,46,17,37,1,17,288,214,237,288,116,237,115006960,60118800,24490800,,ok,Number of faculty members entered 628
,,,,,,,,,,,,252,1178,0,74,0,102,0,81,0,356,227,205,22,29,32,159874194,188025495,176300307,,ok,Number of faculty members entered 252
,,,,,,,,,,,,522,34,241,0,2,3,3,2,5,85,78,34,51,33,20,146113100,107564000,70573000,,ok,Number of faculty members entered 522
,,,,,,,,,,,,902,192,272,19,22,15,14,2,13,41,14,28,6,4,7,32344808,9828600,10029896,,ok,Number of faculty members entered 902
,,,,,,,,,,,,372,491,0,138,0,97,0,71,0,123,114,146,19,16,96,410381396,454385649,314706000,,ok,Number of faculty members entered 372
,,,,,,,,,,,,282,548,0,103,0,179,0,136,0,32,38,50,9,16,31,83906821,123281273,172983850,,ok,Number of faculty members entered 282
,,,,,,,,,,,,490,317,323,43,36,36,29,24,16,42,20,80,10,7,17,111971883,34917381,18032101,,ok,Number of faculty members entered 490
,,,,,,,,,,,,245,119,144,10,47,8,3,8,2,62,330,221,28,10,18,30498996,29558966,27025582,,ok,Number of faculty members entered 245
,,,,,,,,,,,,221,306,172,73,37,38,25,36,23,19,9,14,7,6,6,37571445,10743414,8913247,,ok,Number of faculty members entered 221
,,,,,,,,,,,,121,106,53,10,12,14,4,11,0,77,55,153,30,37,63,226745000,196154626,184517621,,ok,Number of faculty members entered 121
,,,,,,,,,,,,556,101,37,4,4,6,2,9,4,41,41,31,21,11,15,89314257,131349800,109319200,,ok,Number of faculty members entered 556
,,,,,,,,,,,,233,650,82,147,0,125,0,132,0,80,81,83,13,17,16,35389645,47198439,100478758,,ok,Number of faculty members entered 233
,,,,,,,,,,,,927,503,635,18,11,10,16,12,14,43,51,28,21,28,20,21045247,11858178,7953534,,ok,Number of faculty members entered 927
,,,,,,,,,,,,429,323,15,323,15,331,138,344,159,114,103,96,30,30,27,214663539,101170543,375737442,,ok,Number of faculty members entered 429
,,,,,,,,,,,,166,312,37,25,0,9,0,14,0,93,13,20,15,5,13,54384132,51151297,20402626,,ok,Number of faculty members entered 166
,,,,,,,,,,,,490,321,5,197,0,70,4,65,3,181,184,208,24,23,25,796071221,654254081,681451895,,ok,Number of faculty members entered 490
,,,,,,,,,,,,1805,903,0,72,0,53,0,65,0,160,93,87,88,62,56,152323438,164296263,121991169,,ok,Number of faculty members entered 1805
,,,,,,,,,,,,1176,407,182,52,38,42,78,21,94,83,38,36,47,22,28,191569256,179548399,15647390,,ok,Number of faculty members entered 1176
,,,,,,,,,,,,227,263,0,165,0,245,0,102,50,58,20,17,15,5,9,25480194,11557437,11502307,,ok,Number of faculty members entered 227
,,,,,,,,,,,,377,230,382,31,10,25,12,8,24,29,26,47,9,7,10,35769083,22368237,42494333,,ok,Number of faculty members entered 377
,,,,,,,,,,,,476,269,0,103,0,22,0,18,0,9,4,5,7,2,2,7496222,81097000,5933250,,ok,Number of faculty members entered 476
,,,,,,,,,,,,377,1594,0,254,0,217,0,182,0,21,18,28,8,8,8,143169652,112520735,24559643,,ok,Number of faculty members entered 377
,,,,,,,,,,,,466,907,463,145,43,116,35,122,78,576,581,621,25,25,25,118099000,105922716,196385223,,ok,Number of faculty members entered 466
,,,,,,,,,,,,422,530,386,70,0,98,35,139,36,392,388,355,235,215,208,315287303,293380071,504087032,,ok,Number of faculty members entered 422
,,,,,,,,,,,,452,700,0,110,0,82,0,72,0,52,63,66,32,33,32,126749963,148282119,219473152,,ok,Number of faculty members entered 452
,,,,,,,,,,,,182,336,0,25,0,20,0,28,0,24,13,20,8,4,8,88704793,43999967,72605910,,ok,Number of faculty members entered 182
,,,,,,,,,,,,476,2708,133,286,6,269,15,329,23,1343,1178,1594,153,106,189,5347726925,5437309580,5257220083,,ok,Number of faculty members entered 476
,,,,,,,,,,,,693,4098,0,1008,0,611,0,777,0,193,298,302,48,54,26,281390442,298611768,217895251,,ok,Number of faculty members entered 693
,,,,,,,,,,,,740,1644,0,437,0,497,0,530,0,196,180,141,47,47,45,783988393,779349473,657668287,,ok,Number of faculty members entered 740
,,,,,,,,,,,,2854,1691,657,160,40,154,38,124,45,385,356,383,150,110,105,350126083,318223448,232544804,,ok,Number of faculty members entered 2854
,,,,,,,,,,,,1829,3121,99,647,24,566,17,493,5,648,482,459,47,60,45,2069435606,3589149887,1573734919,,ok,Number of faculty members entered 1829
,,,,,,,,,,,,1402,3502,0,840,0,910,0,627,0,444,553,434,46,46,32,491071150,555256974,559389437,,ok,Number of faculty members entered 1402
,,,,,,,,,,,,1928,899,1096,242,36,128,40,80,48,124,107,140,79,70,85,2604824076,2413512577,1113629808,,ok,Number of faculty members entered 1928
,,,,,,,,,,,,1464,2652,126,510,19,588,8,481,16,227,184,138,59,44,33,751286253,379815309,390209105,,ok,Number of faculty members entered 1464
,,,,,,,,,,,,907,2424,0,446,0,414,0,341,0,140,213,294,49,68,74,365928471,275198783,906971030,,ok,Number of faculty members entered 907
,,,,,,,,,,,,3326,3808,603,214,16,118,106,196,184,146,127,105,31,23,16,139337324,225184388,71779033,,ok,Number of faculty members entered 3326
,,,,,,,,,,,,900,414,1021,109,90,82,67,86,63,3038,5225,6270,684,1096,1954,283062130,6431200,11990250,,ok,Number of faculty members entered 900
,,,,,,,,,,,,4120,2010,961,197,146,159,160,65,116,391,147,87,343,27,21,282447565,90703348,73315484,,ok,Number of faculty members entered 4120
,,,,,,,,,,,,941,933,583,149,85,157,118,134,93,93,119,84,46,49,33,383628283,468110570,385574187,,ok,Number of faculty members entered 941
,,,,,,,,,,,,1280,1156,119,154,5,76,3,87,6,88,71,104,35,33,41,97101000,92545000,101038000,,ok,Number of faculty members entered 1280
,,,,,,,,,,,,2058,1744,0,212,0,184,0,137,0,151,126,101,61,49,49,204116643,99127693,103503419,,ok,Number of faculty members entered 2058
,,,,,,,,,,,,1184,2368,0,275,0,302,0,240,0,581,500,956,176,192,218,7026084000,5200875480,2889072003,,ok,Number of faculty members entered 1184
,,,,,,,,,,,,412,1506,60,242,7,204,0,178,6,458,378,398,55,78,55,650934326,304072791,393003086,,ok,Number of faculty members entered 412
,,,,,,,,,,,,1219,1098,1743,279,285,545,387,587,483,142,648,679,13,66,76,146763387,921245785,1401279356,,ok,Number of faculty members entered 1219
,,,,,,,,,,,,979,1408,392,155,30,113,55,88,24,257,301,320,62,105,101,330600706,513082486,442930430,,ok,Number of faculty members entered 979
,,,,,,,,,,,,2312,1006,601,182,72,188,0,103,0,148,120,71,146,101,66,641585000,631984600,539271966,,ok,Number of faculty members entered 2312
,,,,,,,,,,,,306,1046,477,584,159,573,149,536,138,48,42,68,41,38,30,332000000,262830217,166621630,,ok,Number of faculty members entered 306
,,,,,,,,,,,,988,449,443,125,0,73,75,48,80,234,159,142,102,19,17,103573102,76184000,74066000,,ok,Number of faculty members entered 988
,,,,,,,,,,,,801,1389,0,225,0,478,0,475,0,70,60,95,24,15,20,74580443,389095394,304996410,,ok,Number of faculty members entered 801
,,,,,,,,,,,,803,612,120,83,10,53,18,52,21,156,125,117,66,62,54,148947314,260334043,117303771,,ok,Number of faculty members entered 803
,,,,,,,,,,,,702,689,85,498,238,198,248,149,225,87,58,55,71,43,43,503319397,325481618,319426800,,ok,Number of faculty members entered 702
,,,,,,,,,,,,272,378,128,157,375,157,369,158,364,110,106,121,15,24,17,136859509,313507185,276574930,,ok,Number of faculty members entered 272
,,,,,,,,,,,,1926,731,1171,60,123,33,146,24,86,1014,176,52,108,16,10,2223000,5680000,4763610,,ok,Number of faculty members entered 1926
,,,,,,,,,,,,843,414,155,133,10,61,10,43,11,73,87,87,18,14,15,539685492,117233514,397610718,,ok,Number of faculty members entered 843
,,,,,,,,,,,,752,528,132,84,20,76,23,69,24,44,52,66,20,24,34,108490000,103620000,84804000,,ok,Number of faculty members entered 752
,,,,,,,,,,,,628,575,238,124,29,103,21,107,13,31,237,223,12,120,119,25047175,1500000,18395332,,ok,Number of faculty members entered 628
,,,,,,,,,,,,1585,657,161,126,160,167,116,195,112,104,88,82,33,31,28,100109423,73788777,59004884,,ok,Number of faculty members entered 1585
,,,,,,,,,,,,2213,778,1849,119,261,62,163,69,215,121,47,101,51,20,34,201477096,60961825,137014456,,ok,Number of faculty members entered 2213
,,,,,,,,,,,,391,791,0,213,0,190,0,198,0,64,56,48,22,17,12,213740800,134025000,112050000,,ok,Number of faculty members entered 391
,,,,,,,,,,,,304,737,160,118,98,91,79,98,117,139,115,73,46,25,21,853721689,108458653,119243214,,ok,Number of faculty members entered 304
,,,,,,,,,,,,191,465,109,93,5,73,3,186,11,171,197,114,96,107,61,298108295,415594558,252661675,,ok,Number of faculty members entered 191
,,,,,,,,,,,,286,543,297,194,279,422,497,89,45,60,59,41,21,28,21,348595849,288930305,293946299,,ok,Number of faculty members entered 286
,,,,,,,,,,,,186,346,187,83,21,106,42,81,36,185,76,77,40,37,31,1515973524,1399179447,1350746799,,ok,Number of faculty members entered 186
,,,,,,,,,,,,969,2489,421,496,0,645,0,392,0,275,261,188,94,26,26,198419807,217853669,272785340,,ok,Number of faculty members entered 969
,,,,,,,,,,,,348,423,75,132,37,154,34,117,36,51,180,89,19,45,22,222156177,212005920,282233735,,ok,Number of faculty members entered 348
,,,,,,,,,,,,438,1282,426,412,121,323,15,331,138,118,114,103,37,30,30,437762328,214663539,101170543,,ok,Number of faculty members entered 438
,,,,,,,,,,,,637,516,46,82,1,63,0,57,0,133,132,117,16,13,33,224794060,231920100,342615549,,ok,Number of faculty members entered 637
,,,,,,,,,,,,699,857,275,37,16,32,14,22,20,141,113,105,58,41,40,323814740,89681517,282993463,,ok,Number of faculty members entered 699
,,,,,,,,,,,,470,1000,900,539,565,145,180,170,64,62,56,88,22,27,27,247500000,360000000,524500000,,ok,Number of faculty members entered 470
,,,,,,,,,,,,497,358,0,18,0,15,0,16,0,62,63,60,32,13,22,12884843,3333795,3811795,,ok,Number of faculty members entered 497
,,,,,,,,,,,,644,1160,32,222,9,157,7,163,15,84,108,82,14,25,19,132519953,374644089,409105202,,ok,Number of faculty members entered 644
,,,,,,,,,,,,999,298,436,2,40,2,32,5,47,20,23,13,10,13,9,15693049,40750355,25603375,,ok,Number of faculty members entered 999
,,,,,,,,,,,,388,750,779,111,118,115,142,81,75,13,31,19,10,10,10,147013386,160407480,70419233,,ok,Number of faculty members entered 388
,,,,,,,,,,,,1025,731,637,74,73,28,26,34,21,15,29,31,15,15,15,79947708,90000000,89404350,,ok,Number of faculty members entered 1025
,,,,,,,,,,,,574,245,0,20,0,27,0,25,0,35,43,29,28,29,24,35146932,26126190,20720821,,ok,Number of faculty members entered 574
,,,,,,,,,,,,322,569,79,146,31,103,25,97,46,72,56,40,12,11,11,298855422,195141072,197923676,,ok,Number of faculty members entered 322
,,,,,,,,,,,,1389,404,528,67,60,45,101,26,105,158,145,135,71,67,65,225725203,214552500,193542500,,ok,Number of faculty members entered 1389
,,,,,,,,,,,,639,169,342,5,14,33,0,8,48,21,55,43,16,13,11,5482266,6405692,6469460,,ok,Number of faculty members entered 639
,,,,,,,,,,,,522,159,0,14,0,16,0,14,0,289,239,237,66,66,58,213985456,256845590,215619158,,ok,Number of faculty members entered 522
,,,,,,,,,,,,436,332,544,152,205,136,112,244,0,83,84,41,56,29,20,504384000,51470388,115432000,,ok,Number of faculty members entered 436
,,,,,,,,,,,,651,177,257,12,16,14,20,12,10,299,344,227,125,47,27,582743692,159991467,233225319,,ok,Number of faculty members entered 651
,,,,,,,,,,,,206,324,198,109,66,72,71,85,34,11,26,18,10,10,8,24639447,21815834,27911045,,ok,Number of faculty members entered 206
,,,,,,,,,,,,793,534,0,106,0,85,0,89,0,480,545,545,186,167,171,1273130173,1335712951,1244615279,,ok,Number of faculty members entered 793
,,,,,,,,,,,,275,563,0,70,0,70,0,98,35,370,392,388,234,235,215,316713386,315287303,293380071,,ok,Number of faculty members entered 275
,,,,,,,,,,,,325,608,312,258,156,229,321,223,315,43,71,62,39,24,19,406124000,253355000,192143500,,ok,Number of faculty members entered 325
,,,,,,,,,,,,1651,656,610,39,8,33,0,42,0,47,29,22,31,17,16,32186597,28164497,20072456,,ok,Number of faculty members entered 1651
,,,,,,,,,,,,560,1686,0,367,0,322,0,230,0,43,24,39,24,16,21,322971435,229655578,256151168,,ok,Number of faculty members entered 560
,,,,,,,,,,,,273,399,10,33,0,29,1,29,0,72,53,38,15,12,8,46955000,34877000,36900000,,ok,Number of faculty members entered 273
,,,,,,,,,,,,207,334,770,112,281,65,172,92,204,112,56,166,20,13,11,136953582,213147960,196749061,,ok,Number of faculty members entered 207
,,,,,,,,,,,,887,281,349,32,57,13,32,15,33,21,23,9,20,19,5,154374341,35302812,23170000,,ok,Number of faculty members entered 887
,,,,,,,,,,,,1370,874,100,98,0,74,0,96,0,28,30,16,22,20,12,28566120,57603387,29074248,,ok,Number of faculty members entered 1370
,,,,,,,,,,,,672,172,266,13,12,9,12,14,16,64,38,32,24,18,15,39084293,36727413,26541008,,ok,Number of faculty members entered 672
,,,,,,,,,,,,610,835,0,249,0,233,0,198,0,36,36,33,15,16,12,89171729,132402736,80073323,,ok,Number of faculty members entered 610
,,,,,,,,,,,,411,128,254,10,8,0,2,3,3,62,85,78,33,51,33,175818705,146113100,107564000,,ok,Number of faculty members entered 411
,,,,,,,,,,,,306,795,141,71,18,59,9,57,21,108,253,306,36,25,43,163962763,112171912,130324432,,ok,Number of faculty members entered 306
,,,,,,,,,,,,272,254,0,57,0,54,0,53,0,8,12,10,4,6,6,6802407,12270963,3152289,,ok,Number of faculty members entered 272
,,,,,,,,,,,,1016,288,330,14,28,19,22,15,14,18,41,14,6,6,4,20109500,32344808,9828600,,ok,Number of faculty members entered 1016
,,,,,,,,,,,,612,502,158,35,23,28,46,17,37,205,288,214,152,288,116,31718900,84597000,18873000,,ok,Number of faculty members entered 612
,,,,,,,,,,,,1331,323,821,75,118,86,123,53,166,193,165,112,57,43,21,21494223,12522764,16233925,,ok,Number of faculty members entered 1331
,,,,,,,,,,,,130,128,40,17,8,10,12,14,4,116,77,55,46,30,37,531567168,226745000,196154626,,ok,Number of faculty members entered 130
,,,,,,,,,,,,203,57,224,27,169,5,79,12,172,9,5,3,5,4,3,114150000,7610000,6713000,,ok,Number of faculty members entered 203
,,,,,,,,,,,,521,1357,83,244,29,214,0,198,7,129,35,59,39,19,24,1013185995,941397066,1352392107,,ok,Number of faculty members entered 521
,,,,,,,,,,,,250,1000,0,111,0,74,0,102,0,220,356,227,25,22,29,678590065,159874194,188025495,,ok,Number of faculty members entered 250
,,,,,,,,,,,,1743,753,0,83,0,72,0,53,0,237,160,93,150,88,62,214101027,152323438,164296263,,ok,Number of faculty members entered 1743
,,,,,,,,,,,,254,214,379,4,65,10,47,8,3,38,62,330,17,28,10,26139766,30498996,29558966,,ok,Number of faculty members entered 254
,,,,,,,,,,,,290,371,225,58,78,56,51,48,47,43,82,68,27,27,20,99154377,60735147,49877987,,ok,Number of faculty members entered 290
,,,,,,,,,,,,377,693,389,195,91,109,47,99,86,183,86,50,32,42,37,69318778,1221564000,311687000,,ok,Number of faculty members entered 377
,,,,,,,,,,,,337,453,99,40,4,59,58,43,31,46,44,43,13,12,14,71253348,82001060,85398660,,ok,Number of faculty members entered 337
,,,,,,,,,,,,181,523,0,38,0,25,0,20,0,46,24,13,10,8,4,64623445,88704793,43999967,,ok,Number of faculty members entered 181
,,,,,,,,,,,,934,451,0,207,7,117,8,155,0,490,483,262,54,32,33,909105617,882923878,953966527,,ok,Number of faculty members entered 934
,,,,,,,,,,,,170,129,65,29,12,17,14,14,19,5,6,6,4,5,5,3352626,2904405,6749666,,ok,Number of faculty members entered 170
,,,,,,,,,,,,953,542,612,22,16,18,11,10,16,40,43,51,30,21,28,48130752,21045247,11858178,,ok,Number of faculty members entered 953
,,,,,,,,,,,,444,459,373,113,76,132,66,98,84,12,26,35,10,15,16,114861147,99628353,156144533,,ok,Number of faculty members entered 444
,,,,,,,,,,,,363,495,0,105,0,138,0,97,0,128,123,114,26,19,16,470063887,410381396,454385649,,ok,Number of faculty members entered 363
,,,,,,,,,,,,264,619,98,50,29,46,40,70,54,25,15,11,9,15,4,23034970,12832742,3584446,,ok,Number of faculty members entered 264
,,,,,,,,,,,,443,324,0,105,0,197,0,70,4,198,181,184,79,24,23,753028972,796071221,654254081,,ok,Number of faculty members entered 443
,,,,,,,,,,,,971,526,457,61,37,9,48,14,33,19,72,38,12,58,33,69588064,222517264,154449514,,ok,Number of faculty members entered 971
,,,,,,,,,,,,448,253,249,51,11,45,6,16,27,100,86,116,10,7,9,28288401,9662000,19641000,,ok,Number of faculty members entered 448
,,,,,,,,,,,,228,296,135,57,63,73,37,38,25,8,19,9,7,7,6,54725809,37571445,10743414,,ok,Number of faculty members entered 228
,,,,,,,,,,,,286,258,0,33,0,19,6,10,5,192,180,36,54,43,20,33700138,6600138,10615000,,ok,Number of faculty members entered 286
,,,,,,,,,,,,684,122,42,3,6,4,4,6,2,29,41,41,14,21,11,55321365,89314257,131349800,,ok,Number of faculty members entered 684
,,,,,,,,,,,,737,149,362,8,39,3,40,4,35,20,25,22,12,11,12,9107567,22412464,9234884,,ok,Number of faculty members entered 737
,,,,,,,,,,,,719,1021,85,380,0,323,0,353,0,140,89,79,21,15,14,135429154,96472685,83260540,,ok,Number of faculty members entered 719
,,,,,,,,,,,,505,320,335,33,19,43,36,36,29,65,42,20,8,10,7,31337765,111971883,34917381,,ok,Number of faculty members entered 505
,,,,,,,,,,,,170,303,36,36,0,25,0,9,0,72,93,13,23,15,5,53942853,54384132,51151297,,ok,Number of faculty members entered 170
,,,,,,,,,,,,544,306,0,22,0,103,0,22,0,7,9,4,4,7,2,5538557,7496222,81097000,,ok,Number of faculty members entered 544
,,,,,,,,,,,,481,2637,135,382,13,286,6,269,15,1412,1343,1178,276,153,106,11118521445,5347726925,5437309580,,ok,Number of faculty members entered 481
,,,,,,,,,,,,734,2904,0,885,0,1008,0,611,0,274,193,298,34,48,54,678674854,281390442,298611768,,ok,Number of faculty members entered 734
,,,,,,,,,,,,2938,2167,1019,198,60,160,40,154,38,444,385,356,150,150,110,473138286,350126083,318223448,,ok,Number of faculty members entered 2938
,,,,,,,,,,,,742,1649,0,586,0,437,0,497,0,204,196,180,27,47,47,936667416,783988393,779349473,,ok,Number of faculty members entered 742
,,,,,,,,,,,,1189,3595,0,766,0,840,0,910,0,479,444,553,50,46,46,751219345,491071150,555256974,,ok,Number of faculty members entered 1189
,,,,,,,,,,,,1907,2225,88,638,27,647,24,566,17,598,648,482,87,47,60,1998784433,2069435606,3589149887,,ok,Number of faculty members entered 1907
,,,,,,,,,,,,1071,1651,475,209,38,155,30,113,55,425,257,301,118,62,105,476006612,330600706,513082486,,ok,Number of faculty members entered 1071
,,,,,,,,,,,,2104,1073,1236,243,41,281,36,160,40,151,124,107,82,79,70,981189360,2604824076,2413512577,,ok,Number of faculty members entered 2104
,,,,,,,,,,,,934,2535,0,421,0,446,0,414,0,121,140,213,55,49,68,367112181,365928471,275198783,,ok,Number of faculty members entered 934
,,,,,,,,,,,,1424,2466,106,558,20,510,19,588,8,243,227,184,64,59,44,807603543,751286253,379815309,,ok,Number of faculty members entered 1424
,,,,,,,,,,,,4466,1760,881,360,186,197,146,159,160,127,391,147,34,343,27,203093412,282447565,90703348,,ok,Number of faculty members entered 4466
,,,,,,,,,,,,1211,2371,0,324,0,275,0,302,0,776,581,500,171,176,192,10378616020,7026084000,5200875480,,ok,Number of faculty members entered 1211
,,,,,,,,,,,,1129,658,849,127,114,109,90,82,67,59,3038,5225,46,684,1096,31051289,283062130,6431200,,ok,Number of faculty members entered 1129
,,,,,,,,,,,,3352,4516,626,441,8,214,16,118,106,201,146,127,31,31,23,202868433,139337324,225184388,,ok,Number of faculty members entered 3352
,,,,,,,,,,,,1366,1194,132,225,4,154,5,76,3,102,88,71,48,35,33,103864000,97101000,92545000,,ok,Number of faculty members entered 1366
,,,,,,,,,,,,561,1354,0,306,0,181,0,100,0,242,218,751,40,53,25,2068392061,1531225000,1393402921,,ok,Number of faculty members entered 561
,,,,,,,,,,,,2006,1789,0,214,0,212,0,184,0,164,151,126,71,61,49,542910621,204116643,99127693,,ok,Number of faculty members entered 2006
,,,,,,,,,,,,428,1455,42,294,8,242,7,204,0,455,458,378,51,55,78,1014356384,650934326,304072791,,ok,Number of faculty members entered 428
,,,,,,,,,,,,2474,914,371,121,65,182,72,188,0,160,148,120,129,146,101,655277000,641585000,631984600,,ok,Number of faculty members entered 2474
,,,,,,,,,,,,856,1157,652,148,62,149,85,157,118,98,93,119,46,46,49,224679428,383628283,468110570,,ok,Number of faculty members entered 856
,,,,,,,,,,,,767,721,79,114,41,83,10,53,18,155,156,125,68,66,62,225263878,148947314,260334043,,ok,Number of faculty members entered 767
,,,,,,,,,,,,2331,882,2039,162,258,118,261,62,163,150,121,47,51,51,20,127972571,201477096,60961825,,ok,Number of faculty members entered 2331
,,,,,,,,,,,,702,451,274,292,388,498,238,198,248,92,87,58,52,71,43,506520405,503319397,325481618,,ok,Number of faculty members entered 702
,,,,,,,,,,,,1530,1064,207,95,163,73,160,128,116,272,104,88,37,33,31,150990542,100109423,73788777,,ok,Number of faculty members entered 1530
,,,,,,,,,,,,306,1462,571,596,166,584,159,573,149,53,48,42,43,41,38,363127216,332000000,262830217,,ok,Number of faculty members entered 306
,,,,,,,,,,,,985,545,474,103,25,125,0,73,75,279,234,159,133,102,19,112408000,103573102,76184000,,ok,Number of faculty members entered 985
,,,,,,,,,,,,788,482,45,110,14,84,20,76,23,43,44,52,22,20,24,340729000,108490000,103620000,,ok,Number of faculty members entered 788
,,,,,,,,,,,,709,582,236,128,31,124,29,103,21,28,31,237,14,12,120,25410374,25047175,1500000,,ok,Number of faculty members entered 709
,,,,,,,,,,,,847,686,127,138,6,133,10,61,10,84,73,87,22,18,14,290180703,539685492,105126356,,ok,Number of faculty members entered 847
,,,,,,,,,,,,625,1444,542,602,296,304,565,107,180,65,62,56,22,22,27,31760774,148543926,326034526,,ok,Number of faculty members entered 625
,,,,,,,,,,,,2088,899,1125,95,188,60,123,33,146,62,1014,176,12,108,16,2119529,2223000,5680000,,ok,Number of faculty members entered 2088
,,,,,,,,,,,,290,739,160,184,67,118,98,91,79,193,139,115,54,46,25,1215165139,853721689,108458653,,ok,Number of faculty members entered 290
,,,,,,,,,,,,452,1205,115,485,182,412,121,323,15,159,118,114,32,37,30,656120864,437762328,214663539,,ok,Number of faculty members entered 452
,,,,,,,,,,,,674,990,14,198,11,222,9,157,7,52,84,108,14,14,25,124445131,132519953,374644089,,ok,Number of faculty members entered 674
,,,,,,,,,,,,950,3097,0,497,0,496,0,645,0,143,275,261,48,94,26,417827398,198419807,217853669,,ok,Number of faculty members entered 950
,,,,,,,,,,,,292,409,132,191,231,194,279,422,497,73,60,59,22,21,28,440294426,348595849,288930305,,ok,Number of faculty members entered 292
,,,,,,,,,,,,407,802,0,227,0,213,0,190,0,71,64,56,27,22,17,274856210,213740800,134025000,,ok,Number of faculty members entered 407
,,,,,,,,,,,,340,1022,464,398,281,132,37,154,34,88,51,180,26,19,45,235105776,222156177,212005920,,ok,Number of faculty members entered 340
,,,,,,,,,,,,1206,1092,1710,287,340,279,285,545,387,275,142,648,10,13,66,149799014,146763387,921245785,,ok,Number of faculty members entered 1206
,,,,,,,,,,,,193,452,86,83,13,93,5,73,3,219,171,197,123,96,107,477771727,298108295,415594558,,ok,Number of faculty members entered 193
,,,,,,,,,,,,504,388,0,71,0,18,0,15,0,20,62,63,14,32,13,29491388,12884843,3333795,,ok,Number of faculty members entered 504
,,,,,,,,,,,,1033,773,608,141,71,74,73,28,26,15,15,29,15,15,15,54393604,79947708,90000000,,ok,Number of faculty members entered 1033
,,,,,,,,,,,,220,506,323,144,17,48,6,74,13,156,185,76,47,40,37,2034207991,1515973524,1399179447,,ok,Number of faculty members entered 220
,,,,,,,,,,,,382,731,725,80,62,111,118,115,142,41,13,31,12,10,10,166816254,147013386,160407480,,ok,Number of faculty members entered 382
,,,,,,,,,,,,1048,292,231,8,54,2,40,2,32,27,20,23,12,10,13,43199371,17671962,29374825,,ok,Number of faculty members entered 1048
,,,,,,,,,,,,226,520,179,129,348,157,375,157,369,105,110,106,15,15,24,271129694,136859509,313507185,,ok,Number of faculty members entered 226
,,,,,,,,,,,,638,496,56,99,1,82,1,63,0,110,133,132,15,16,13,228658177,224794060,231920100,,ok,Number of faculty members entered 638
,,,,,,,,,,,,794,212,388,11,20,5,14,33,0,8,21,55,6,16,13,5232587,5482266,6405692,,ok,Number of faculty members entered 794
,,,,,,,,,,,,763,940,342,55,20,37,16,32,14,168,141,113,62,58,41,176934831,323814740,89681517,,ok,Number of faculty members entered 763
,,,,,,,,,,,,379,83,0,10,0,14,0,16,0,339,289,239,110,66,66,678623759,213985456,256845590,,ok,Number of faculty members entered 379
,,,,,,,,,,,,332,472,86,278,30,146,31,103,25,97,72,56,12,12,11,338391990,298855422,195141072,,ok,Number of faculty members entered 332
,,,,,,,,,,,,602,266,0,46,0,20,0,27,0,26,35,43,20,28,29,26181426,35146932,26126190,,ok,Number of faculty members entered 602
,,,,,,,,,,,,1407,552,362,67,55,67,60,45,101,176,158,145,76,71,67,59341089,42255257,43713217,,ok,Number of faculty members entered 1407
,,,,,,,,,,,,505,2156,0,428,0,367,0,322,0,102,43,24,54,24,16,808462928,322971435,229655578,,ok,Number of faculty members entered 505
,,,,,,,,,,,,141,128,40,23,9,17,8,10,12,119,116,77,51,46,30,453682876,531567168,226745000,,ok,Number of faculty members entered 141
,,,,,,,,,,,,653,1263,0,183,0,225,0,478,0,128,70,60,53,24,15,338721516,74580443,389095394,,ok,Number of faculty members entered 653
,,,,,,,,,,,,232,456,11,43,0,33,0,29,1,50,72,53,10,15,12,77300680,46955000,34877000,,ok,Number of faculty members entered 232
,,,,,,,,,,,,974,355,326,24,63,32,57,13,32,11,21,23,11,20,19,128653608,154374341,35302812,,ok,Number of faculty members entered 974
,,,,,,,,,,,,1683,621,0,105,0,83,0,72,0,261,237,160,188,150,88,44508092,26886040,19632829,,ok,Number of faculty members entered 1683
,,,,,,,,,,,,662,250,344,18,19,12,16,14,20,284,299,344,38,125,47,757589218,582743692,159991467,,ok,Number of faculty members entered 662
,,,,,,,,,,,,275,216,495,18,90,4,65,10,47,41,38,62,18,17,28,27205575,26139766,30498996,,ok,Number of faculty members entered 275
,,,,,,,,,,,,1389,900,100,88,0,98,0,74,0,39,28,30,26,22,20,57318096,28566120,57603387,,ok,Number of faculty members entered 1389
,,,,,,,,,,,,1735,691,628,25,57,39,8,33,0,60,47,29,35,31,17,83726801,32186597,28164497,,ok,Number of faculty members entered 1735
,,,,,,,,,,,,700,407,0,120,0,109,0,85,0,551,480,545,180,186,167,1227127252,1273130173,1335712951,,ok,Number of faculty members entered 700
,,,,,,,,,,,,290,364,246,201,126,195,91,109,47,182,183,86,29,32,42,731306863,69318778,1221564000,,ok,Number of faculty members entered 290
,,,,,,,,,,,,601,894,0,279,0,249,0,233,0,37,36,36,15,15,16,12339932,10216490,12954195,,ok,Number of faculty members entered 601
,,,,,,,,,,,,411,331,139,20,15,10,8,0,2,70,62,85,23,33,51,174535000,175818705,146113100,,ok,Number of faculty members entered 411
,,,,,,,,,,,,295,327,0,95,0,78,0,44,21,224,192,180,65,54,43,219866400,33700138,6600138,,ok,Number of faculty members entered 295
,,,,,,,,,,,,207,337,0,63,0,57,0,54,0,15,8,12,5,4,6,14050723,6687405,12270963,,ok,Number of faculty members entered 207
,,,,,,,,,,,,654,552,168,55,13,35,23,28,46,154,205,288,147,152,288,66774856,31718900,84597000,,ok,Number of faculty members entered 654
,,,,,,,,,,,,438,376,198,146,202,152,205,136,112,92,83,84,58,56,29,541756582,504384000,51470388,,ok,Number of faculty members entered 438
,,,,,,,,,,,,275,346,193,70,39,70,0,70,0,261,370,392,186,234,235,330273724,316713386,315287303,,ok,Number of faculty members entered 275
,,,,,,,,,,,,934,531,0,219,1,207,7,117,8,520,490,483,77,54,32,774455514,909105617,882923878,,ok,Number of faculty members entered 934
,,,,,,,,,,,,577,1385,138,285,46,244,29,214,0,136,129,35,41,39,19,1073465333,1013185995,941397066,,ok,Number of faculty members entered 577
,,,,,,,,,,,,570,535,0,141,0,65,0,101,0,213,205,189,71,77,60,1697643867,229336549,412040000,,ok,Number of faculty members entered 570
,,,,,,,,,,,,1614,294,748,63,58,75,118,86,123,211,193,165,59,57,43,29856730,21494223,12522764,,ok,Number of faculty members entered 1614
,,,,,,,,,,,,208,557,14,51,0,38,0,25,0,53,46,24,8,10,8,138823394,64623445,88704793,,ok,Number of faculty members entered 208
,,,,,,,,,,,,979,405,467,59,47,61,37,9,48,16,19,72,13,12,58,24002861,22647766,24317501,,ok,Number of faculty members entered 979
,,,,,,,,,,,,322,957,50,122,4,71,18,59,9,120,108,253,34,36,25,127072210,163962763,112171912,,ok,Number of faculty members entered 322
,,,,,,,,,,,,795,174,324,23,11,13,12,9,12,62,64,38,26,24,18,73128065,39084293,36727413,,ok,Number of faculty members entered 795
,,,,,,,,,,,,534,101,216,12,192,8,146,11,148,41,33,32,25,15,15,498683478,284538122,225031022,,ok,Number of faculty members entered 534
,,,,,,,,,,,,267,864,0,161,0,111,0,74,0,258,220,356,27,25,22,558758096,678590065,159874194,,ok,Number of faculty members entered 267
,,,,,,,,,,,,177,284,55,55,0,36,0,25,0,89,72,93,22,23,15,91525408,53942853,54384138,,ok,Number of faculty members entered 177
,,,,,,,,,,,,345,926,694,305,171,258,156,229,321,73,0,71,34,0,24,4700000,0,37900000,,ok,Number of faculty members entered 345
,,,,,,,,,,,,1124,390,492,17,34,14,28,19,22,24,18,41,9,6,6,34446685,20109500,32344808,,ok,Number of faculty members entered 1124
,,,,,,,,,,,,183,342,811,55,110,112,281,65,172,78,112,56,13,20,13,172409523,136953582,213147960,,ok,Number of faculty members entered 183
,,,,,,,,,,,,1036,429,668,47,54,22,16,18,11,67,40,43,32,30,21,54573949,48130752,21045247,,ok,Number of faculty members entered 1036
,,,,,,,,,,,,2071,663,975,116,28,47,58,14,88,57,47,41,10,8,10,130966165,56888401,28896185,,ok,Number of faculty members entered 2071
,,,,,,,,,,,,218,452,0,57,0,31,0,47,0,89,71,83,19,19,13,181499909,78667304,197955272,,ok,Number of faculty members entered 218
,,,,,,,,,,,,169,108,82,24,8,29,12,17,14,3,5,6,3,4,5,3826290,3352626,2904405,,ok,Number of faculty members entered 169
,,,,,,,,,,,,1365,795,111,162,41,147,33,88,48,251,0,0,90,0,0,219189897,0,0,,ok,Number of faculty members entered 1365
,,,,,,,,,,,,367,440,110,76,11,40,4,59,58,113,46,44,24,13,12,170534102,71253348,82001060,,ok,Number of faculty members entered 367
,,,,,,,,,,,,374,375,255,55,50,58,78,56,51,46,43,82,26,27,27,92118501,99154377,60735147,,ok,Number of faculty members entered 374
,,,,,,,,,,,,213,272,260,65,67,109,66,72,71,9,11,26,7,10,10,2947986,24639447,21815834,,ok,Number of faculty members entered 213
,,,,,,,,,,,,540,283,0,86,0,105,0,197,0,287,198,181,84,79,24,641861170,753028972,796071221,,ok,Number of faculty members entered 540
,,,,,,,,,,,,549,291,279,20,8,51,11,45,6,117,100,86,18,10,7,34883409,28288401,9662000,,ok,Number of faculty members entered 549
,,,,,,,,,,,,368,615,179,112,84,124,51,146,96,45,26,65,23,18,22,91534369,90057661,135703691,,ok,Number of faculty members entered 368
,,,,,,,,,,,,746,1025,90,459,0,380,0,323,0,188,140,89,22,21,15,186389250,135429154,96472685,,ok,Number of faculty members entered 746
,,,,,,,,,,,,486,371,353,53,22,33,19,43,36,18,65,42,12,8,10,102819000,31337765,111971883,,ok,Number of faculty members entered 486
,,,,,,,,,,,,184,342,0,29,0,26,0,21,0,72,63,64,28,39,43,301707984,258955001,288301476,,ok,Number of faculty members entered 184
