institute_id,year,total_documents,total_citations,avg_citations_per_doc,note
IR-O-U-0220,2021,5000,111146,22.23,only 5000/5372 retrieved (ceiling or partial failure)
IR-O-U-0220,2022,5000,83964,16.79,only 5000/5803 retrieved (ceiling or partial failure)
IR-O-U-0220,2023,5000,66824,13.36,only 5000/5648 retrieved (ceiling or partial failure)
IR-O-U-0220,2024,5000,47527,9.51,only 5000/6072 retrieved (ceiling or partial failure)
IR-O-U-0220,2025,5000,20914,4.18,only 5000/6516 retrieved (ceiling or partial failure)
IR-O-U-0109,2021,1542,32667,21.18,
IR-O-U-0109,2022,1577,22877,14.51,
IR-O-U-0109,2023,1562,16490,10.56,
IR-O-U-0109,2024,1606,13402,8.34,
IR-O-U-0109,2025,1527,4744,3.11,
IR-O-U-0500,2021,2493,73303,29.4,
IR-O-U-0500,2022,3021,64255,21.27,
IR-O-U-0500,2023,3107,45976,14.8,
IR-O-U-0500,2024,3318,33639,10.14,
IR-O-U-0500,2025,3478,14443,4.15,
IR-O-U-0042,2021,1097,27334,24.92,
IR-O-U-0042,2022,1123,17331,15.43,
IR-O-U-0042,2023,1177,13164,11.18,
IR-O-U-0042,2024,1142,11727,10.27,
IR-O-U-0042,2025,1151,2972,2.58,
IR-O-U-0570,2021,1471,36516,24.82,
IR-O-U-0570,2022,1451,29483,20.32,
IR-O-U-0570,2023,1392,13096,9.41,
IR-O-U-0570,2024,1501,9943,6.62,
IR-O-U-0570,2025,1437,4233,2.95,
IR-O-U-0575,2021,2074,38754,18.69,
IR-O-U-0575,2022,2140,28368,13.26,
IR-O-U-0575,2023,2192,25922,11.83,
IR-O-U-0575,2024,2311,16686,7.22,
IR-O-U-0575,2025,2182,7656,3.51,
IR-O-U-0439,2021,2315,45291,19.56,
IR-O-U-0439,2022,2396,35104,14.65,
IR-O-U-0439,2023,2332,25179,10.8,
IR-O-U-0439,2024,2363,17641,7.47,
IR-O-U-0439,2025,2434,8246,3.39,
IR-O-U-0436,2021,1760,25674,14.59,
IR-O-U-0436,2022,2001,24716,12.35,
IR-O-U-0436,2023,2645,26877,10.16,
IR-O-U-0436,2024,3814,29415,7.71,
IR-O-U-0436,2025,4544,16677,3.67,
IR-O-U-0234,2021,2660,62817,23.62,
IR-O-U-0234,2022,3298,65118,19.74,
IR-O-U-0234,2023,3559,57352,16.11,
IR-O-U-0234,2024,4823,70742,14.67,
IR-O-U-0234,2025,5000,27633,5.53,only 5000/6223 retrieved (ceiling or partial failure)
IR-O-U-0323,2021,980,19792,20.2,
IR-O-U-0323,2022,1116,20723,18.57,
IR-O-U-0323,2023,1276,14828,11.62,
IR-O-U-0323,2024,1240,10480,8.45,
IR-O-U-0323,2025,1582,5597,3.54,
IR-O-U-0496,2021,2011,44664,22.21,
IR-O-U-0496,2022,2224,41986,18.88,
IR-O-U-0496,2023,2313,32016,13.84,
IR-O-U-0496,2024,2116,20939,9.9,
IR-O-U-0496,2025,2029,10451,5.15,
IR-O-U-0108,2021,1380,35479,25.71,
IR-O-U-0108,2022,1596,37548,23.53,
IR-O-U-0108,2023,1612,28473,17.66,
IR-O-U-0108,2024,1515,37083,24.48,
IR-O-U-0108,2025,1463,10657,7.28,
IR-O-U-0120,2021,3303,64550,19.54,
IR-O-U-0120,2022,3592,50692,14.11,
IR-O-U-0120,2023,3840,47550,12.38,
IR-O-U-0120,2024,4089,34928,8.54,
IR-O-U-0120,2025,4366,17254,3.95,
IR-O-U-0447,2021,846,18444,21.8,
IR-O-U-0447,2022,818,13653,16.69,
IR-O-U-0447,2023,772,10482,13.58,
IR-O-U-0447,2024,796,18532,23.28,
IR-O-U-0447,2025,818,6186,7.56,
IR-O-U-0308,2021,2382,69183,29.04,
IR-O-U-0308,2022,2554,52146,20.42,
IR-O-U-0308,2023,2836,48236,17.01,
IR-O-U-0308,2024,2990,32056,10.72,
IR-O-U-0308,2025,2813,16187,5.75,
IR-O-U-0006,2021,623,7204,11.56,
IR-O-U-0006,2022,665,6868,10.33,
IR-O-U-0006,2023,691,9679,14.01,
IR-O-U-0006,2024,712,6596,9.26,
IR-O-U-0006,2025,710,1761,2.48,
IR-O-U-0304,2021,2166,35993,16.62,
IR-O-U-0304,2022,2625,33385,12.72,
IR-O-U-0304,2023,2719,29539,10.86,
IR-O-U-0304,2024,3040,32200,10.59,
IR-O-U-0304,2025,2956,9792,3.31,
IR-O-U-0107,2021,519,15310,29.5,
IR-O-U-0107,2022,709,14515,20.47,
IR-O-U-0107,2023,671,11596,17.28,
IR-O-U-0107,2024,648,12467,19.24,
IR-O-U-0107,2025,647,4380,6.77,
IR-O-U-0490,2021,3701,74710,20.19,
IR-O-U-0490,2022,4892,91254,18.65,
IR-O-U-0490,2023,5000,76569,15.31,only 5000/6517 retrieved (ceiling or partial failure)
IR-O-U-0490,2024,5000,57713,11.54,only 5000/8139 retrieved (ceiling or partial failure)
IR-O-U-0490,2025,5000,26112,5.22,only 5000/8699 retrieved (ceiling or partial failure)
IR-O-I-1357,2021,745,17914,24.05,
IR-O-I-1357,2022,841,11123,13.23,
IR-O-I-1357,2023,741,7882,10.64,
IR-O-I-1357,2024,795,7707,9.69,
IR-O-I-1357,2025,722,3205,4.44,
IR-O-U-0078,2021,1647,46429,28.19,
IR-O-U-0078,2022,1733,36601,21.12,
IR-O-U-0078,2023,1762,33477,19.0,
IR-O-U-0078,2024,1728,34357,19.88,
IR-O-U-0078,2025,1709,12279,7.18,
IR-O-U-0391,2021,600,15186,25.31,
IR-O-U-0391,2022,646,13145,20.35,
IR-O-U-0391,2023,795,10992,13.83,
IR-O-U-0391,2024,856,8908,10.41,
IR-O-U-0391,2025,971,4795,4.94,
IR-O-U-0363,2021,875,13109,14.98,
IR-O-U-0363,2022,930,12616,13.57,
IR-O-U-0363,2023,1040,9947,9.56,
IR-O-U-0363,2024,1168,8922,7.64,
IR-O-U-0363,2025,2808,13918,4.96,
IR-O-U-0523,2021,518,6993,13.5,
IR-O-U-0523,2022,478,7136,14.93,
IR-O-U-0523,2023,516,4036,7.82,
IR-O-U-0523,2024,521,10967,21.05,
IR-O-U-0523,2025,616,6985,11.34,
IR-O-U-0027,2021,575,8261,14.37,
IR-O-U-0027,2022,762,8157,10.7,
IR-O-U-0027,2023,840,6750,8.04,
IR-O-U-0027,2024,800,4110,5.14,
IR-O-U-0027,2025,758,2270,2.99,
IR-O-I-1480,2021,227,5852,25.78,
IR-O-I-1480,2022,218,3916,17.96,
IR-O-I-1480,2023,228,3897,17.09,
IR-O-I-1480,2024,211,2324,11.01,
IR-O-I-1480,2025,298,1386,4.65,
IR-O-U-0435,2021,680,18858,27.73,
IR-O-U-0435,2022,632,11746,18.59,
IR-O-U-0435,2023,538,8601,15.99,
IR-O-U-0435,2024,528,4666,8.84,
IR-O-U-0435,2025,598,2477,4.14,
IR-O-U-0056,2021,570,9328,16.36,
IR-O-U-0056,2022,664,10208,15.37,
IR-O-U-0056,2023,691,8424,12.19,
IR-O-U-0056,2024,803,6498,8.09,
IR-O-U-0056,2025,880,3049,3.46,
IR-O-U-0262,2021,0,0,0,
IR-O-U-0262,2022,1,18,18.0,
IR-O-U-0262,2023,1,1,1.0,
IR-O-U-0262,2024,2,4,2.0,
IR-O-U-0262,2025,1,0,0.0,
IR-O-U-0356,2021,0,0,0,
IR-O-U-0356,2022,5,15,3.0,
IR-O-U-0356,2023,5,245,49.0,
IR-O-U-0356,2024,2,7,3.5,
IR-O-U-0356,2025,2,7,3.5,
IR-O-U-0473,2021,2560,49494,19.33,
IR-O-U-0473,2022,4204,62865,14.95,
IR-O-U-0473,2023,5000,59567,11.91,only 5000/5490 retrieved (ceiling or partial failure)
IR-O-U-0473,2024,5000,59907,11.98,only 5000/7499 retrieved (ceiling or partial failure)
IR-O-U-0473,2025,5000,23052,4.61,only 5000/8450 retrieved (ceiling or partial failure)
IR-O-I-1486,2021,366,3566,9.74,
IR-O-I-1486,2022,459,3541,7.71,
IR-O-I-1486,2023,449,3140,6.99,
IR-O-I-1486,2024,483,1972,4.08,
IR-O-I-1486,2025,708,1092,1.54,
IR-O-U-0222,2021,161,3435,21.34,
IR-O-U-0222,2022,253,4441,17.55,
IR-O-U-0222,2023,237,9143,38.58,
IR-O-U-0222,2024,259,2183,8.43,
IR-O-U-0222,2025,300,952,3.17,
IR-O-U-0331,2021,282,2873,10.19,
IR-O-U-0331,2022,288,2002,6.95,
IR-O-U-0331,2023,272,1530,5.62,
IR-O-U-0331,2024,277,1233,4.45,
IR-O-U-0331,2025,240,451,1.88,
IR-O-U-0446,2021,362,7024,19.4,
IR-O-U-0446,2022,626,9110,14.55,
IR-O-U-0446,2023,530,6951,13.12,
IR-O-U-0446,2024,725,5723,7.89,
IR-O-U-0446,2025,866,1972,2.28,
IR-O-U-0589,2021,198,3136,15.84,
IR-O-U-0589,2022,238,3147,13.22,
IR-O-U-0589,2023,218,1987,9.11,
IR-O-U-0589,2024,276,1645,5.96,
IR-O-U-0589,2025,239,697,2.92,
IR-O-U-0341,2021,377,5934,15.74,
IR-O-U-0341,2022,404,6157,15.24,
IR-O-U-0341,2023,428,3305,7.72,
IR-O-U-0341,2024,495,3279,6.62,
IR-O-U-0341,2025,504,1010,2.0,
IR-O-U-0476,2021,606,14149,23.35,
IR-O-U-0476,2022,633,12819,20.25,
IR-O-U-0476,2023,587,8226,14.01,
IR-O-U-0476,2024,564,5470,9.7,
IR-O-U-0476,2025,755,2964,3.93,
IR-O-U-0474,2021,1142,17847,15.63,
IR-O-U-0474,2022,1249,16579,13.27,
IR-O-U-0474,2023,1365,16014,11.73,
IR-O-U-0474,2024,1465,11120,7.59,
IR-O-U-0474,2025,3022,9318,3.08,
IR-O-U-0052,2021,526,7889,15.0,
IR-O-U-0052,2022,615,7637,12.42,
IR-O-U-0052,2023,723,7736,10.7,
IR-O-U-0052,2024,779,5877,7.54,
IR-O-U-0052,2025,829,2036,2.46,
IR-O-I-1441,2021,532,17989,33.81,
IR-O-I-1441,2022,2181,52533,24.09,
IR-O-I-1441,2023,3656,68072,18.62,
IR-O-I-1441,2024,5000,63614,12.72,only 5000/6757 retrieved (ceiling or partial failure)
IR-O-I-1441,2025,5000,37943,7.59,only 5000/9340 retrieved (ceiling or partial failure)
IR-O-U-0485,2021,475,5935,12.49,
IR-O-U-0485,2022,633,6906,10.91,
IR-O-U-0485,2023,715,6162,8.62,
IR-O-U-0485,2024,1263,6735,5.33,
IR-O-U-0485,2025,1834,4311,2.35,
IR-O-U-0463,2021,325,5169,15.9,
IR-O-U-0463,2022,352,5566,15.81,
IR-O-U-0463,2023,399,5692,14.27,
IR-O-U-0463,2024,427,3830,8.97,
IR-O-U-0463,2025,504,1750,3.47,
IR-O-I-1110,2021,5,26,5.2,
IR-O-I-1110,2022,7,16,2.29,
IR-O-I-1110,2023,12,131,10.92,
IR-O-I-1110,2024,40,379,9.47,
IR-O-I-1110,2025,110,5153,46.85,
IR-O-U-0098,2021,1674,28168,16.83,
IR-O-U-0098,2022,1853,28923,15.61,
IR-O-U-0098,2023,1947,20242,10.4,
IR-O-U-0098,2024,1758,24894,14.16,
IR-O-U-0098,2025,1644,6131,3.73,
IR-O-U-0369,2021,726,13991,19.27,
IR-O-U-0369,2022,788,12564,15.94,
IR-O-U-0369,2023,942,11403,12.11,
IR-O-U-0369,2024,1016,10934,10.76,
IR-O-U-0369,2025,1076,4296,3.99,
IR-O-U-0037,2021,199,2931,14.73,
IR-O-U-0037,2022,192,2930,15.26,
IR-O-U-0037,2023,214,1983,9.27,
IR-O-U-0037,2024,194,1133,5.84,
IR-O-U-0037,2025,213,652,3.06,
IR-O-U-0020,2021,1218,15679,12.87,
IR-O-U-0020,2022,1726,20264,11.74,
IR-O-U-0020,2023,2613,27937,10.69,
IR-O-U-0020,2024,3180,28284,8.89,
IR-O-U-0020,2025,3334,13051,3.91,
IR-O-U-0381,2021,935,19670,21.04,
IR-O-U-0381,2022,1142,19425,17.01,
IR-O-U-0381,2023,1152,14739,12.79,
IR-O-U-0381,2024,1195,10023,8.39,
IR-O-U-0381,2025,1117,3268,2.93,
IR-O-U-0642,2021,2,9,4.5,
IR-O-U-0642,2022,10,176,17.6,
IR-O-U-0642,2023,17,171,10.06,
IR-O-U-0642,2024,33,246,7.45,
IR-O-U-0642,2025,33,49,1.48,
IR-O-U-0196,2021,948,20615,21.75,
IR-O-U-0196,2022,1208,23160,19.17,
IR-O-U-0196,2023,1282,14884,11.61,
IR-O-U-0196,2024,1201,10746,8.95,
IR-O-U-0196,2025,1333,4970,3.73,
IR-O-U-0235,2021,460,9121,19.83,
IR-O-U-0235,2022,475,7637,16.08,
IR-O-U-0235,2023,442,5353,12.11,
IR-O-U-0235,2024,480,3563,7.42,
IR-O-U-0235,2025,525,1989,3.79,
IR-O-U-0376,2021,714,17023,23.84,
IR-O-U-0376,2022,767,14994,19.55,
IR-O-U-0376,2023,750,12024,16.03,
IR-O-U-0376,2024,769,20857,27.12,
IR-O-U-0376,2025,747,4181,5.6,
IR-O-U-0329,2021,651,19754,30.34,
IR-O-U-0329,2022,969,22837,23.57,
IR-O-U-0329,2023,1908,31778,16.66,
IR-O-U-0329,2024,2877,25816,8.97,
IR-O-U-0329,2025,3981,13115,3.29,
IR-O-N-10,2021,0,0,0,
IR-O-N-10,2022,0,0,0,
IR-O-N-10,2023,0,0,0,
IR-O-N-10,2024,0,0,0,
IR-O-N-10,2025,0,0,0,
IR-O-U-0497,2021,3961,73992,18.68,
IR-O-U-0497,2022,3375,59037,17.49,only 3375/4581 retrieved (ceiling or partial failure)
IR-O-U-0497,2023,5000,71967,14.39,only 5000/5219 retrieved (ceiling or partial failure)
IR-O-U-0497,2024,5000,59090,11.82,only 5000/6838 retrieved (ceiling or partial failure)
IR-O-U-0497,2025,5000,22195,4.44,only 5000/7581 retrieved (ceiling or partial failure)
IR-O-U-0202,2021,305,3726,12.22,
IR-O-U-0202,2022,273,4963,18.18,
IR-O-U-0202,2023,268,3540,13.21,
IR-O-U-0202,2024,357,3628,10.16,
IR-O-U-0202,2025,387,1278,3.3,
IR-O-U-0448,2021,845,16443,19.46,
IR-O-U-0448,2022,984,13952,14.18,
IR-O-U-0448,2023,1072,11273,10.52,
IR-O-U-0448,2024,1244,10512,8.45,
IR-O-U-0448,2025,1218,4455,3.66,
IR-O-U-0389,2021,364,6557,18.01,
IR-O-U-0389,2022,476,7791,16.37,
IR-O-U-0389,2023,542,7277,13.43,
IR-O-U-0389,2024,636,5851,9.2,
IR-O-U-0389,2025,754,3448,4.57,
IR-O-I-1361,2021,134,1670,12.46,
IR-O-I-1361,2022,252,2338,9.28,
IR-O-I-1361,2023,471,3361,7.14,
IR-O-I-1361,2024,648,3569,5.51,
IR-O-I-1361,2025,714,1411,1.98,
IR-O-U-0159,2021,207,5736,27.71,
IR-O-U-0159,2022,251,4851,19.33,
IR-O-U-0159,2023,257,3277,12.75,
IR-O-U-0159,2024,297,2602,8.76,
IR-O-U-0159,2025,248,1091,4.4,
IR-O-U-0253,2021,738,11415,15.47,
IR-O-U-0253,2022,801,10550,13.17,
IR-O-U-0253,2023,733,5974,8.15,
IR-O-U-0253,2024,896,5425,6.05,
IR-O-U-0253,2025,911,2414,2.65,
IR-O-U-0099,2021,406,7855,19.35,
IR-O-U-0099,2022,386,7077,18.33,
IR-O-U-0099,2023,464,4253,9.17,
IR-O-U-0099,2024,519,4894,9.43,
IR-O-U-0099,2025,517,1532,2.96,
IR-O-U-0123,2021,116,1269,10.94,
IR-O-U-0123,2022,109,1644,15.08,
IR-O-U-0123,2023,142,1085,7.64,
IR-O-U-0123,2024,146,845,5.79,
IR-O-U-0123,2025,117,302,2.58,
IR-O-U-0470,2021,416,10284,24.72,
IR-O-U-0470,2022,504,8640,17.14,
IR-O-U-0470,2023,432,5783,13.39,
IR-O-U-0470,2024,468,4719,10.08,
IR-O-U-0470,2025,451,1980,4.39,
IR-O-U-0225,2021,10,115,11.5,
IR-O-U-0225,2022,7,52,7.43,
IR-O-U-0225,2023,21,81,3.86,
IR-O-U-0225,2024,14,78,5.57,
IR-O-U-0225,2025,23,23,1.0,
IR-O-U-0239,2021,296,3324,11.23,
IR-O-U-0239,2022,442,4540,10.27,
IR-O-U-0239,2023,671,6106,9.1,
IR-O-U-0239,2024,971,5346,5.51,
IR-O-U-0239,2025,1890,5007,2.65,
IR-O-U-0487,2021,0,0,0,
IR-O-U-0487,2022,0,0,0,
IR-O-U-0487,2023,0,0,0,
IR-O-U-0487,2024,0,0,0,
IR-O-U-0487,2025,0,0,0,
IR-O-U-0232,2021,239,3874,16.21,
IR-O-U-0232,2022,251,3856,15.36,
IR-O-U-0232,2023,214,2204,10.3,
IR-O-U-0232,2024,264,2524,9.56,
IR-O-U-0232,2025,286,1223,4.28,
IR-O-U-0195,2021,550,15637,28.43,
IR-O-U-0195,2022,692,14809,21.4,
IR-O-U-0195,2023,787,11094,14.1,
IR-O-U-0195,2024,838,9247,11.03,
IR-O-U-0195,2025,859,3912,4.55,
IR-O-U-0453,2021,193,4626,23.97,
IR-O-U-0453,2022,177,3201,18.08,
IR-O-U-0453,2023,182,2318,12.74,
IR-O-U-0453,2024,236,1907,8.08,
IR-O-U-0453,2025,217,839,3.87,
IR-O-U-0345,2021,368,7655,20.8,
IR-O-U-0345,2022,422,6894,16.34,
IR-O-U-0345,2023,494,11519,23.32,
IR-O-U-0345,2024,554,5394,9.74,
IR-O-U-0345,2025,581,1954,3.36,
IR-O-U-0507,2021,146,2131,14.6,
IR-O-U-0507,2022,164,2260,13.78,
IR-O-U-0507,2023,212,2240,10.57,
IR-O-U-0507,2024,185,1866,10.09,
IR-O-U-0507,2025,254,2249,8.85,
IR-O-U-0036,2021,45,598,13.29,
IR-O-U-0036,2022,41,347,8.46,
IR-O-U-0036,2023,37,313,8.46,
IR-O-U-0036,2024,40,160,4.0,
IR-O-U-0036,2025,37,41,1.11,
IR-O-U-0784,2021,0,0,0,
IR-O-U-0784,2022,0,0,0,
IR-O-U-0784,2023,1,13,13.0,
IR-O-U-0784,2024,6,6,1.0,
IR-O-U-0784,2025,30,62,2.07,
IR-O-U-0181,2021,31,439,14.16,
IR-O-U-0181,2022,51,1953,38.29,
IR-O-U-0181,2023,94,1616,17.19,
IR-O-U-0181,2024,138,1165,8.44,
IR-O-U-0181,2025,229,542,2.37,
IR-O-U-0318,2021,419,6907,16.48,
IR-O-U-0318,2022,467,6350,13.6,
IR-O-U-0318,2023,484,4875,10.07,
IR-O-U-0318,2024,504,4068,8.07,
IR-O-U-0318,2025,582,1611,2.77,
IR-O-U-0014,2021,78,1663,21.32,
IR-O-U-0014,2022,60,1120,18.67,
IR-O-U-0014,2023,61,745,12.21,
IR-O-U-0014,2024,90,736,8.18,
IR-O-U-0014,2025,84,279,3.32,
IR-O-U-0246,2021,8,93,11.62,
IR-O-U-0246,2022,7,69,9.86,
IR-O-U-0246,2023,10,10,1.0,
IR-O-U-0246,2024,4,9,2.25,
IR-O-U-0246,2025,12,39,3.25,
IR-O-U-0011,2021,26,426,16.38,
IR-O-U-0011,2022,45,610,13.56,
IR-O-U-0011,2023,76,1174,15.45,
IR-O-U-0011,2024,84,806,9.6,
IR-O-U-0011,2025,79,209,2.65,
IR-O-U-0298,2021,281,5666,20.16,
IR-O-U-0298,2022,247,4033,16.33,
IR-O-U-0298,2023,266,3040,11.43,
IR-O-U-0298,2024,254,3502,13.79,
IR-O-U-0298,2025,304,1476,4.86,
IR-O-U-0051,2021,281,7564,26.92,
IR-O-U-0051,2022,370,5050,13.65,
IR-O-U-0051,2023,369,4150,11.25,
IR-O-U-0051,2024,426,4338,10.18,
IR-O-U-0051,2025,539,1714,3.18,
IR-O-U-0233,2021,368,7188,19.53,
IR-O-U-0233,2022,368,5274,14.33,
IR-O-U-0233,2023,334,2821,8.45,
IR-O-U-0233,2024,345,3045,8.83,
IR-O-U-0233,2025,392,1480,3.78,
IR-O-U-0569,2021,428,7505,17.54,
IR-O-U-0569,2022,523,8658,16.55,
IR-O-U-0569,2023,481,6818,14.17,
IR-O-U-0569,2024,515,4437,8.62,
IR-O-U-0569,2025,493,1936,3.93,
IR-O-I-1280,2021,403,12341,30.62,
IR-O-I-1280,2022,641,14199,22.15,
IR-O-I-1280,2023,689,12039,17.47,
IR-O-I-1280,2024,806,12497,15.5,
IR-O-I-1280,2025,832,4609,5.54,
IR-O-U-0576,2021,470,7705,16.39,
IR-O-U-0576,2022,454,6842,15.07,
IR-O-U-0576,2023,479,5091,10.63,
IR-O-U-0576,2024,483,3855,7.98,
IR-O-U-0576,2025,461,1561,3.39,
IR-O-U-0460,2021,737,11448,15.53,
IR-O-U-0460,2022,888,12504,14.08,
IR-O-U-0460,2023,956,10949,11.45,
IR-O-U-0460,2024,1074,7453,6.94,
IR-O-U-0460,2025,1243,2951,2.37,
