institute_id,year,total_documents_all_types,matched_journal_docs,match_rate_pct,pct_q1,pct_q2,pct_q3,pct_q4
IR-O-C-23033,2023,120,50,41.7,8.0,20.0,16.0,56.0
IR-O-C-23033,2024,260,138,53.1,19.6,19.6,16.7,44.2
IR-O-C-23033,2025,268,162,60.4,26.5,13.6,25.9,34.0
IR-O-C-6379,2021,358,214,59.8,29.0,29.4,16.4,25.2
IR-O-C-6379,2022,546,389,71.2,34.4,32.9,15.7,17.0
IR-O-C-6379,2023,644,453,70.3,32.7,30.2,15.7,21.4
IR-O-C-6379,2024,749,544,72.6,39.2,34.4,13.6,12.9
IR-O-C-6379,2025,870,625,71.8,40.5,35.0,12.3,12.2
IR-O-I-1110,2021,5,5,100.0,0.0,20.0,60.0,20.0
IR-O-I-1110,2022,7,7,100.0,0.0,57.1,42.9,0.0
IR-O-I-1110,2023,12,9,75.0,11.1,33.3,33.3,22.2
IR-O-I-1110,2024,40,25,62.5,32.0,32.0,24.0,12.0
IR-O-I-1110,2025,110,52,47.3,48.1,5.8,19.2,26.9
IR-O-I-1280,2021,403,341,84.6,28.4,37.0,20.8,13.8
IR-O-I-1280,2022,641,504,78.6,27.0,41.7,17.7,13.7
IR-O-I-1280,2023,689,528,76.6,32.6,35.4,19.7,12.3
IR-O-I-1280,2024,806,607,75.3,33.3,36.6,21.3,8.9
IR-O-I-1280,2025,832,627,75.4,36.0,34.3,19.5,10.2
IR-O-I-1357,2021,745,622,83.5,32.3,41.8,17.2,8.7
IR-O-I-1357,2022,841,740,88.0,33.4,38.8,13.4,14.5
IR-O-I-1357,2023,741,608,82.1,37.8,38.7,16.3,7.2
IR-O-I-1357,2024,795,671,84.4,40.7,35.3,16.5,7.5
IR-O-I-1357,2025,722,634,87.8,41.0,32.5,16.2,10.3
IR-O-I-1361,2021,134,107,79.9,21.5,31.8,29.0,17.8
IR-O-I-1361,2022,252,193,76.6,18.1,23.3,34.2,24.4
IR-O-I-1361,2023,471,293,62.2,18.8,26.3,29.0,25.9
IR-O-I-1361,2024,648,453,69.9,15.9,31.3,26.5,26.3
IR-O-I-1361,2025,714,484,67.8,19.0,22.9,30.4,27.7
IR-O-I-1441,2021,532,330,62.0,29.7,41.8,11.2,17.3
IR-O-I-1441,2022,2181,1439,66.0,30.8,45.4,11.3,12.5
IR-O-I-1441,2023,3656,1892,51.8,48.2,30.8,12.5,8.6
IR-O-I-1441,2024,5000,2881,57.6,46.5,27.6,15.5,10.4
IR-O-I-1441,2025,5000,3518,70.4,49.9,32.7,14.0,3.4
IR-O-I-1480,2021,227,196,86.3,49.5,34.7,10.2,5.6
IR-O-I-1480,2022,218,184,84.4,39.1,40.8,14.7,5.4
IR-O-I-1480,2023,228,195,85.5,48.7,39.5,9.7,2.1
IR-O-I-1480,2024,211,179,84.8,51.4,29.1,12.8,6.7
IR-O-I-1480,2025,298,222,74.5,50.9,34.7,10.4,4.1
IR-O-I-1486,2021,366,336,91.8,16.1,25.3,29.2,29.5
IR-O-I-1486,2022,459,373,81.3,22.0,25.2,36.5,16.4
IR-O-I-1486,2023,449,361,80.4,19.1,33.0,31.9,16.1
IR-O-I-1486,2024,483,427,88.4,21.8,29.0,27.6,21.5
IR-O-I-1486,2025,708,622,87.9,20.1,28.3,25.7,25.9
IR-O-N-10,2021,144,73,50.7,30.1,26.0,24.7,19.2
IR-O-N-10,2022,176,119,67.6,24.4,26.9,26.1,22.7
IR-O-N-10,2023,146,88,60.3,28.4,25.0,17.0,29.5
IR-O-N-10,2024,152,80,52.6,28.7,26.2,12.5,32.5
IR-O-N-10,2025,173,90,52.0,21.1,33.3,14.4,31.1
IR-O-U-0003,2021,310,252,81.3,18.7,34.1,27.8,19.4
IR-O-U-0003,2022,314,279,88.9,10.8,32.6,30.5,26.2
IR-O-U-0003,2023,293,238,81.2,11.3,30.3,40.8,17.6
IR-O-U-0003,2024,299,254,84.9,12.2,26.8,34.6,26.4
IR-O-U-0003,2025,302,253,83.8,13.0,21.7,32.0,33.2
IR-O-U-0006,2021,623,486,78.0,19.5,25.7,23.9,30.9
IR-O-U-0006,2022,665,573,86.2,14.1,33.0,27.1,25.8
IR-O-U-0006,2023,691,554,80.2,17.3,26.9,30.7,25.1
IR-O-U-0006,2024,712,562,78.9,19.9,30.1,24.4,25.6
IR-O-U-0006,2025,710,574,80.8,20.0,25.6,25.6,28.7
IR-O-U-0011,2021,26,14,53.8,50.0,28.6,0.0,21.4
IR-O-U-0011,2022,45,37,82.2,40.5,27.0,21.6,10.8
IR-O-U-0011,2023,76,60,78.9,50.0,28.3,15.0,6.7
IR-O-U-0011,2024,84,65,77.4,43.1,24.6,18.5,13.8
IR-O-U-0011,2025,79,66,83.5,37.9,34.8,18.2,9.1
IR-O-U-0014,2021,78,40,51.3,50.0,35.0,5.0,10.0
IR-O-U-0014,2022,60,38,63.3,52.6,18.4,18.4,10.5
IR-O-U-0014,2023,61,38,62.3,55.3,36.8,5.3,2.6
IR-O-U-0014,2024,90,64,71.1,48.4,42.2,7.8,1.6
IR-O-U-0014,2025,84,56,66.7,51.8,35.7,3.6,8.9
IR-O-U-0017,2021,63,48,76.2,18.8,33.3,12.5,35.4
IR-O-U-0017,2022,86,75,87.2,13.3,32.0,28.0,26.7
IR-O-U-0017,2023,76,62,81.6,11.3,29.0,30.6,29.0
IR-O-U-0017,2024,65,52,80.0,19.2,40.4,17.3,23.1
IR-O-U-0017,2025,63,53,84.1,20.8,34.0,17.0,28.3
IR-O-U-0020,2021,1218,676,55.5,14.5,28.7,28.4,28.4
IR-O-U-0020,2022,1726,1190,68.9,16.2,33.5,26.6,23.7
IR-O-U-0020,2023,2613,1417,54.2,22.1,29.7,23.0,25.2
IR-O-U-0020,2024,3180,2104,66.2,27.1,25.8,26.3,20.8
IR-O-U-0020,2025,3334,2189,65.7,24.9,26.7,25.6,22.8
IR-O-U-0027,2021,575,423,73.6,21.5,32.6,27.4,18.4
IR-O-U-0027,2022,762,595,78.1,19.5,35.3,25.0,20.2
IR-O-U-0027,2023,840,618,73.6,16.3,29.9,29.4,24.3
IR-O-U-0027,2024,800,617,77.1,17.2,27.2,29.2,26.4
IR-O-U-0027,2025,758,565,74.5,23.4,29.6,25.0,22.1
IR-O-U-0035,2021,102,90,88.2,43.3,33.3,15.6,7.8
IR-O-U-0035,2022,93,86,92.5,38.4,39.5,15.1,7.0
IR-O-U-0035,2023,82,73,89.0,34.2,39.7,17.8,8.2
IR-O-U-0035,2024,103,79,76.7,31.6,31.6,17.7,19.0
IR-O-U-0035,2025,87,72,82.8,47.2,36.1,11.1,5.6
IR-O-U-0036,2021,45,40,88.9,35.0,22.5,27.5,15.0
IR-O-U-0036,2022,41,38,92.7,21.1,21.1,36.8,21.1
IR-O-U-0036,2023,37,34,91.9,23.5,26.5,32.4,17.6
IR-O-U-0036,2024,40,31,77.5,9.7,22.6,41.9,25.8
IR-O-U-0036,2025,37,36,97.3,22.2,27.8,36.1,13.9
IR-O-U-0037,2021,199,163,81.9,25.8,39.9,19.0,15.3
IR-O-U-0037,2022,192,142,74.0,28.2,35.9,25.4,10.6
IR-O-U-0037,2023,214,142,66.4,24.6,35.9,20.4,19.0
IR-O-U-0037,2024,194,143,73.7,24.5,28.0,21.7,25.9
IR-O-U-0037,2025,213,152,71.4,21.1,27.6,24.3,27.0
IR-O-U-0042,2021,1097,900,82.0,50.3,33.7,9.9,6.1
IR-O-U-0042,2022,1123,908,80.9,48.5,35.8,9.3,6.5
IR-O-U-0042,2023,1177,967,82.2,45.7,37.8,11.0,5.5
IR-O-U-0042,2024,1142,929,81.3,49.3,28.8,12.8,9.0
IR-O-U-0042,2025,1151,956,83.1,44.2,34.1,14.2,7.4
IR-O-U-0043,2021,13,11,84.6,0.0,36.4,45.5,18.2
IR-O-U-0043,2022,13,13,100.0,7.7,38.5,38.5,15.4
IR-O-U-0043,2023,6,6,100.0,16.7,16.7,66.7,0.0
IR-O-U-0043,2024,12,11,91.7,9.1,54.5,27.3,9.1
IR-O-U-0043,2025,5,4,80.0,0.0,75.0,0.0,25.0
IR-O-U-0047,2024,1,0,0.0,,,,
IR-O-U-0047,2025,1,0,0.0,,,,
IR-O-U-0050,2021,390,315,80.8,39.7,25.1,22.9,12.4
IR-O-U-0050,2022,415,334,80.5,31.7,31.4,23.1,13.8
IR-O-U-0050,2023,419,307,73.3,33.6,26.1,24.4,16.0
IR-O-U-0050,2024,448,321,71.7,34.0,24.3,25.9,15.9
IR-O-U-0050,2025,546,401,73.4,37.4,26.9,24.2,11.5
IR-O-U-0051,2021,281,219,77.9,24.7,31.5,26.5,17.4
IR-O-U-0051,2022,370,279,75.4,27.2,36.9,21.1,14.7
IR-O-U-0051,2023,369,293,79.4,29.4,28.7,23.9,18.1
IR-O-U-0051,2024,426,324,76.1,32.4,28.4,26.2,13.0
IR-O-U-0051,2025,539,418,77.6,33.0,35.2,23.0,8.9
IR-O-U-0052,2021,526,405,77.0,35.1,28.6,19.3,17.0
IR-O-U-0052,2022,615,520,84.6,28.3,31.2,23.7,16.9
IR-O-U-0052,2023,723,580,80.2,31.7,32.2,20.0,16.0
IR-O-U-0052,2024,779,653,83.8,29.6,27.9,30.5,12.1
IR-O-U-0052,2025,829,692,83.5,29.8,29.8,28.6,11.8
IR-O-U-0056,2021,570,459,80.5,37.0,31.6,15.3,16.1
IR-O-U-0056,2022,664,502,75.6,40.0,37.5,11.6,11.0
IR-O-U-0056,2023,691,517,74.8,37.3,39.1,14.3,9.3
IR-O-U-0056,2024,803,619,77.1,40.5,37.3,12.4,9.7
IR-O-U-0056,2025,880,692,78.6,37.9,36.3,14.6,11.3
IR-O-U-0078,2021,1647,1244,75.5,47.1,31.8,13.3,7.8
IR-O-U-0078,2022,1733,1368,78.9,44.1,35.7,11.3,9.0
IR-O-U-0078,2023,1762,1353,76.8,44.3,33.9,14.1,7.7
IR-O-U-0078,2024,1728,1333,77.1,49.4,30.8,11.7,8.2
IR-O-U-0078,2025,1709,1362,79.7,44.7,32.7,14.3,8.2
IR-O-U-0098,2021,1674,968,57.8,26.2,28.2,16.8,28.7
IR-O-U-0098,2022,1853,1174,63.4,26.0,36.3,18.3,19.4
IR-O-U-0098,2023,1947,1211,62.2,29.1,33.4,15.9,21.6
IR-O-U-0098,2024,1758,1210,68.8,29.0,39.2,17.0,14.8
IR-O-U-0098,2025,1644,1139,69.3,29.9,37.3,16.9,15.9
IR-O-U-0099,2021,406,305,75.1,29.8,33.8,21.6,14.8
IR-O-U-0099,2022,386,289,74.9,33.9,28.0,21.5,16.6
IR-O-U-0099,2023,464,348,75.0,29.9,26.1,19.3,24.7
IR-O-U-0099,2024,519,380,73.2,31.3,31.3,20.8,16.6
IR-O-U-0099,2025,517,358,69.2,34.4,25.4,22.6,17.6
IR-O-U-0101,2021,3,3,100.0,66.7,0.0,33.3,0.0
IR-O-U-0101,2022,6,5,83.3,80.0,20.0,0.0,0.0
IR-O-U-0101,2023,7,6,85.7,33.3,0.0,50.0,16.7
IR-O-U-0101,2024,6,6,100.0,33.3,33.3,16.7,16.7
IR-O-U-0101,2025,5,4,80.0,50.0,50.0,0.0,0.0
IR-O-U-0105,2021,97,66,68.0,72.7,22.7,4.5,0.0
IR-O-U-0105,2022,112,85,75.9,76.5,11.8,9.4,2.4
IR-O-U-0105,2023,106,74,69.8,68.9,21.6,4.1,5.4
IR-O-U-0105,2024,117,73,62.4,72.6,20.5,5.5,1.4
IR-O-U-0105,2025,130,98,75.4,61.2,24.5,8.2,6.1
IR-O-U-0107,2021,519,380,73.2,42.6,31.6,13.7,12.1
IR-O-U-0107,2022,709,491,69.3,42.4,31.2,14.7,11.8
IR-O-U-0107,2023,671,490,73.0,46.7,32.4,12.4,8.4
IR-O-U-0107,2024,648,402,62.0,47.5,31.8,13.2,7.5
IR-O-U-0107,2025,647,462,71.4,38.3,34.8,16.2,10.6
IR-O-U-0108,2021,1380,988,71.6,39.0,29.0,16.1,15.9
IR-O-U-0108,2022,1596,1173,73.5,37.9,33.5,16.6,12.0
IR-O-U-0108,2023,1612,1172,72.7,37.5,32.8,16.8,12.9
IR-O-U-0108,2024,1515,1071,70.7,45.8,31.0,14.7,8.5
IR-O-U-0108,2025,1463,1117,76.3,41.4,31.1,15.5,12.1
IR-O-U-0109,2021,1542,1095,71.0,49.9,32.2,12.3,5.6
IR-O-U-0109,2022,1577,1151,73.0,47.6,33.6,12.5,6.3
IR-O-U-0109,2023,1562,1098,70.3,43.4,36.3,12.9,7.3
IR-O-U-0109,2024,1606,1073,66.8,44.9,34.8,13.0,7.3
IR-O-U-0109,2025,1527,1105,72.4,45.8,32.4,16.5,5.3
IR-O-U-0120,2021,3303,2407,72.9,38.3,32.1,19.9,9.7
IR-O-U-0120,2022,3592,2759,76.8,34.0,32.4,21.7,11.9
IR-O-U-0120,2023,3840,2916,75.9,36.0,32.9,20.6,10.4
IR-O-U-0120,2024,4089,3106,76.0,39.9,30.0,20.3,9.8
IR-O-U-0120,2025,4366,3247,74.4,37.0,31.8,20.2,11.0
IR-O-U-0121,2021,333,264,79.3,37.1,40.2,15.2,7.6
IR-O-U-0121,2022,290,245,84.5,39.6,36.3,17.1,6.9
IR-O-U-0121,2023,244,195,79.9,41.0,32.3,16.9,9.7
IR-O-U-0121,2024,283,229,80.9,44.5,27.5,17.5,10.5
IR-O-U-0121,2025,302,261,86.4,34.5,38.3,18.8,8.4
IR-O-U-0123,2021,116,77,66.4,26.0,31.2,22.1,20.8
IR-O-U-0123,2022,109,77,70.6,36.4,24.7,16.9,22.1
IR-O-U-0123,2023,142,110,77.5,27.3,21.8,29.1,21.8
IR-O-U-0123,2024,146,102,69.9,30.4,29.4,18.6,21.6
IR-O-U-0123,2025,117,86,73.5,30.2,25.6,25.6,18.6
IR-O-U-0136,2021,4,2,50.0,50.0,0.0,50.0,0.0
IR-O-U-0136,2023,5,0,0.0,,,,
IR-O-U-0136,2024,2,0,0.0,,,,
IR-O-U-0136,2025,2,2,100.0,0.0,50.0,0.0,50.0
IR-O-U-0143,2021,279,219,78.5,35.2,35.2,16.0,13.7
IR-O-U-0143,2022,320,256,80.0,34.8,42.6,12.9,9.8
IR-O-U-0143,2023,373,280,75.1,28.2,30.0,26.4,15.4
IR-O-U-0143,2024,461,358,77.7,28.2,38.5,17.6,15.6
IR-O-U-0143,2025,482,371,77.0,27.5,33.4,19.4,19.7
IR-O-U-0147,2021,210,143,68.1,51.7,28.0,7.7,12.6
IR-O-U-0147,2022,715,529,74.0,41.4,37.8,9.1,11.7
IR-O-U-0147,2023,783,495,63.2,44.4,27.5,9.3,18.8
IR-O-U-0147,2024,951,627,65.9,42.1,21.5,11.5,24.9
IR-O-U-0147,2025,1006,615,61.1,42.9,29.6,10.4,17.1
IR-O-U-0155,2021,208,161,77.4,41.0,27.3,16.1,15.5
IR-O-U-0155,2022,248,189,76.2,36.0,32.8,15.9,15.3
IR-O-U-0155,2023,260,176,67.7,38.1,36.4,12.5,13.1
IR-O-U-0155,2024,342,220,64.3,39.5,31.8,13.2,15.5
IR-O-U-0155,2025,311,209,67.2,36.4,31.6,17.7,14.4
IR-O-U-0159,2021,207,170,82.1,24.1,32.4,31.8,11.8
IR-O-U-0159,2022,251,190,75.7,27.4,32.1,17.9,22.6
IR-O-U-0159,2023,257,191,74.3,30.9,26.2,22.5,20.4
IR-O-U-0159,2024,297,224,75.4,35.7,29.9,23.2,11.2
IR-O-U-0159,2025,248,204,82.3,35.8,34.3,16.7,13.2
IR-O-U-0162,2021,70,69,98.6,23.2,34.8,24.6,17.4
IR-O-U-0162,2022,127,114,89.8,20.2,45.6,17.5,16.7
IR-O-U-0162,2023,132,116,87.9,28.4,45.7,19.0,6.9
IR-O-U-0162,2024,168,132,78.6,34.1,31.8,24.2,9.8
IR-O-U-0162,2025,140,122,87.1,29.5,45.1,16.4,9.0
IR-O-U-0164,2021,431,348,80.7,21.6,32.2,23.0,23.3
IR-O-U-0164,2022,475,384,80.8,21.1,35.7,23.2,20.1
IR-O-U-0164,2023,588,485,82.5,21.2,36.7,25.6,16.5
IR-O-U-0164,2024,618,504,81.6,24.4,33.7,23.6,18.3
IR-O-U-0164,2025,635,514,80.9,26.8,30.4,24.9,17.9
IR-O-U-0168,2021,321,260,81.0,20.8,23.5,28.8,26.9
IR-O-U-0168,2022,591,462,78.2,28.8,27.3,23.6,20.3
IR-O-U-0168,2023,671,476,70.9,26.1,29.6,22.3,22.1
IR-O-U-0168,2024,813,470,57.8,27.0,27.2,26.6,19.1
IR-O-U-0168,2025,997,613,61.5,21.9,31.3,26.4,20.4
IR-O-U-0169,2021,164,92,56.1,10.9,18.5,27.2,43.5
IR-O-U-0169,2022,197,131,66.5,11.5,19.8,39.7,29.0
IR-O-U-0169,2023,268,128,47.8,14.1,18.0,33.6,34.4
IR-O-U-0169,2024,506,269,53.2,27.1,22.3,26.8,23.8
IR-O-U-0169,2025,970,656,67.6,40.1,32.2,15.7,12.0
IR-O-U-0181,2021,31,23,74.2,21.7,21.7,34.8,21.7
IR-O-U-0181,2022,51,38,74.5,42.1,28.9,10.5,18.4
IR-O-U-0181,2023,94,79,84.0,34.2,27.8,21.5,16.5
IR-O-U-0181,2024,138,93,67.4,31.2,36.6,20.4,11.8
IR-O-U-0181,2025,229,184,80.3,35.3,33.2,15.8,15.8
IR-O-U-0190,2021,570,485,85.1,51.1,31.1,11.5,6.2
IR-O-U-0190,2022,869,725,83.4,53.7,34.8,6.6,5.0
IR-O-U-0190,2023,800,605,75.6,52.6,32.9,9.3,5.3
IR-O-U-0190,2024,821,605,73.7,54.2,30.7,11.4,3.6
IR-O-U-0190,2025,758,579,76.4,52.0,30.2,10.0,7.8
IR-O-U-0195,2021,550,429,78.0,42.0,27.7,18.6,11.7
IR-O-U-0195,2022,692,561,81.1,38.5,31.7,16.2,13.5
IR-O-U-0195,2023,787,635,80.7,40.9,31.5,16.1,11.5
IR-O-U-0195,2024,838,658,78.5,39.5,29.5,21.3,9.7
IR-O-U-0195,2025,859,702,81.7,40.3,31.3,18.7,9.7
IR-O-U-0196,2021,948,676,71.3,38.8,32.5,19.8,8.9
IR-O-U-0196,2022,1208,903,74.8,38.8,32.6,19.3,9.4
IR-O-U-0196,2023,1282,946,73.8,37.0,34.7,18.7,9.6
IR-O-U-0196,2024,1201,880,73.3,40.8,34.2,20.2,4.8
IR-O-U-0196,2025,1333,1045,78.4,40.0,34.8,17.1,8.0
IR-O-U-0200,2021,161,122,75.8,39.3,22.1,22.1,16.4
IR-O-U-0200,2022,216,158,73.1,41.8,31.6,13.3,13.3
IR-O-U-0200,2023,200,144,72.0,35.4,31.2,24.3,9.0
IR-O-U-0200,2024,195,118,60.5,39.8,28.0,24.6,7.6
IR-O-U-0200,2025,260,181,69.6,43.1,27.1,15.5,14.4
IR-O-U-0202,2021,305,238,78.0,20.2,38.2,13.4,28.2
IR-O-U-0202,2022,273,200,73.3,44.5,35.0,12.5,8.0
IR-O-U-0202,2023,268,204,76.1,30.9,38.7,12.3,18.1
IR-O-U-0202,2024,357,292,81.8,46.6,31.5,13.7,8.2
IR-O-U-0202,2025,387,311,80.4,39.5,36.0,11.6,12.9
IR-O-U-0215,2021,328,239,72.9,23.8,28.0,23.8,24.3
IR-O-U-0215,2022,271,207,76.4,20.3,40.6,19.3,19.8
IR-O-U-0215,2023,301,207,68.8,21.3,28.5,30.0,20.3
IR-O-U-0215,2024,352,258,73.3,24.8,29.1,22.9,23.3
IR-O-U-0215,2025,342,280,81.9,27.5,33.6,21.1,17.9
IR-O-U-0217,2021,249,182,73.1,19.8,22.0,33.0,25.3
IR-O-U-0217,2022,475,309,65.1,19.1,22.3,25.6,33.0
IR-O-U-0217,2023,634,295,46.5,23.1,29.2,22.7,25.1
IR-O-U-0217,2024,1702,572,33.6,27.1,21.0,22.0,29.9
IR-O-U-0217,2025,2484,1147,46.2,35.7,23.3,17.4,23.6
IR-O-U-0220,2021,5000,4293,85.9,68.6,23.1,5.5,2.8
IR-O-U-0220,2022,5000,4285,85.7,70.4,22.5,5.3,1.8
IR-O-U-0220,2023,5000,4267,85.3,65.5,25.6,6.3,2.6
IR-O-U-0220,2024,5000,4442,88.8,68.4,24.0,4.5,3.1
IR-O-U-0220,2025,5000,4647,92.9,66.8,25.7,5.3,2.3
IR-O-U-0222,2021,161,154,95.7,29.2,37.0,24.7,9.1
IR-O-U-0222,2022,253,226,89.3,30.5,33.2,26.5,9.7
IR-O-U-0222,2023,237,214,90.3,28.5,30.8,28.0,12.6
IR-O-U-0222,2024,259,198,76.4,30.3,33.8,26.8,9.1
IR-O-U-0222,2025,300,241,80.3,34.4,29.5,28.2,7.9
IR-O-U-0223,2021,259,151,58.3,27.2,29.8,17.9,25.2
IR-O-U-0223,2022,512,276,53.9,21.4,24.6,27.9,26.1
IR-O-U-0223,2023,1672,680,40.7,21.9,17.1,13.5,47.5
IR-O-U-0223,2024,3576,1113,31.1,35.2,29.3,14.4,21.1
IR-O-U-0223,2025,3577,2534,70.8,33.4,34.3,19.7,12.7
IR-O-U-0225,2021,10,9,90.0,11.1,44.4,33.3,11.1
IR-O-U-0225,2022,7,7,100.0,28.6,42.9,14.3,14.3
IR-O-U-0225,2023,21,16,76.2,25.0,50.0,25.0,0.0
IR-O-U-0225,2024,14,12,85.7,8.3,75.0,8.3,8.3
IR-O-U-0225,2025,23,21,91.3,19.0,23.8,42.9,14.3
IR-O-U-0232,2021,239,211,88.3,15.2,42.2,24.6,18.0
IR-O-U-0232,2022,251,235,93.6,19.1,39.6,20.0,21.3
IR-O-U-0232,2023,214,187,87.4,21.4,39.6,23.0,16.0
IR-O-U-0232,2024,264,242,91.7,31.4,33.9,21.1,13.6
IR-O-U-0232,2025,286,269,94.1,23.4,40.1,23.8,12.6
IR-O-U-0233,2021,368,313,85.1,29.7,39.9,22.0,8.3
IR-O-U-0233,2022,368,296,80.4,28.4,40.2,19.9,11.5
IR-O-U-0233,2023,334,241,72.2,30.7,33.2,23.7,12.4
IR-O-U-0233,2024,345,291,84.3,29.6,37.1,19.9,13.4
IR-O-U-0233,2025,392,306,78.1,32.4,33.7,21.9,12.1
IR-O-U-0234,2021,2660,2360,88.7,37.9,25.7,22.5,13.8
IR-O-U-0234,2022,3298,2901,88.0,35.5,32.2,19.2,13.2
IR-O-U-0234,2023,3559,3040,85.4,35.2,32.6,20.1,12.1
IR-O-U-0234,2024,4823,4121,85.4,41.5,33.7,16.4,8.4
IR-O-U-0234,2025,5000,4490,89.8,48.2,28.9,14.9,8.0
IR-O-U-0235,2021,460,389,84.6,25.7,31.9,24.2,18.3
IR-O-U-0235,2022,475,417,87.8,26.6,35.5,23.0,14.9
IR-O-U-0235,2023,442,382,86.4,28.5,32.5,27.7,11.3
IR-O-U-0235,2024,480,404,84.2,30.2,30.7,26.2,12.9
IR-O-U-0235,2025,525,436,83.0,28.9,32.6,24.3,14.2
IR-O-U-0239,2021,296,257,86.8,16.0,18.7,33.5,31.9
IR-O-U-0239,2022,442,369,83.5,21.1,27.4,20.9,30.6
IR-O-U-0239,2023,671,497,74.1,23.3,25.8,29.4,21.5
IR-O-U-0239,2024,971,638,65.7,21.5,35.1,21.8,21.6
IR-O-U-0239,2025,1890,904,47.8,26.2,31.7,25.8,16.3
IR-O-U-0246,2021,8,6,75.0,16.7,50.0,33.3,0.0
IR-O-U-0246,2022,7,5,71.4,0.0,20.0,20.0,60.0
IR-O-U-0246,2023,10,7,70.0,14.3,0.0,14.3,71.4
IR-O-U-0246,2024,4,3,75.0,66.7,33.3,0.0,0.0
IR-O-U-0246,2025,12,12,100.0,8.3,50.0,41.7,0.0
IR-O-U-0248,2021,13,2,15.4,50.0,50.0,0.0,0.0
IR-O-U-0248,2022,8,7,87.5,28.6,71.4,0.0,0.0
IR-O-U-0248,2023,6,4,66.7,50.0,25.0,25.0,0.0
IR-O-U-0248,2024,4,4,100.0,75.0,25.0,0.0,0.0
IR-O-U-0248,2025,12,10,83.3,10.0,60.0,10.0,20.0
IR-O-U-0249,2021,631,437,69.3,23.3,34.3,18.3,24.0
IR-O-U-0249,2022,633,552,87.2,22.8,35.7,23.7,17.8
IR-O-U-0249,2023,619,487,78.7,17.0,29.6,28.3,25.1
IR-O-U-0249,2024,999,718,71.9,19.4,36.1,27.2,17.4
IR-O-U-0249,2025,1440,951,66.0,22.8,34.8,30.5,11.9
IR-O-U-0250,2021,190,167,87.9,40.1,26.3,18.6,15.0
IR-O-U-0250,2022,217,178,82.0,33.1,36.0,14.0,16.9
IR-O-U-0250,2023,278,228,82.0,41.2,33.3,19.7,5.7
IR-O-U-0250,2024,335,286,85.4,34.6,34.6,18.9,11.9
IR-O-U-0250,2025,456,401,87.9,37.7,31.7,21.7,9.0
IR-O-U-0253,2021,738,568,77.0,33.8,36.6,16.5,13.0
IR-O-U-0253,2022,801,639,79.8,30.2,37.6,20.8,11.4
IR-O-U-0253,2023,733,578,78.9,35.5,33.9,20.4,10.2
IR-O-U-0253,2024,896,705,78.7,38.9,29.2,17.7,14.2
IR-O-U-0253,2025,911,786,86.3,38.2,35.0,13.7,13.1
IR-O-U-0262,2021,546,388,71.1,34.8,38.9,17.0,9.3
IR-O-U-0262,2022,1,1,100.0,100.0,0.0,0.0,0.0
IR-O-U-0262,2023,1,1,100.0,0.0,0.0,100.0,0.0
IR-O-U-0262,2024,2,0,0.0,,,,
IR-O-U-0262,2025,1,1,100.0,0.0,0.0,100.0,0.0
IR-O-U-0295,2022,1,1,100.0,0.0,0.0,100.0,0.0
IR-O-U-0295,2023,2,2,100.0,50.0,0.0,0.0,50.0
IR-O-U-0295,2024,10,8,80.0,0.0,25.0,62.5,12.5
IR-O-U-0295,2025,14,10,71.4,0.0,20.0,40.0,40.0
IR-O-U-0298,2021,281,211,75.1,18.0,39.3,17.5,25.1
IR-O-U-0298,2022,247,221,89.5,15.4,33.5,28.1,23.1
IR-O-U-0298,2023,266,189,71.1,17.5,31.2,32.8,18.5
IR-O-U-0298,2024,254,200,78.7,30.0,37.5,18.0,14.5
IR-O-U-0298,2025,304,229,75.3,24.9,31.4,23.1,20.5
IR-O-U-0304,2021,2166,1982,91.5,51.5,33.0,10.9,4.6
IR-O-U-0304,2022,2625,2400,91.4,51.3,34.2,9.8,4.6
IR-O-U-0304,2023,2719,2547,93.7,51.7,35.0,9.5,3.8
IR-O-U-0304,2024,3040,2756,90.7,54.4,31.0,9.8,4.9
IR-O-U-0304,2025,2956,2781,94.1,52.2,33.3,11.3,3.2
IR-O-U-0308,2021,2382,2153,90.4,58.9,26.7,8.5,6.0
IR-O-U-0308,2022,2554,2290,89.7,58.0,27.3,9.4,5.2
IR-O-U-0308,2023,2836,2478,87.4,56.3,27.3,11.5,4.9
IR-O-U-0308,2024,2990,2597,86.9,56.8,27.7,10.9,4.7
IR-O-U-0308,2025,2813,2528,89.9,56.3,26.5,12.5,4.7
IR-O-U-0311,2023,120,50,41.7,8.0,20.0,16.0,56.0
IR-O-U-0311,2024,260,138,53.1,19.6,19.6,16.7,44.2
IR-O-U-0311,2025,268,162,60.4,26.5,13.6,25.9,34.0
IR-O-U-0318,2021,419,312,74.5,31.1,29.2,21.5,18.3
IR-O-U-0318,2022,467,325,69.6,30.5,35.7,15.4,18.5
IR-O-U-0318,2023,484,318,65.7,32.4,30.8,17.3,19.5
IR-O-U-0318,2024,504,341,67.7,29.0,30.8,21.7,18.5
IR-O-U-0318,2025,582,384,66.0,31.0,26.6,22.7,19.8
IR-O-U-0323,2021,980,757,77.2,39.9,29.3,17.4,13.3
IR-O-U-0323,2022,1116,881,78.9,38.9,36.1,16.9,8.1
IR-O-U-0323,2023,1276,923,72.3,30.3,32.2,22.3,15.2
IR-O-U-0323,2024,1240,930,75.0,35.5,34.3,18.5,11.7
IR-O-U-0323,2025,1582,1168,73.8,32.7,31.3,24.0,12.0
IR-O-U-0329,2021,651,418,64.2,26.6,31.3,22.2,19.9
IR-O-U-0329,2022,969,666,68.7,32.6,27.9,23.7,15.8
IR-O-U-0329,2023,1908,1020,53.5,28.0,28.0,20.5,23.4
IR-O-U-0329,2024,2877,1614,56.1,25.7,31.5,21.5,21.3
IR-O-U-0329,2025,3981,2416,60.7,33.0,27.4,21.4,18.2
IR-O-U-0331,2021,282,187,66.3,43.3,30.5,19.8,6.4
IR-O-U-0331,2022,288,205,71.2,37.6,36.6,12.7,13.2
IR-O-U-0331,2023,272,212,77.9,44.3,33.0,14.2,8.5
IR-O-U-0331,2024,277,191,69.0,45.5,25.7,15.7,13.1
IR-O-U-0331,2025,240,172,71.7,51.2,21.5,15.7,11.6
IR-O-U-0341,2021,377,304,80.6,28.3,34.2,17.8,19.7
IR-O-U-0341,2022,404,303,75.0,35.0,38.9,16.5,9.6
IR-O-U-0341,2023,428,310,72.4,24.5,34.8,23.2,17.4
IR-O-U-0341,2024,495,342,69.1,30.7,29.8,23.7,15.8
IR-O-U-0341,2025,504,367,72.8,30.5,29.7,23.2,16.6
IR-O-U-0345,2021,368,277,75.3,32.1,30.3,18.8,18.8
IR-O-U-0345,2022,422,335,79.4,34.3,34.3,17.9,13.4
IR-O-U-0345,2023,494,368,74.5,35.1,34.2,18.5,12.2
IR-O-U-0345,2024,554,427,77.1,42.2,30.4,18.7,8.7
IR-O-U-0345,2025,581,481,82.8,39.7,32.2,18.5,9.6
IR-O-U-0356,2022,5,4,80.0,50.0,0.0,0.0,50.0
IR-O-U-0356,2023,5,3,60.0,66.7,33.3,0.0,0.0
IR-O-U-0356,2024,2,1,50.0,100.0,0.0,0.0,0.0
IR-O-U-0356,2025,2,2,100.0,50.0,50.0,0.0,0.0
IR-O-U-0363,2021,875,636,72.7,17.9,21.9,35.2,25.0
IR-O-U-0363,2022,930,738,79.4,19.2,34.0,17.2,29.5
IR-O-U-0363,2023,1040,735,70.7,23.4,31.7,21.5,23.4
IR-O-U-0363,2024,1168,825,70.6,28.1,31.6,18.7,21.6
IR-O-U-0363,2025,2808,1890,67.3,31.5,29.8,24.3,14.3
IR-O-U-0366,2021,283,201,71.0,39.8,24.9,16.4,18.9
IR-O-U-0366,2022,279,207,74.2,35.3,30.4,13.0,21.3
IR-O-U-0366,2023,266,212,79.7,43.9,28.3,16.0,11.8
IR-O-U-0366,2024,324,226,69.8,45.1,23.9,17.3,13.7
IR-O-U-0366,2025,320,246,76.9,48.0,26.4,13.8,11.8
IR-O-U-0369,2021,726,555,76.4,37.1,34.6,17.3,11.0
IR-O-U-0369,2022,788,616,78.2,35.9,37.8,14.8,11.5
IR-O-U-0369,2023,942,731,77.6,38.4,36.7,16.4,8.5
IR-O-U-0369,2024,1016,805,79.2,39.0,34.2,15.5,11.3
IR-O-U-0369,2025,1076,834,77.5,42.3,33.6,15.8,8.3
IR-O-U-0372,2021,396,318,80.3,38.4,38.1,13.2,10.4
IR-O-U-0372,2022,535,421,78.7,38.2,39.4,15.4,6.9
IR-O-U-0372,2023,655,542,82.7,47.6,35.8,11.8,4.8
IR-O-U-0372,2024,736,620,84.2,46.5,31.6,13.5,8.4
IR-O-U-0372,2025,849,718,84.6,45.3,34.0,14.5,6.3
IR-O-U-0373,2021,11,7,63.6,14.3,57.1,28.6,0.0
IR-O-U-0373,2022,15,13,86.7,23.1,15.4,30.8,30.8
IR-O-U-0373,2023,24,15,62.5,40.0,26.7,20.0,13.3
IR-O-U-0373,2024,30,11,36.7,36.4,36.4,9.1,18.2
IR-O-U-0373,2025,18,13,72.2,46.2,23.1,0.0,30.8
IR-O-U-0376,2021,714,561,78.6,37.8,39.2,16.9,6.1
IR-O-U-0376,2022,767,639,83.3,41.3,35.2,13.1,10.3
IR-O-U-0376,2023,750,602,80.3,40.5,34.1,17.3,8.1
IR-O-U-0376,2024,769,619,80.5,40.5,33.1,15.7,10.7
IR-O-U-0376,2025,747,569,76.2,38.5,35.7,16.7,9.1
IR-O-U-0379,2021,2025,1192,58.9,29.2,29.9,21.6,19.2
IR-O-U-0379,2022,2592,1675,64.6,30.1,33.6,18.3,17.9
IR-O-U-0379,2023,4091,2349,57.4,32.1,25.5,23.1,19.4
IR-O-U-0379,2024,5000,2768,55.4,40.7,28.1,19.8,11.4
IR-O-U-0379,2025,5000,2875,57.5,40.3,28.8,20.2,10.7
IR-O-U-0381,2021,935,809,86.5,27.8,26.1,21.0,25.1
IR-O-U-0381,2022,1142,939,82.2,37.2,27.8,13.0,22.0
IR-O-U-0381,2023,1152,987,85.7,35.9,32.1,12.7,19.4
IR-O-U-0381,2024,1195,959,80.3,38.8,31.9,16.8,12.5
IR-O-U-0381,2025,1117,963,86.2,28.8,37.1,19.4,14.7
IR-O-U-0383,2021,742,542,73.0,24.2,38.9,19.4,17.5
IR-O-U-0383,2022,695,529,76.1,24.8,37.8,20.4,17.0
IR-O-U-0383,2023,655,467,71.3,23.6,33.4,24.0,19.1
IR-O-U-0383,2024,629,454,72.2,26.4,33.0,20.7,19.8
IR-O-U-0383,2025,649,434,66.9,33.9,30.4,20.3,15.4
IR-O-U-0384,2021,239,157,65.7,31.2,41.4,16.6,10.8
IR-O-U-0384,2022,300,235,78.3,31.5,34.9,19.1,14.5
IR-O-U-0384,2023,332,260,78.3,29.2,34.6,23.5,12.7
IR-O-U-0384,2024,334,254,76.0,37.0,38.6,16.1,8.3
IR-O-U-0384,2025,328,245,74.7,39.2,39.6,11.4,9.8
IR-O-U-0389,2021,364,247,67.9,21.1,24.3,21.9,32.8
IR-O-U-0389,2022,476,317,66.6,24.0,32.8,22.4,20.8
IR-O-U-0389,2023,542,336,62.0,27.1,32.4,22.3,18.2
IR-O-U-0389,2024,636,412,64.8,30.3,29.9,20.9,18.9
IR-O-U-0389,2025,754,463,61.4,30.7,25.1,21.2,23.1
IR-O-U-0391,2021,600,485,80.8,48.7,31.5,12.6,7.2
IR-O-U-0391,2022,646,559,86.5,51.0,31.8,9.8,7.3
IR-O-U-0391,2023,795,647,81.4,49.1,33.1,9.6,8.2
IR-O-U-0391,2024,856,756,88.3,52.9,33.5,7.9,5.7
IR-O-U-0391,2025,971,845,87.0,55.3,33.0,6.2,5.6
IR-O-U-0392,2021,401,278,69.3,43.5,35.3,14.4,6.8
IR-O-U-0392,2022,441,336,76.2,39.0,35.1,17.6,8.3
IR-O-U-0392,2023,477,363,76.1,42.1,34.7,14.3,8.8
IR-O-U-0392,2024,547,404,73.9,43.8,30.9,17.6,7.7
IR-O-U-0392,2025,547,442,80.8,37.1,35.3,17.4,10.2
IR-O-U-0435,2021,680,584,85.9,46.7,36.0,11.5,5.8
IR-O-U-0435,2022,632,508,80.4,44.9,37.6,10.4,7.1
IR-O-U-0435,2023,538,452,84.0,40.5,39.8,13.1,6.6
IR-O-U-0435,2024,528,446,84.5,47.1,27.6,17.3,8.1
IR-O-U-0435,2025,598,500,83.6,41.4,31.6,17.6,9.4
IR-O-U-0436,2021,1760,996,56.6,27.9,20.7,18.6,32.8
IR-O-U-0436,2022,2001,1204,60.2,27.1,25.8,17.3,29.8
IR-O-U-0436,2023,2645,1385,52.4,33.0,27.4,14.5,25.1
IR-O-U-0436,2024,3814,1745,45.8,41.7,29.1,12.7,16.6
IR-O-U-0436,2025,4544,2385,52.5,47.6,25.1,9.7,17.5
IR-O-U-0439,2021,2315,1845,79.7,34.6,35.6,16.5,13.3
IR-O-U-0439,2022,2396,1940,81.0,27.8,38.0,23.0,11.1
IR-O-U-0439,2023,2332,1762,75.6,30.4,33.8,25.2,10.6
IR-O-U-0439,2024,2363,1641,69.4,34.6,34.2,18.2,13.1
IR-O-U-0439,2025,2434,1695,69.6,33.5,35.4,18.2,13.0
IR-O-U-0444,2021,116,88,75.9,29.5,22.7,23.9,23.9
IR-O-U-0444,2022,179,128,71.5,22.7,28.9,18.0,30.5
IR-O-U-0444,2023,190,143,75.3,18.9,28.7,18.2,34.3
IR-O-U-0444,2024,223,177,79.4,24.3,21.5,24.3,29.9
IR-O-U-0444,2025,281,221,78.6,24.9,27.1,22.6,25.3
IR-O-U-0446,2021,362,246,68.0,35.4,32.1,19.1,13.4
IR-O-U-0446,2022,626,490,78.3,18.8,44.1,19.8,17.3
IR-O-U-0446,2023,530,341,64.3,27.6,29.9,20.2,22.3
IR-O-U-0446,2024,725,375,51.7,21.6,22.7,24.3,31.5
IR-O-U-0446,2025,866,402,46.4,21.6,25.9,24.6,27.9
IR-O-U-0447,2021,846,728,86.1,35.4,36.1,14.7,13.7
IR-O-U-0447,2022,818,719,87.9,38.4,35.5,14.9,11.3
IR-O-U-0447,2023,772,655,84.8,38.9,34.0,16.6,10.4
IR-O-U-0447,2024,796,650,81.7,47.4,29.7,15.1,7.8
IR-O-U-0447,2025,818,640,78.2,39.8,37.5,13.4,9.2
IR-O-U-0448,2021,845,687,81.3,37.8,37.3,11.9,13.0
IR-O-U-0448,2022,984,835,84.9,31.9,37.7,17.1,13.3
IR-O-U-0448,2023,1072,879,82.0,32.1,37.7,17.7,12.5
IR-O-U-0448,2024,1244,1062,85.4,31.3,40.8,15.6,12.3
IR-O-U-0448,2025,1218,1054,86.5,32.0,34.2,19.2,14.7
IR-O-U-0449,2021,229,179,78.2,52.0,24.6,14.0,9.5
IR-O-U-0449,2022,297,247,83.2,47.0,29.6,13.0,10.5
IR-O-U-0449,2023,303,225,74.3,46.2,30.7,13.8,9.3
IR-O-U-0449,2024,359,245,68.2,44.1,31.4,16.3,8.2
IR-O-U-0449,2025,372,263,70.7,39.9,28.5,21.3,10.3
IR-O-U-0451,2021,96,79,82.3,26.6,25.3,26.6,21.5
IR-O-U-0451,2022,244,199,81.6,20.1,28.1,15.6,36.2
IR-O-U-0451,2023,430,354,82.3,34.5,28.5,20.9,16.1
IR-O-U-0451,2024,655,576,87.9,42.7,22.0,22.2,13.0
IR-O-U-0451,2025,589,538,91.3,42.4,25.1,19.9,12.6
IR-O-U-0453,2021,193,145,75.1,42.1,38.6,12.4,6.9
IR-O-U-0453,2022,177,159,89.8,34.6,41.5,17.0,6.9
IR-O-U-0453,2023,182,151,83.0,40.4,35.8,17.9,6.0
IR-O-U-0453,2024,236,191,80.9,42.9,31.4,16.2,9.4
IR-O-U-0453,2025,217,185,85.3,36.8,37.3,14.1,11.9
IR-O-U-0458,2021,813,439,54.0,29.6,34.2,18.0,18.2
IR-O-U-0458,2022,1004,631,62.8,22.3,42.8,17.7,17.1
IR-O-U-0458,2023,1113,585,52.6,24.4,33.2,21.7,20.7
IR-O-U-0458,2024,1321,623,47.2,25.7,30.3,20.9,23.1
IR-O-U-0458,2025,1604,624,38.9,27.9,30.9,24.7,16.5
IR-O-U-0460,2021,737,473,64.2,22.6,27.9,19.9,29.6
IR-O-U-0460,2022,888,634,71.4,19.7,31.5,21.8,27.0
IR-O-U-0460,2023,956,581,60.8,24.8,26.9,26.0,22.4
IR-O-U-0460,2024,1074,578,53.8,26.6,33.0,23.7,16.6
IR-O-U-0460,2025,1243,578,46.5,25.1,31.7,22.3,20.9
IR-O-U-0461,2021,132,80,60.6,8.8,25.0,32.5,33.8
IR-O-U-0461,2022,154,115,74.7,7.8,35.7,27.0,29.6
IR-O-U-0461,2023,185,116,62.7,16.4,33.6,24.1,25.9
IR-O-U-0461,2024,203,101,49.8,14.9,27.7,29.7,27.7
IR-O-U-0461,2025,318,190,59.7,10.0,22.1,33.2,34.7
IR-O-U-0463,2021,325,273,84.0,40.3,33.7,14.7,11.4
IR-O-U-0463,2022,352,300,85.2,31.0,43.7,14.3,11.0
IR-O-U-0463,2023,399,329,82.5,34.3,38.9,15.8,10.9
IR-O-U-0463,2024,427,340,79.6,40.0,29.4,15.3,15.3
IR-O-U-0463,2025,504,438,86.9,31.7,25.6,23.5,19.2
IR-O-U-0464,2021,368,266,72.3,25.2,33.8,22.2,18.8
IR-O-U-0464,2022,454,362,79.7,21.5,35.6,21.3,21.5
IR-O-U-0464,2023,462,391,84.6,26.3,34.5,22.0,17.1
IR-O-U-0464,2024,483,437,90.5,26.3,37.5,20.6,15.6
IR-O-U-0464,2025,458,401,87.6,26.4,36.2,21.9,15.5
IR-O-U-0465,2021,59,50,84.7,38.0,20.0,30.0,12.0
IR-O-U-0465,2022,73,49,67.1,30.6,28.6,28.6,12.2
IR-O-U-0465,2023,87,71,81.6,38.0,25.4,21.1,15.5
IR-O-U-0465,2024,181,151,83.4,42.4,19.2,19.2,19.2
IR-O-U-0465,2025,371,295,79.5,31.5,27.1,24.4,16.9
IR-O-U-0470,2021,416,337,81.0,35.6,34.7,16.9,12.8
IR-O-U-0470,2022,504,456,90.5,25.2,41.9,19.3,13.6
IR-O-U-0470,2023,432,395,91.4,31.6,37.5,19.0,11.9
IR-O-U-0470,2024,468,404,86.3,30.0,40.3,15.6,14.1
IR-O-U-0470,2025,451,379,84.0,38.3,32.7,17.4,11.6
IR-O-U-0473,2021,2560,1806,70.5,35.3,31.3,16.6,16.7
IR-O-U-0473,2022,4204,3108,73.9,30.1,34.1,17.7,18.0
IR-O-U-0473,2023,5000,3247,64.9,35.9,30.0,16.6,17.5
IR-O-U-0473,2024,5000,3492,69.8,41.5,31.5,16.1,10.9
IR-O-U-0473,2025,5000,3745,74.9,42.7,31.3,16.7,9.3
IR-O-U-0474,2021,1142,683,59.8,25.5,23.9,16.1,34.6
IR-O-U-0474,2022,1249,849,68.0,23.6,37.1,19.0,20.4
IR-O-U-0474,2023,1365,801,58.7,29.1,31.2,21.1,18.6
IR-O-U-0474,2024,1465,796,54.3,33.2,27.9,21.2,17.7
IR-O-U-0474,2025,3022,1623,53.7,32.4,32.6,21.7,13.3
IR-O-U-0476,2021,606,512,84.5,43.0,35.0,13.9,8.2
IR-O-U-0476,2022,633,514,81.2,38.7,38.5,15.0,7.8
IR-O-U-0476,2023,587,446,76.0,41.7,35.7,12.8,9.9
IR-O-U-0476,2024,564,418,74.1,43.5,34.9,13.6,7.9
IR-O-U-0476,2025,755,520,68.9,40.4,35.6,12.1,11.9
IR-O-U-0485,2021,475,399,84.0,19.5,20.3,26.1,34.1
IR-O-U-0485,2022,633,559,88.3,22.7,23.3,22.7,31.3
IR-O-U-0485,2023,715,624,87.3,20.4,23.1,33.5,23.1
IR-O-U-0485,2024,1263,1109,87.8,22.6,24.6,45.3,7.5
IR-O-U-0485,2025,1834,1664,90.7,17.4,23.3,13.0,46.3
IR-O-U-0487,2021,120,99,82.5,17.2,32.3,24.2,26.3
IR-O-U-0487,2022,149,123,82.6,14.6,45.5,15.4,24.4
IR-O-U-0487,2023,136,115,84.6,17.4,23.5,45.2,13.9
IR-O-U-0487,2024,141,108,76.6,14.8,26.9,44.4,13.9
IR-O-U-0487,2025,131,106,80.9,17.9,19.8,45.3,17.0
IR-O-U-0489,2021,385,331,86.0,18.1,38.1,16.3,27.5
IR-O-U-0489,2022,775,567,73.2,16.0,46.6,21.2,16.2
IR-O-U-0489,2023,1172,651,55.5,19.0,34.1,21.8,25.0
IR-O-U-0489,2024,2172,883,40.7,23.8,25.5,22.3,28.4
IR-O-U-0489,2025,3273,1378,42.1,28.0,26.9,22.6,22.6
IR-O-U-0490,2021,3701,2661,71.9,31.2,33.6,15.7,19.5
IR-O-U-0490,2022,4892,3833,78.4,29.6,34.8,18.6,17.0
IR-O-U-0490,2023,5000,3801,76.0,37.5,34.5,16.3,11.8
IR-O-U-0490,2024,5000,4094,81.9,47.3,31.6,13.2,7.9
IR-O-U-0490,2025,5000,4292,85.8,50.9,31.5,12.2,5.4
IR-O-U-0496,2021,2011,1531,76.1,35.7,28.5,22.1,13.7
IR-O-U-0496,2022,2224,1690,76.0,38.0,33.7,17.1,11.2
IR-O-U-0496,2023,2313,1691,73.1,38.7,32.9,18.2,10.2
IR-O-U-0496,2024,2116,1628,76.9,39.7,32.7,16.5,11.1
IR-O-U-0496,2025,2029,1572,77.5,40.0,32.3,17.1,10.6
IR-O-U-0497,2021,3961,2562,64.7,28.9,22.8,19.3,29.0
IR-O-U-0497,2022,4581,2997,65.4,28.5,26.5,20.9,24.0
IR-O-U-0497,2023,5000,2960,59.2,28.2,27.1,18.6,26.1
IR-O-U-0497,2024,5000,2845,56.9,34.7,27.3,17.7,20.3
IR-O-U-0497,2025,5000,2964,59.3,34.8,28.5,19.2,17.5
IR-O-U-0498,2021,407,300,73.7,42.3,24.0,22.0,11.7
IR-O-U-0498,2022,461,343,74.4,35.3,36.2,14.9,13.7
IR-O-U-0498,2023,468,325,69.4,40.9,32.0,19.4,7.7
IR-O-U-0498,2024,540,394,73.0,37.1,33.8,18.3,10.9
IR-O-U-0498,2025,543,423,77.9,32.9,44.2,15.4,7.6
IR-O-U-0500,2021,2493,1947,78.1,41.6,30.5,19.0,9.0
IR-O-U-0500,2022,3021,2312,76.5,42.4,34.0,15.1,8.5
IR-O-U-0500,2023,3107,2460,79.2,42.0,33.9,15.6,8.5
IR-O-U-0500,2024,3318,2526,76.1,44.1,32.5,15.9,7.5
IR-O-U-0500,2025,3478,2795,80.4,43.6,32.8,16.5,7.0
IR-O-U-0507,2021,146,112,76.7,24.1,20.5,16.1,39.3
IR-O-U-0507,2022,164,126,76.8,25.4,31.7,14.3,28.6
IR-O-U-0507,2023,212,135,63.7,27.4,32.6,22.2,17.8
IR-O-U-0507,2024,185,125,67.6,30.4,35.2,20.8,13.6
IR-O-U-0507,2025,254,167,65.7,33.5,28.7,19.2,18.6
IR-O-U-0523,2021,518,417,80.5,32.4,24.2,24.2,19.2
IR-O-U-0523,2022,478,424,88.7,28.3,29.2,26.2,16.3
IR-O-U-0523,2023,516,456,88.4,29.8,29.6,25.9,14.7
IR-O-U-0523,2024,521,463,88.9,25.7,25.3,33.0,16.0
IR-O-U-0523,2025,616,583,94.6,29.0,25.4,29.0,16.6
IR-O-U-0524,2021,369,284,77.0,28.5,36.3,19.4,15.8
IR-O-U-0524,2022,450,328,72.9,32.0,36.3,15.9,15.9
IR-O-U-0524,2023,560,436,77.9,30.0,36.7,21.6,11.7
IR-O-U-0524,2024,621,483,77.8,29.6,33.5,26.9,9.9
IR-O-U-0524,2025,772,592,76.7,25.5,34.5,26.2,13.9
IR-O-U-0541,2021,700,480,68.6,27.9,25.6,20.0,26.5
IR-O-U-0541,2022,1064,732,68.8,32.2,30.3,19.4,18.0
IR-O-U-0541,2023,1298,743,57.2,29.9,27.3,25.2,17.6
IR-O-U-0541,2024,1980,927,46.8,26.2,27.3,19.7,26.8
IR-O-U-0541,2025,2412,1082,44.9,29.1,26.1,22.8,22.0
IR-O-U-0555,2021,505,263,52.1,24.0,26.6,16.3,33.1
IR-O-U-0555,2022,1259,678,53.9,30.1,42.0,16.1,11.8
IR-O-U-0555,2023,2442,958,39.2,41.5,29.9,12.7,15.9
IR-O-U-0555,2024,4378,1742,39.8,40.9,27.3,16.9,15.0
IR-O-U-0555,2025,3956,2592,65.5,42.8,30.8,13.0,13.4
IR-O-U-0564,2021,935,650,69.5,34.0,28.5,17.8,19.7
IR-O-U-0564,2022,1667,1264,75.8,43.3,29.4,13.0,14.4
IR-O-U-0564,2023,1693,1221,72.1,47.6,28.8,9.7,13.9
IR-O-U-0564,2024,1237,823,66.5,47.4,30.6,10.3,11.7
IR-O-U-0564,2025,860,620,72.1,45.0,31.5,12.6,11.0
IR-O-U-0569,2021,428,326,76.2,36.2,31.9,20.9,11.0
IR-O-U-0569,2022,523,434,83.0,37.8,33.2,18.0,11.1
IR-O-U-0569,2023,481,417,86.7,38.8,34.8,19.7,6.7
IR-O-U-0569,2024,515,412,80.0,42.5,32.3,19.4,5.8
IR-O-U-0569,2025,493,429,87.0,37.3,35.9,18.9,7.9
IR-O-U-0570,2021,1471,1165,79.2,35.0,32.1,17.3,15.6
IR-O-U-0570,2022,1451,1143,78.8,36.7,35.3,16.7,11.3
IR-O-U-0570,2023,1392,1067,76.7,33.5,37.3,18.9,10.3
IR-O-U-0570,2024,1501,1108,73.8,38.0,35.6,19.2,7.1
IR-O-U-0570,2025,1437,1169,81.4,37.6,32.5,21.7,8.1
IR-O-U-0575,2021,2074,1622,78.2,39.5,30.1,15.1,15.3
IR-O-U-0575,2022,2140,1629,76.1,37.0,36.1,15.3,11.5
IR-O-U-0575,2023,2192,1678,76.6,39.3,31.6,14.4,14.7
IR-O-U-0575,2024,2311,1760,76.2,38.0,33.2,14.7,14.0
IR-O-U-0575,2025,2182,1713,78.5,37.1,32.7,14.9,15.2
IR-O-U-0576,2021,470,368,78.3,35.1,31.5,16.6,16.8
IR-O-U-0576,2022,454,377,83.0,35.8,30.5,21.0,12.7
IR-O-U-0576,2023,479,374,78.1,29.7,39.6,20.1,10.7
IR-O-U-0576,2024,483,371,76.8,39.6,34.5,16.7,9.2
IR-O-U-0576,2025,461,366,79.4,34.7,35.5,18.0,11.7
IR-O-U-0589,2021,198,173,87.4,48.0,28.3,15.6,8.1
IR-O-U-0589,2022,238,194,81.5,35.6,41.2,16.5,6.7
IR-O-U-0589,2023,218,185,84.9,37.3,39.5,15.7,7.6
IR-O-U-0589,2024,276,220,79.7,40.5,32.7,18.6,8.2
IR-O-U-0589,2025,239,198,82.8,29.8,36.4,24.2,9.6
IR-O-U-0642,2021,2,1,50.0,0.0,0.0,100.0,0.0
IR-O-U-0642,2022,10,9,90.0,22.2,33.3,33.3,11.1
IR-O-U-0642,2023,17,14,82.4,14.3,57.1,14.3,14.3
IR-O-U-0642,2024,33,23,69.7,39.1,30.4,13.0,17.4
IR-O-U-0642,2025,33,19,57.6,47.4,26.3,5.3,21.1
IR-O-U-0739,2021,189,152,80.4,18.4,40.8,21.7,19.1
IR-O-U-0739,2022,248,201,81.0,18.9,38.8,16.9,25.4
IR-O-U-0739,2023,351,267,76.1,13.9,31.1,26.6,28.5
IR-O-U-0739,2024,297,255,85.9,21.2,41.2,28.2,9.4
IR-O-U-0739,2025,519,387,74.6,28.9,40.3,21.4,9.3
IR-O-U-0744,2021,172,137,79.7,54.0,30.7,13.1,2.2
IR-O-U-0744,2022,213,170,79.8,54.7,24.7,14.7,5.9
IR-O-U-0744,2023,246,186,75.6,61.8,24.2,12.4,1.6
IR-O-U-0744,2024,303,231,76.2,62.8,26.4,8.2,2.6
IR-O-U-0744,2025,320,251,78.4,61.4,26.3,10.4,2.0
IR-O-U-0747,2021,1196,495,41.4,27.9,31.7,18.4,22.0
IR-O-U-0747,2022,2636,1650,62.6,29.5,44.9,12.8,12.8
IR-O-U-0747,2023,5000,2513,50.3,40.1,27.6,14.1,18.3
IR-O-U-0747,2024,5000,2530,50.6,37.6,27.1,18.6,16.7
IR-O-U-0747,2025,5000,2852,57.0,36.6,31.5,18.1,13.8
IR-O-U-0749,2021,678,432,63.7,27.1,23.6,24.1,25.2
IR-O-U-0749,2022,1014,777,76.6,19.8,36.9,17.5,25.7
IR-O-U-0749,2023,1209,775,64.1,23.7,28.5,17.7,30.1
IR-O-U-0749,2024,1334,891,66.8,30.0,30.4,16.5,23.1
IR-O-U-0749,2025,2108,1537,72.9,41.1,27.4,14.0,17.5
IR-O-U-0784,2023,1,1,100.0,100.0,0.0,0.0,0.0
IR-O-U-0784,2024,6,4,66.7,0.0,0.0,50.0,50.0
IR-O-U-0784,2025,30,26,86.7,26.9,23.1,38.5,11.5
