institute_id,nirf_name,affilname,city,country,doc_count,confirmed
IR-O-U-0220,"Indian Institute of Science, Bengaluru",Indian Institute of Science,Bengaluru,India,13/25 sampled docs,yes
IR-O-U-0220,"Indian Institute of Science, Bengaluru",Indian Institute of Technology Madras,Chennai,India,2/25 sampled docs,
IR-O-U-0220,"Indian Institute of Science, Bengaluru",Indian Institute of Technology Delhi,New Delhi,India,2/25 sampled docs,
IR-O-U-0220,"Indian Institute of Science, Bengaluru",National Institute of Technology Karnataka,Mangalore,India,1/25 sampled docs,
IR-O-U-0220,"Indian Institute of Science, Bengaluru",Bangalore University,Bengaluru,India,1/25 sampled docs,
IR-O-U-0109,Jawaharlal Nehru University,Jawaharlal Nehru University,New Delhi,India,21/25 sampled docs,yes
IR-O-U-0109,Jawaharlal Nehru University,Manipur University,Imphal,India,1/25 sampled docs,
IR-O-U-0109,Jawaharlal Nehru University,Banaras Hindu University,Varanasi,India,1/25 sampled docs,
IR-O-U-0109,Jawaharlal Nehru University,Eesti Maaülikool,Tartu,Estonia,1/25 sampled docs,
IR-O-U-0109,Jawaharlal Nehru University,Goethe-Universität Frankfurt am Main,Frankfurt am Main,Germany,1/25 sampled docs,
IR-O-U-0500,Banaras Hindu University,Banaras Hindu University,Varanasi,India,17/25 sampled docs,yes
IR-O-U-0500,Banaras Hindu University,Indian Institute of Technology Madras,Chennai,India,1/25 sampled docs,
IR-O-U-0500,Banaras Hindu University,National Institute of Technology Kurukshetra,Kurukshetra,India,1/25 sampled docs,
IR-O-U-0500,Banaras Hindu University,Indian Institute of Technology (BHU) Varanasi,Varanasi,India,1/25 sampled docs,
IR-O-U-0500,Banaras Hindu University,Rashtrasant Tukadoji Maharaj Nagpur University,Nagpur,India,1/25 sampled docs,
IR-O-U-0042,University of Hyderabad,University of Hyderabad,Hyderabad,India,16/25 sampled docs,yes
IR-O-U-0042,University of Hyderabad,"Tata Institute of Fundamental Research, Mumbai",Mumbai,India,1/25 sampled docs,
IR-O-U-0042,University of Hyderabad,Indira Gandhi National Open University,New Delhi,India,1/25 sampled docs,
IR-O-U-0042,University of Hyderabad,Fakir Mohan University,Balasore,India,1/25 sampled docs,
IR-O-U-0042,University of Hyderabad,International Institute for Population Sciences,Mumbai,India,1/25 sampled docs,
IR-O-U-0570,Calcutta University,University of Calcutta,Kolkata,India,11/25 sampled docs,yes
IR-O-U-0570,Calcutta University,"St. Xavier's College, Kolkata",Kolkata,India,2/25 sampled docs,
IR-O-U-0570,Calcutta University,Imam Mohammad Ibn Saud Islamic University,Riyadh,Saudi Arabia,2/25 sampled docs,
IR-O-U-0570,Calcutta University,École Normale Supèrieure d'Enseignement Technologique de Skikda,Skikda,Algeria,2/25 sampled docs,
IR-O-U-0570,Calcutta University,Aligarh Muslim University,Aligarh,India,1/25 sampled docs,
IR-O-U-0575,Jadavpur University,Jadavpur University,Kolkata,India,16/25 sampled docs,yes
IR-O-U-0575,Jadavpur University,Central Glass and Ceramic Research Institute India,Kolkata,India,2/25 sampled docs,
IR-O-U-0575,Jadavpur University,University of Engineering & Management Kolkata,Kolkata,India,1/25 sampled docs,
IR-O-U-0575,Jadavpur University,Vidyasagar University,Purba Midnapore,India,1/25 sampled docs,
IR-O-U-0575,Jadavpur University,"Techno India University, West Bengal",Kolkata,India,1/25 sampled docs,
IR-O-U-0439,Anna University,Anna University,Chennai,India,11/25 sampled docs,yes
IR-O-U-0439,Anna University,Madras Institute of Technology,Chennai,India,8/25 sampled docs,
IR-O-U-0439,Anna University,"Anna University of Technology, Tiruchirappalli",Tiruchirappalli,India,2/25 sampled docs,
IR-O-U-0439,Anna University,"University College of Engineering, Dindigul",Dindigul,India,1/25 sampled docs,
IR-O-U-0439,Anna University,Sri Ramakrishna Institute of Technology,Coimbatore,India,1/25 sampled docs,
IR-O-U-0436,Amrita Vishwa Vidyapeetham,"Amrita University, Amritapuri Campus",Kollam,India,10/25 sampled docs,
IR-O-U-0436,Amrita Vishwa Vidyapeetham,Amrita Vishwa Vidyapeetham,Coimbatore,India,4/25 sampled docs,yes
IR-O-U-0436,Amrita Vishwa Vidyapeetham,"Amrita School of Engineering, Coimbatore",Coimbatore,India,3/25 sampled docs,
IR-O-U-0436,Amrita Vishwa Vidyapeetham,Amrita School of Business,Coimbatore,India,2/25 sampled docs,
IR-O-U-0436,Amrita Vishwa Vidyapeetham,Sister Nivedita University,Kolkata,India,1/25 sampled docs,
IR-O-U-0234,"Manipal Academy of Higher Education, Manipal",Manipal Institute of Technology,Manipal,India,4/25 sampled docs,
IR-O-U-0234,"Manipal Academy of Higher Education, Manipal","Kasturba Medical College, Manipal",Manipal,India,3/25 sampled docs,
IR-O-U-0234,"Manipal Academy of Higher Education, Manipal",Manipal Academy of Higher Education,Manipal,India,2/25 sampled docs,yes
IR-O-U-0234,"Manipal Academy of Higher Education, Manipal",National Institute of Mental Health and Neuro Sciences,Bengaluru,India,2/25 sampled docs,
IR-O-U-0234,"Manipal Academy of Higher Education, Manipal","Manipal College of Dental Sciences, Manipal",Manipal,India,1/25 sampled docs,
IR-O-U-0323,Savitribai Phule Pune University,Savitribai Phule Pune University,Pune,India,18/25 sampled docs,yes
IR-O-U-0323,Savitribai Phule Pune University,Vikrant University Gwalior,Gwalior,India,1/25 sampled docs,
IR-O-U-0323,Savitribai Phule Pune University,"Sanjivani College of Pharmaceutical Education and Research, Kopargaon",Kopargaon,India,1/25 sampled docs,
IR-O-U-0323,Savitribai Phule Pune University,SNJB's KKHA Arts,Commerce,India,1/25 sampled docs,
IR-O-U-0323,Savitribai Phule Pune University,K.R.T. Arts,Nashik,India,1/25 sampled docs,
IR-O-U-0496,Aligarh Muslim University,Aligarh Muslim University,Aligarh,India,16/25 sampled docs,yes
IR-O-U-0496,Aligarh Muslim University,Zakir Husain College of Engineering and Technology,Aligarh,India,3/25 sampled docs,
IR-O-U-0496,Aligarh Muslim University,Indian Institute of Technology Ropar,Rupnagar,India,2/25 sampled docs,
IR-O-U-0496,Aligarh Muslim University,Universitas Muhammadiyah Yogyakarta,Yogyakarta,Indonesia,1/25 sampled docs,
IR-O-U-0496,Aligarh Muslim University,University of Kashmir,Srinagar,India,1/25 sampled docs,
IR-O-U-0108,"Jamia Millia Islamia, New Delhi",Jamia Millia Islamia,New Delhi,India,15/25 sampled docs,yes
IR-O-U-0108,"Jamia Millia Islamia, New Delhi",Hansraj College,New Delhi,India,1/25 sampled docs,
IR-O-U-0108,"Jamia Millia Islamia, New Delhi",University of Washington School of Medicine,Seattle,United States,1/25 sampled docs,
IR-O-U-0108,"Jamia Millia Islamia, New Delhi",Institute for Health Metrics and Evaluation,Seattle,United States,1/25 sampled docs,
IR-O-U-0108,"Jamia Millia Islamia, New Delhi",Udai Pratap Autonomous College,Varanasi,India,1/25 sampled docs,
IR-O-U-0120,University of Delhi,University of Delhi,New Delhi,India,7/25 sampled docs,yes
IR-O-U-0120,University of Delhi,Jawaharlal Nehru University,New Delhi,India,3/25 sampled docs,
IR-O-U-0120,University of Delhi,Dr. B.R. Ambedkar Center for Biomedical Research,New Delhi,India,2/25 sampled docs,
IR-O-U-0120,University of Delhi,Maitreyi College,New Delhi,India,2/25 sampled docs,
IR-O-U-0120,University of Delhi,Banaras Hindu University,Varanasi,India,2/25 sampled docs,
IR-O-U-0447,Bharathiar University,Bharathiar University,Coimbatore,India,17/25 sampled docs,yes
IR-O-U-0447,Bharathiar University,Periyar University,Salem,India,2/25 sampled docs,
IR-O-U-0447,Bharathiar University,Jiangsu University of Science and Technology,Zhenjiang,China,1/25 sampled docs,
IR-O-U-0447,Bharathiar University,Jeju National University,Jeju,South Korea,1/25 sampled docs,
IR-O-U-0447,Bharathiar University,Sri Ramakrishna Institute of Technology,Coimbatore,India,1/25 sampled docs,
IR-O-U-0308,Institute of Chemical Technology,Indian Institute of Chemical Technology,Hyderabad,India,3/25 sampled docs,
IR-O-U-0308,Institute of Chemical Technology,Politechnika Poznanska,Poznan,Poland,3/25 sampled docs,
IR-O-U-0308,Institute of Chemical Technology,Institute of Chemical Technology,Mumbai,India,2/25 sampled docs,yes
IR-O-U-0308,Institute of Chemical Technology,Chungnam National University,Daejeon,South Korea,2/25 sampled docs,
IR-O-U-0308,Institute of Chemical Technology,Jiangnan University,Wuxi,China,2/25 sampled docs,
IR-O-U-0006,"Andhra University, Visakhapatnam",Andhra University,Visakhapatnam,India,10/25 sampled docs,yes
IR-O-U-0006,"Andhra University, Visakhapatnam",Andhra University College of Engineering,Visakhapatnam,India,3/25 sampled docs,
IR-O-U-0006,"Andhra University, Visakhapatnam","Sri Sivani College of Pharmacy, Srikakulam",Srikakulam,India,1/25 sampled docs,
IR-O-U-0006,"Andhra University, Visakhapatnam",AVN Institute of Engineering & Technology,Hyderabad,India,1/25 sampled docs,
IR-O-U-0006,"Andhra University, Visakhapatnam",Gandhi Institute of Technology and Management (GITAM),Visakhapatnam,India,1/25 sampled docs,
IR-O-U-0304,Homi Bhabha National Institute,Homi Bhabha National Institute,Mumbai,India,13/25 sampled docs,yes
IR-O-U-0304,Homi Bhabha National Institute,Bhabha Atomic Research Centre,Mumbai,India,5/25 sampled docs,
IR-O-U-0304,Homi Bhabha National Institute,Indira Gandhi Centre for Atomic Research,Kalpakkam,India,4/25 sampled docs,
IR-O-U-0304,Homi Bhabha National Institute,Raja Ramanna Centre for Advanced Technology,Indore,India,2/25 sampled docs,
IR-O-U-0304,Homi Bhabha National Institute,Variable Energy Cyclotron Centre India,Kolkata,India,2/25 sampled docs,
IR-O-U-0107,Jamia Hamdard,Jamia Hamdard,New Delhi,India,13/25 sampled docs,yes
IR-O-U-0107,Jamia Hamdard,Nims University Rajasthan,Jaipur,India,1/25 sampled docs,
IR-O-U-0107,Jamia Hamdard,ICMR–National Institute of Nutrition,Hyderabad,India,1/25 sampled docs,
IR-O-U-0107,Jamia Hamdard,"ICAR - National Bureau of Plant Genetic Resources, New Delhi",New Delhi,India,1/25 sampled docs,
IR-O-U-0107,Jamia Hamdard,School of Pharmaceutical Education and Research,Jamia Hamdard,India,1/25 sampled docs,
IR-O-U-0490,Vellore Institute of Technology,Vellore Institute of Technology,Vellore,India,13/25 sampled docs,yes
IR-O-U-0490,Vellore Institute of Technology,"Vellore Institute of Technology, Chennai",Chennai,India,7/25 sampled docs,
IR-O-U-0490,Vellore Institute of Technology,Universität Trier,Trier,Germany,2/25 sampled docs,
IR-O-U-0490,Vellore Institute of Technology,CVR College of Engineering,Ibrahimpatnam,India,1/25 sampled docs,
IR-O-U-0490,Vellore Institute of Technology,Indian Institute of Technology Madras,Chennai,India,1/25 sampled docs,
IR-O-I-1357,University of Madras,University of Madras,Chennai,India,11/25 sampled docs,yes
IR-O-I-1357,University of Madras,Saveetha School of Engineering,Chennai,India,1/25 sampled docs,
IR-O-I-1357,University of Madras,Mother Teresa Women's University,Kodaikanal,India,1/25 sampled docs,
IR-O-I-1357,University of Madras,Diamond Harbour Women's University,Sarisa,India,1/25 sampled docs,
IR-O-I-1357,University of Madras,"University of the Witwatersrand, Johannesburg",Johannesburg,South Africa,1/25 sampled docs,
IR-O-U-0078,Panjab University,Panjab University,Chandigarh,India,17/25 sampled docs,yes
IR-O-U-0078,Panjab University,University Institute of Engineering and Technology,Chandigarh,India,3/25 sampled docs,
IR-O-U-0078,Panjab University,University Institute of Pharmaceutical Sciences,Chandigarh,India,2/25 sampled docs,
IR-O-U-0078,Panjab University,"Vels Institute of Science, Technology & Advanced Studies",Chennai,India,1/25 sampled docs,
IR-O-U-0078,Panjab University,Univerzita Komenského v Bratislave,Bratislava,Slovakia,1/25 sampled docs,
IR-O-U-0260,Kerala University,Kerala University of Fisheries and Ocean Studies,Kochi,India,6/25 sampled docs,
IR-O-U-0260,Kerala University,Kerala University of Health Sciences,Thrissur,India,3/25 sampled docs,
IR-O-U-0260,Kerala University,Princess Nourah Bint Abdulrahman University,Riyadh,Saudi Arabia,2/25 sampled docs,
IR-O-U-0260,Kerala University,Cochin University of Science and Technology,Kochi,India,2/25 sampled docs,
IR-O-U-0260,Kerala University,Geological Survey of India,Kolkata,India,2/25 sampled docs,
IR-O-U-0391,"Birla Institute of Technology and Science, Pilani","Birla Institute of Technology and Science, Pilani",Pilani,India,15/25 sampled docs,yes
IR-O-U-0391,"Birla Institute of Technology and Science, Pilani","Birla Institute of Technology and Science, Pilani – Dubai Campus",Dubai,United Arab Emirates,3/25 sampled docs,
IR-O-U-0391,"Birla Institute of Technology and Science, Pilani",Universidad Pedagógica y Tecnológica de Colombia,Tunja,Colombia,1/25 sampled docs,
IR-O-U-0391,"Birla Institute of Technology and Science, Pilani",Dr. Babasaheb Ambedkar Marathwada University,Aurangabad,India,1/25 sampled docs,
IR-O-U-0391,"Birla Institute of Technology and Science, Pilani",University of Science and Technology of China,Hefei,China,1/25 sampled docs,
IR-O-U-0363,Siksha `O` Anusandhan,Siksha O Anusandhan (Deemed to be University),Bhubaneswar,India,19/25 sampled docs,yes
IR-O-U-0363,Siksha `O` Anusandhan,Al-Ahliyya Amman University,Amman,Jordan,3/25 sampled docs,
IR-O-U-0363,Siksha `O` Anusandhan,National Productivity Council India,New Delhi,India,1/25 sampled docs,
IR-O-U-0363,Siksha `O` Anusandhan,The University of Jordan,Amman,Jordan,1/25 sampled docs,
IR-O-U-0363,Siksha `O` Anusandhan,Faculty of Medicine,Mansoura,Egypt,1/25 sampled docs,
IR-O-U-0523,King George`s Medical University,King George's Medical University,Lucknow,India,12/25 sampled docs,yes
IR-O-U-0523,King George`s Medical University,University of Lucknow,Lucknow,India,3/25 sampled docs,
IR-O-U-0523,King George`s Medical University,Amity University,Noida,India,1/25 sampled docs,
IR-O-U-0523,King George`s Medical University,Indian Institute of Technology Patna,Patna,India,1/25 sampled docs,
IR-O-U-0523,King George`s Medical University,The University of Hong Kong,Hong Kong,Hong Kong,1/25 sampled docs,
IR-O-U-0027,Osmania University,Osmania University,Hyderabad,India,9/25 sampled docs,yes
IR-O-U-0027,Osmania University,"University College of Science, Saifabad",Hyderabad,India,4/25 sampled docs,
IR-O-U-0027,Osmania University,Koneru Lakshmaiah Education Foundation,Vaddeswaram,India,2/25 sampled docs,
IR-O-U-0027,Osmania University,University of Central Lancashire,Preston,United Kingdom,1/25 sampled docs,
IR-O-U-0027,Osmania University,"Dubai eGovernment, Dubai Police",Dubai,United Arab Emirates,1/25 sampled docs,
IR-O-I-1480,Thapar Institute of Engineering and Technology (Deemed-to-be-university),Thapar Institute of Engineering & Technology,Patiala,India,14/25 sampled docs,yes
IR-O-I-1480,Thapar Institute of Engineering and Technology (Deemed-to-be-university),"Faculty of Computing and Information Technology, King Abdulaziz University",Jeddah,Saudi Arabia,2/25 sampled docs,
IR-O-I-1480,Thapar Institute of Engineering and Technology (Deemed-to-be-university),Chandigarh University,Mohali,India,1/25 sampled docs,
IR-O-I-1480,Thapar Institute of Engineering and Technology (Deemed-to-be-university),Universiti Kuala Lumpur,Kuala Lumpur,Malaysia,1/25 sampled docs,
IR-O-I-1480,Thapar Institute of Engineering and Technology (Deemed-to-be-university),Amity University,Noida,India,1/25 sampled docs,
IR-O-U-0435,Alagappa University,Alagappa University,Karaikudi,India,16/25 sampled docs,yes
IR-O-U-0435,Alagappa University,National Taipei University of Technology,Taipei,Taiwan,1/25 sampled docs,
IR-O-U-0435,Alagappa University,Ming Chi University of Technology,New Taipei City,Taiwan,1/25 sampled docs,
IR-O-U-0435,Alagappa University,Karpagam Academy of Higher Education,Coimbatore,India,1/25 sampled docs,
IR-O-U-0435,Alagappa University,"National College, Tiruchirappalli",Tiruchirappalli,India,1/25 sampled docs,
IR-O-U-0056,Tezpur University,Tezpur University,Tezpur,India,23/25 sampled docs,yes
IR-O-U-0056,Tezpur University,Rajiv Gandhi Institute of Petroleum Technology,Amethi,India,1/25 sampled docs,
IR-O-U-0056,Tezpur University,Jorhat Engineering College,Jorhat,India,1/25 sampled docs,
IR-O-U-0056,Tezpur University,Mahapurusha Srimanta Sankaradeva Viswavidyalaya,Nagaon,India,1/25 sampled docs,
IR-O-U-0262,"Mahatma Gandhi University, Kottayam","Mahatma Gandhi University, Kerala",Kottayam,India,15/25 sampled docs,
IR-O-U-0262,"Mahatma Gandhi University, Kottayam",National Institute of Technology Silchar,Silchar,India,2/25 sampled docs,
IR-O-U-0262,"Mahatma Gandhi University, Kottayam","Amrita University, Amritapuri Campus",Kollam,India,2/25 sampled docs,
IR-O-U-0262,"Mahatma Gandhi University, Kottayam",Coimbatore Institute of Technology,Coimbatore,India,1/25 sampled docs,
IR-O-U-0262,"Mahatma Gandhi University, Kottayam",CMS College Kottayam,Kottayam,India,1/25 sampled docs,
IR-O-U-0356,Kalinga Institute of Industrial Technology,"Kalinga Institute of Industrial Technology, Bhubaneswar",Bhubaneswar,India,14/25 sampled docs,yes
IR-O-U-0356,Kalinga Institute of Industrial Technology,Jadavpur University,Kolkata,India,1/25 sampled docs,
IR-O-U-0356,Kalinga Institute of Industrial Technology,National Institute of Technology Rourkela,Rourkela,India,1/25 sampled docs,
IR-O-U-0356,Kalinga Institute of Industrial Technology,Qaiwan International University,Sulaymaniyah,Iran,1/25 sampled docs,
IR-O-U-0356,Kalinga Institute of Industrial Technology,SR University,Warangal,India,1/25 sampled docs,
IR-O-U-0473,S. R. M. Institute of Science and Technology,SRM Institute of Science and Technology,Kattankulathur,India,12/25 sampled docs,yes
IR-O-U-0473,S. R. M. Institute of Science and Technology,SRM Institute of Science and Technology,Chennai,India,2/25 sampled docs,
IR-O-U-0473,S. R. M. Institute of Science and Technology,"Dongguk University, Seoul",Seoul,South Korea,2/25 sampled docs,
IR-O-U-0473,S. R. M. Institute of Science and Technology,"Vels Institute of Science, Technology & Advanced Studies",Chennai,India,1/25 sampled docs,
IR-O-U-0473,S. R. M. Institute of Science and Technology,S.R.M Institute of Science and Technology,,India,1/25 sampled docs,
IR-O-I-1486,Sri Ramachandra Institute of Higher Education and Research,Sri Ramachandra Institute of Higher Education and Research,Chennai,India,25/25 sampled docs,yes
IR-O-U-0222,JSS Academy of Higher Education and Research,"JSS College of Pharmacy, Mysore",Mysore,India,6/25 sampled docs,
IR-O-U-0222,JSS Academy of Higher Education and Research,JSS Academy of Higher Education & Research,Mysore,India,4/25 sampled docs,yes
IR-O-U-0222,JSS Academy of Higher Education and Research,"JSS Medical College & Hospital, Mysuru",Mysore,India,2/25 sampled docs,
IR-O-U-0222,JSS Academy of Higher Education and Research,"School of Life Sciences, Mysuru",Mysore,India,2/25 sampled docs,
IR-O-U-0222,JSS Academy of Higher Education and Research,"JSS College of Pharmacy, Ooty",Ooty,India,2/25 sampled docs,
IR-O-U-0331,Tata Institute of Social Sciences,Tata Institute of Social Sciences,Mumbai,India,16/25 sampled docs,yes
IR-O-U-0331,Tata Institute of Social Sciences,Banaras Hindu University,Varanasi,India,2/25 sampled docs,
IR-O-U-0331,Tata Institute of Social Sciences,International Institute for Population Sciences,Mumbai,India,1/25 sampled docs,
IR-O-U-0331,Tata Institute of Social Sciences,National Institute of Technology Raipur,Raipur,India,1/25 sampled docs,
IR-O-U-0331,Tata Institute of Social Sciences,Indian Institute of Science Education and Research Bhopal,Bhopal,India,1/25 sampled docs,
IR-O-U-0446,Bharath Institute of Higher Education and Research,Bharath Institute of Higher Education and Research,Chennai,India,12/25 sampled docs,yes
IR-O-U-0446,Bharath Institute of Higher Education and Research,Sree Balaji Dental College & Hospital,Chennai,India,3/25 sampled docs,
IR-O-U-0446,Bharath Institute of Higher Education and Research,Sree Balaji Medical College & Hospital,Chennai,India,2/25 sampled docs,
IR-O-U-0446,Bharath Institute of Higher Education and Research,Scott Christian College,Nagercoil,India,1/25 sampled docs,
IR-O-U-0446,Bharath Institute of Higher Education and Research,Sri Lakshmi Narayana Institute of Medical Sciences,Puducherry,India,1/25 sampled docs,
IR-O-U-0589,Visva Bharati,Visva-Bharati University,Santiniketan,India,12/25 sampled docs,yes
IR-O-U-0589,Visva Bharati,Manipur University,Imphal,India,1/25 sampled docs,
IR-O-U-0589,Visva Bharati,Diamond Harbour Women's University,Sarisa,India,1/25 sampled docs,
IR-O-U-0589,Visva Bharati,Homi Bhabha National Institute,Mumbai,India,1/25 sampled docs,
IR-O-U-0589,Visva Bharati,Variable Energy Cyclotron Centre India,Kolkata,India,1/25 sampled docs,
IR-O-U-0554,"G.B. Pant Universtiy of Agriculture and Technology, Pantnagar",NOT FOUND -- search manually,,,,
IR-O-U-0341,North Eastern Hill University,North-Eastern Hill University,Shillong,India,14/25 sampled docs,yes
IR-O-U-0341,North Eastern Hill University,Vellore Institute of Technology,Vellore,India,1/25 sampled docs,
IR-O-U-0341,North Eastern Hill University,Kyushu University,Fukuoka,Japan,1/25 sampled docs,
IR-O-U-0341,North Eastern Hill University,University of Kalyani,Kalyani,India,1/25 sampled docs,
IR-O-U-0341,North Eastern Hill University,Institute of Bioresources and Sustainable Development,Imphal,India,1/25 sampled docs,
IR-O-U-0476,Shanmugha Arts Science Technology and Research Academy,SASTRA Deemed University,Thanjavur,India,21/25 sampled docs,yes
IR-O-U-0476,Shanmugha Arts Science Technology and Research Academy,Institute for Stem Cell Science and Regenerative Medicine,Bengaluru,India,4/25 sampled docs,
IR-O-U-0476,Shanmugha Arts Science Technology and Research Academy,Shiv Nadar Institution of Eminence deemed to be University,Greater Noida,India,3/25 sampled docs,
IR-O-U-0476,Shanmugha Arts Science Technology and Research Academy,Manipal Academy of Higher Education,Manipal,India,2/25 sampled docs,
IR-O-U-0476,Shanmugha Arts Science Technology and Research Academy,Institute for Stem Cell Science and Regenerative Medicine (inStem),Bengaluru,India,2/25 sampled docs,
IR-O-U-0474,Sathyabama Institute of Science and Technology,Sathyabama Institute of Science and Technology,Chennai,India,16/25 sampled docs,yes
IR-O-U-0474,Sathyabama Institute of Science and Technology,The University of Jordan,Amman,Jordan,1/25 sampled docs,
IR-O-U-0474,Sathyabama Institute of Science and Technology,Al-Ahliyya Amman University,Amman,Jordan,1/25 sampled docs,
IR-O-U-0474,Sathyabama Institute of Science and Technology,SRM Institute of Science and Technology,Kattankulathur,India,1/25 sampled docs,
IR-O-U-0474,Sathyabama Institute of Science and Technology,Scientific Food Testing Services Pvt. Ltd.,Chennai,India,1/25 sampled docs,
IR-O-U-0052,Gauhati University,Gauhati University,Guwahati,India,23/25 sampled docs,yes
IR-O-U-0052,Gauhati University,National Institute of Technology Silchar,Silchar,India,1/25 sampled docs,
IR-O-U-0052,Gauhati University,Nowgong Girls’ College,Nagaon,India,1/25 sampled docs,
IR-O-I-1441,Saveetha Institute of Medical and Technical Sciences,Saveetha School of Engineering,Chennai,India,4/25 sampled docs,yes
IR-O-I-1441,Saveetha Institute of Medical and Technical Sciences,Saveetha College of Pharmacy,Chennai,India,2/25 sampled docs,
IR-O-I-1441,Saveetha Institute of Medical and Technical Sciences,Saveetha Dental College And Hospitals,Chennai,India,2/25 sampled docs,
IR-O-I-1441,Saveetha Institute of Medical and Technical Sciences,Dhanalakshmi Srinivasan University,Tiruchirappalli,India,1/25 sampled docs,
IR-O-I-1441,Saveetha Institute of Medical and Technical Sciences,Scott Christian College,Nagercoil,India,1/25 sampled docs,
IR-O-U-0485,Tamil Nadu Agricultural University,Tamil Nadu Agricultural University,Coimbatore,India,21/25 sampled docs,yes
IR-O-U-0485,Tamil Nadu Agricultural University,"Agricultural College and Research Institute, Madurai",Madurai,India,2/25 sampled docs,
IR-O-U-0485,Tamil Nadu Agricultural University,AVRDC - The World Vegetable Center,Tainan,Taiwan,1/25 sampled docs,
IR-O-U-0485,Tamil Nadu Agricultural University,Annamalai University,Chidambaram,India,1/25 sampled docs,
IR-O-U-0463,Madurai Kamaraj University,Madurai Kamaraj University,Madurai,India,18/25 sampled docs,yes
IR-O-U-0463,Madurai Kamaraj University,"ICAR - Central Agroforestry Research Institute, Jhansi",Jhansi,India,2/25 sampled docs,
IR-O-U-0463,Madurai Kamaraj University,Central University of Tamil Nadu,Thiruvarur,India,1/25 sampled docs,
IR-O-U-0463,Madurai Kamaraj University,Institute of Solid State Physics University of Latvia,Riga,Latvia,1/25 sampled docs,
IR-O-U-0463,Madurai Kamaraj University,Thiagarajar College of Engineering,Madurai,India,1/25 sampled docs,
IR-O-I-1110,Dr. D. Y. Patil Vidyapeeth,"Dr. D. Y. Patil Medical College, Hospital & Research Centre, Dr. D. Y. Patil Vidyapeeth, Pune",Pune,India,8/25 sampled docs,
IR-O-I-1110,Dr. D. Y. Patil Vidyapeeth,"Dr. D. Y. Patil Vidyapeeth, Pune",Pune,India,5/25 sampled docs,yes
IR-O-I-1110,Dr. D. Y. Patil Vidyapeeth,Dr. D. Y. Patil Dental College & Hospital,Pune,India,3/25 sampled docs,
IR-O-I-1110,Dr. D. Y. Patil Vidyapeeth,Dr. D. Y. Patil College of Physiotherapy,Pune,India,3/25 sampled docs,
IR-O-I-1110,Dr. D. Y. Patil Vidyapeeth,NGSM Institute of Pharmaceutical Sciences,Mangalore,India,2/25 sampled docs,
IR-O-U-0098,Delhi Technological University,Delhi Technological University,New Delhi,India,23/25 sampled docs,yes
IR-O-U-0098,Delhi Technological University,Maharaja Surajmal Institute of Technology,New Delhi,India,1/25 sampled docs,
IR-O-U-0098,Delhi Technological University,School of Engineering and Applied Science,"Washington, D.C.",United States,1/25 sampled docs,
IR-O-U-0098,Delhi Technological University,JSS University Noida,Noida,India,1/25 sampled docs,
IR-O-U-0098,Delhi Technological University,University of Petroleum and Energy Studies,Dehradun,India,1/25 sampled docs,
IR-O-U-0369,Pondicherry University,Pondicherry University,Puducherry,India,17/25 sampled docs,yes
IR-O-U-0369,Pondicherry University,Ming Chi University of Technology,New Taipei City,Taiwan,1/25 sampled docs,
IR-O-U-0369,Pondicherry University,Indian Institute of Astrophysics,Bengaluru,India,1/25 sampled docs,
IR-O-U-0369,Pondicherry University,Sri Venkateshwaraa Dental College,Puducherry,India,1/25 sampled docs,
IR-O-U-0369,Pondicherry University,"Birla Institute of Technology and Science, Pilani",Pilani,India,1/25 sampled docs,
IR-O-U-0037,Sri Venkateswara University,Sri Venkateswara University,Tirupati,India,13/25 sampled docs,yes
IR-O-U-0037,Sri Venkateswara University,"Amrita Vishwa Vidyapeetham, Amaravati Campus",Guntur,India,1/25 sampled docs,
IR-O-U-0037,Sri Venkateswara University,Sri Padmavati Mahila Visvavidyalayam,Tirupati,India,1/25 sampled docs,
IR-O-U-0037,Sri Venkateswara University,Moores Cancer Center,La Jolla,United States,1/25 sampled docs,
IR-O-U-0037,Sri Venkateswara University,Division of Hematology and Oncology,Birmingham,United States,1/25 sampled docs,
IR-O-U-0020,Koneru Lakshmaiah Education Foundation University (K L College of Engineering),Koneru Lakshmaiah Education Foundation,Vaddeswaram,India,1/1 sampled docs,yes
IR-O-U-0381,"Punjab Agricultural University, Ludhiana",Punjab Agricultural University,Ludhiana,India,19/25 sampled docs,yes
IR-O-U-0381,"Punjab Agricultural University, Ludhiana","ICAR - Indian Agricultural Research Institute, New Delhi",New Delhi,India,3/25 sampled docs,
IR-O-U-0381,"Punjab Agricultural University, Ludhiana",Yerevan Physics Institute,Yerevan,Armenia,1/25 sampled docs,
IR-O-U-0381,"Punjab Agricultural University, Ludhiana",University of Manitoba,Winnipeg,Canada,1/25 sampled docs,
IR-O-U-0381,"Punjab Agricultural University, Ludhiana",National Institute for Plant Biotechnology,New Delhi,India,1/25 sampled docs,
IR-O-U-0642,Shiv Nadar University,Shiv Nadar University Chennai,Chennai,India,7/25 sampled docs,
IR-O-U-0642,Shiv Nadar University,Shiv Nadar Institution of Eminence deemed to be University,Greater Noida,India,5/25 sampled docs,yes
IR-O-U-0642,Shiv Nadar University,"Bipin Tripathi Kumaon Institute of Technology, Dwarahat",Dwarahat,India,2/25 sampled docs,
IR-O-U-0642,Shiv Nadar University,"SSN College of Engineering, Kalavakkam",Kanchipuram,India,2/25 sampled docs,
IR-O-U-0642,Shiv Nadar University,"National Institute of Technology, Agartala",Agartala,India,1/25 sampled docs,
IR-O-U-0196,University of Kashmir,University of Kashmir,Srinagar,India,20/25 sampled docs,yes
IR-O-U-0196,University of Kashmir,Central University of Kashmir,Nunar,India,4/25 sampled docs,
IR-O-U-0196,University of Kashmir,National Institute of Technology Srinagar,Srinagar,India,1/25 sampled docs,
IR-O-U-0235,Mysore University,University of Mysore,Mysuru,India,14/25 sampled docs,yes
IR-O-U-0235,Mysore University,Visvesvaraya Technological University,Belagavi,India,2/25 sampled docs,
IR-O-U-0235,Mysore University,"The National Institute of Engineering, Mysore",Mysore,India,2/25 sampled docs,
IR-O-U-0235,Mysore University,Sheshadripuram College,Bengaluru,India,2/25 sampled docs,
IR-O-U-0235,Mysore University,Jain University (Deemed),Commerce,India,1/25 sampled docs,
IR-O-U-0376,Guru Nanak Dev University,Guru Nanak Dev University,Amritsar,India,14/25 sampled docs,yes
IR-O-U-0376,Guru Nanak Dev University,Chandigarh University,Mohali,India,2/25 sampled docs,
IR-O-U-0376,Guru Nanak Dev University,Ulsan National Institute of Science and Technology,Ulsan,South Korea,2/25 sampled docs,
IR-O-U-0376,Guru Nanak Dev University,Lovely Professional University,Phagwara,India,1/25 sampled docs,
IR-O-U-0376,Guru Nanak Dev University,Indian Institute of Technology Mandi,Mandi,India,1/25 sampled docs,
IR-O-U-0329,Symbiosis International,Symbiosis Institute of Technology,Pune,India,7/25 sampled docs,
IR-O-U-0329,Symbiosis International,Symbiosis International (Deemed University),Pune,India,5/25 sampled docs,yes
IR-O-U-0329,Symbiosis International,"Symbiosis Centre for Research and Innovation, Pune",Pune,India,2/25 sampled docs,
IR-O-U-0329,Symbiosis International,Symbiosis Institute of Health Sciences,Pune,India,2/25 sampled docs,
IR-O-U-0329,Symbiosis International,Vikrant University Gwalior,Gwalior,India,1/25 sampled docs,
IR-O-N-10,SVKM`s Narsee Monjee Institute of Management Studies,"Shri Vile Parle Kelvani Mandal’s Narsee Monjee Institute of Management Studies (Deemed to be University), Mumbai",Mumbai,India,7/25 sampled docs,
IR-O-N-10,SVKM`s Narsee Monjee Institute of Management Studies,Shobhaben Pratapbhai Patel School of Pharmacy & Technology Management,Mumbai,India,5/25 sampled docs,
IR-O-N-10,SVKM`s Narsee Monjee Institute of Management Studies,SVKM’S NMIMS Shirpur Campus,Shirpur,India,3/25 sampled docs,
IR-O-N-10,SVKM`s Narsee Monjee Institute of Management Studies,Meerut Institute of Engineering & Technology,Meerut,India,2/25 sampled docs,
IR-O-N-10,SVKM`s Narsee Monjee Institute of Management Studies,Symbiosis International (Deemed University),Pune,India,1/25 sampled docs,
IR-O-U-0497,Amity University Noida,Amity University,Noida,India,16/25 sampled docs,yes
IR-O-U-0497,Amity University Noida,Uttaranchal University,Dehradun,India,1/25 sampled docs,
IR-O-U-0497,Amity University Noida,Murdoch Children's Research Institute,Melbourne,Australia,1/25 sampled docs,
IR-O-U-0497,Amity University Noida,Department of Paediatrics,Melbourne,Australia,1/25 sampled docs,
IR-O-U-0497,Amity University Noida,Institute for Health Metrics and Evaluation,Seattle,United States,1/25 sampled docs,
IR-O-U-0202,Birla Institute of Technology,"Birla Institute of Technology and Science, Pilani",Pilani,India,5/25 sampled docs,
IR-O-U-0202,Birla Institute of Technology,"Birla Institute of Technology, Mesra",Ranchi,India,5/25 sampled docs,yes
IR-O-U-0202,Birla Institute of Technology,"Birla Institute of Technology and Science, Pilani – Dubai Campus",Dubai,United Arab Emirates,2/25 sampled docs,
IR-O-U-0202,Birla Institute of Technology,AUH-Gurugram,Gurugram,India,1/25 sampled docs,
IR-O-U-0202,Birla Institute of Technology,"Faculty of Science, Engineering and Medicine",Coventry,United Kingdom,1/25 sampled docs,
IR-O-U-0448,Bharathidasan University,Bharathidasan University,Tiruchirappalli,India,15/25 sampled docs,yes
IR-O-U-0448,Bharathidasan University,A.V.V.M Sri Pushpam College,Thanjavur,India,2/25 sampled docs,
IR-O-U-0448,Bharathidasan University,Vinayaka Mission's Kirupananda Variyar Engineering College,Salem,India,1/25 sampled docs,
IR-O-U-0448,Bharathidasan University,National Institute of Oceanography India,Goa,India,1/25 sampled docs,
IR-O-U-0448,Bharathidasan University,Goa University,Taleigao,India,1/25 sampled docs,
IR-O-U-0389,Banasthali Vidyapith,Banasthali Vidyapith,Vanasthali,India,16/25 sampled docs,yes
IR-O-U-0389,Banasthali Vidyapith,"GIET University, Gunupur",Gunupur,India,1/25 sampled docs,
IR-O-U-0389,Banasthali Vidyapith,Molecular Biology and Genomics Centre,Dubai,United Arab Emirates,1/25 sampled docs,
IR-O-U-0389,Banasthali Vidyapith,"ICAR - Indian Agricultural Statistics Research Institute, New Delhi",New Delhi,India,1/25 sampled docs,
IR-O-U-0389,Banasthali Vidyapith,Mohanlal Sukhadia University,Udaipur,India,1/25 sampled docs,
IR-O-I-1361,Bharati Vidyapeeth,"Bharati Vidyapeeth (Deemed to be University), Poona College of Pharmacy",Pune,India,6/25 sampled docs,
IR-O-I-1361,Bharati Vidyapeeth,"Bharati Vidyapeeth College of Pharmacy, Kolhapur",Kolhapur,India,6/25 sampled docs,
IR-O-I-1361,Bharati Vidyapeeth,Bharati Vidyapeeth (Deemed to be University),Pune,India,3/25 sampled docs,yes
IR-O-I-1361,Bharati Vidyapeeth,"Bharati Vidyapeeth (Deemed to be University) College of Engineering, Pune",Pune,India,2/25 sampled docs,
IR-O-I-1361,Bharati Vidyapeeth,Bharati Vidyapeeth (Deemed to be University) School of Audiology and Speech Language Pathology,Pune,India,2/25 sampled docs,
IR-O-U-0159,Chaudhary Charan Singh Haryana Agricultural University,CCS Haryana Agricultural University,Hisar,India,11/25 sampled docs,yes
IR-O-U-0159,Chaudhary Charan Singh Haryana Agricultural University,Ramakrishna Mission Vivekananda Educational and Research Institute,Howrah,India,3/25 sampled docs,
IR-O-U-0159,Chaudhary Charan Singh Haryana Agricultural University,ICAR-Central Horticultural Experiment Station,Godhra,India,1/25 sampled docs,
IR-O-U-0159,Chaudhary Charan Singh Haryana Agricultural University,Maharaja Agrasen University,Baddi,India,1/25 sampled docs,
IR-O-U-0159,Chaudhary Charan Singh Haryana Agricultural University,ICAR–Central Soil Salinity Research Institute,Karnal,India,1/25 sampled docs,
IR-O-U-0251,"Calicut University, Thenhipalem, Malapuram",NOT FOUND -- search manually,,,,
IR-O-U-0253,Cochin University of Science and Technology,Cochin University of Science and Technology,Kochi,India,21/25 sampled docs,yes
IR-O-U-0253,Cochin University of Science and Technology,"Cochin University of Science and Technology, School of Engineering",Kochi,India,2/25 sampled docs,
IR-O-U-0253,Cochin University of Science and Technology,"ICAR - Central Marine Fisheries Research Institute, Kochi",Kochi,India,2/25 sampled docs,
IR-O-U-0253,Cochin University of Science and Technology,DRDO Centre for Artificial Intelligence and Robotics,Bengaluru,India,1/25 sampled docs,
IR-O-U-0253,Cochin University of Science and Technology,College of Engineering Trivandrum,Thiruvananthapuram,India,1/25 sampled docs,
IR-O-U-0099,Guru Gobind Singh Indraprastha University,Guru Gobind Singh Indraprastha University,New Delhi,India,14/25 sampled docs,yes
IR-O-U-0099,Guru Gobind Singh Indraprastha University,"University School of Information, Communication & Technology",New Delhi,India,5/25 sampled docs,
IR-O-U-0099,Guru Gobind Singh Indraprastha University,Indian Institute of Technology Roorkee,Roorkee,India,1/25 sampled docs,
IR-O-U-0099,Guru Gobind Singh Indraprastha University,Chandigarh University,Mohali,India,1/25 sampled docs,
IR-O-U-0099,Guru Gobind Singh Indraprastha University,Technische Universität Dresden,Dresden,Germany,1/25 sampled docs,
IR-O-U-0123,Anand Agricultural University,Anand Agricultural University,Anand,India,14/25 sampled docs,yes
IR-O-U-0123,Anand Agricultural University,"Kamdhenu University, Gandhinagar",Gandhinagar,India,3/25 sampled docs,
IR-O-U-0123,Anand Agricultural University,Graphic Era (Deemed to be University),Dehradun,India,2/25 sampled docs,
IR-O-U-0123,Anand Agricultural University,"ICAR - Central Institute for Cotton Research, Nagpur",Nagpur,India,1/25 sampled docs,
IR-O-U-0123,Anand Agricultural University,Raffles University,Neemrana,India,1/25 sampled docs,
IR-O-U-0470,Periyar University,Periyar University,Salem,India,16/25 sampled docs,yes
IR-O-U-0470,Periyar University,Christ University,Bengaluru,India,1/25 sampled docs,
IR-O-U-0470,Periyar University,Ministry of Health and Family Welfare,New Delhi,India,1/25 sampled docs,
IR-O-U-0470,Periyar University,Qujing Normal University,Qujing,China,1/25 sampled docs,
IR-O-U-0470,Periyar University,Sri Sathya Sai University for Human Excellence,Kamalapur,India,1/25 sampled docs,
IR-O-U-0225,KLE Academy of Higher Education and Research,"KLEU College of Pharmacy, Belgaum",Belagavi,India,12/25 sampled docs,
IR-O-U-0225,KLE Academy of Higher Education and Research,Jawaharlal Nehru Medical College Belgaum,Belagavi,India,3/25 sampled docs,
IR-O-U-0225,KLE Academy of Higher Education and Research,KLE Academy of Higher Education & Research,Belagavi,India,3/25 sampled docs,yes
IR-O-U-0225,KLE Academy of Higher Education and Research,ICMR-National Institute of Traditional Medicine,Belagavi,India,2/25 sampled docs,
IR-O-U-0225,KLE Academy of Higher Education and Research,Fabtech College of Engineering and Research,Sangola,India,1/25 sampled docs,
IR-O-U-0239,NITTE,Nitte Meenakshi Institute of Technology,Bengaluru,India,6/25 sampled docs,
IR-O-U-0239,NITTE,NGSM Institute of Pharmaceutical Sciences,Mangalore,India,6/25 sampled docs,
IR-O-U-0239,NITTE,Nitte (Deemed to be University),Mangalore,India,6/25 sampled docs,yes
IR-O-U-0239,NITTE,NMAM Institute of Technology,Udupi,India,4/25 sampled docs,
IR-O-U-0239,NITTE,National Institute of Technology Karnataka,Mangalore,India,1/25 sampled docs,
IR-O-U-0487,Tamil Nadu Veterinary and Animal Sciences University,Tamilnadu Veterinary Animal Sciences University,Chennai,India,13/25 sampled docs,
IR-O-U-0487,Tamil Nadu Veterinary and Animal Sciences University,"Veterinary College and Research Institute, Namakkal",Namakkal,India,6/25 sampled docs,
IR-O-U-0487,Tamil Nadu Veterinary and Animal Sciences University,"Veterinary College and Research Institute, Tirunelveli",Tirunelveli,India,2/25 sampled docs,
IR-O-U-0487,Tamil Nadu Veterinary and Animal Sciences University,"Banaras Hindu University, Institute of Medical Sciences",Varanasi,India,1/25 sampled docs,
IR-O-U-0487,Tamil Nadu Veterinary and Animal Sciences University,West Bengal University of Animal and Fishery Sciences,Kolkata,India,1/25 sampled docs,
IR-O-U-0370,Sri Balaji Vidyapeeth Mahatma Gandhi Medical College Campus,NOT FOUND -- search manually,,,,
IR-O-U-0232,Kuvempu University,Kuvempu University,Shivamogga,India,17/25 sampled docs,yes
IR-O-U-0232,Kuvempu University,Sri Siddhartha Institute of Technology,Tumkur,India,1/25 sampled docs,
IR-O-U-0232,Kuvempu University,Bengaluru City University,Bengaluru,India,1/25 sampled docs,
IR-O-U-0232,Kuvempu University,Tumkur University,Tumkur,India,1/25 sampled docs,
IR-O-U-0232,Kuvempu University,Agharkar Research Institute,Pune,India,1/25 sampled docs,
IR-O-U-0195,University of Jammu,University of Jammu,Jammu,India,12/25 sampled docs,yes
IR-O-U-0195,University of Jammu,Central University of Jammu,Bagla,India,5/25 sampled docs,
IR-O-U-0195,University of Jammu,DAV University,Jalandhar,India,1/25 sampled docs,
IR-O-U-0195,University of Jammu,GNA University,Phagwara,India,1/25 sampled docs,
IR-O-U-0195,University of Jammu,Nalanda University,Rajgir,India,1/25 sampled docs,
IR-O-U-0453,The Gandhigram Rural Institute,The Gandhigram Rural Institute,Gandhigram,India,21/25 sampled docs,yes
IR-O-U-0453,The Gandhigram Rural Institute,"Anna University of Technology, Tiruchirappalli",Tiruchirappalli,India,2/25 sampled docs,
IR-O-U-0453,The Gandhigram Rural Institute,Hainan Medical University,Haikou,China,1/25 sampled docs,
IR-O-U-0453,The Gandhigram Rural Institute,Tamil Nadu Agricultural University,Coimbatore,India,1/25 sampled docs,
IR-O-U-0453,The Gandhigram Rural Institute,Chang Gung University,Taoyuan,Taiwan,1/25 sampled docs,
IR-O-U-0345,Mizoram University,Mizoram University,Aizawl,India,16/25 sampled docs,yes
IR-O-U-0345,Mizoram University,"Mizoram University, Pachhunga University College",Aizawl,India,2/25 sampled docs,
IR-O-U-0345,Mizoram University,National Institute of Technology Mizoram,Aizawl,India,1/25 sampled docs,
IR-O-U-0345,Mizoram University,G.B. Pant National Institute of Himalayan Environment,Almora,India,1/25 sampled docs,
IR-O-U-0345,Mizoram University,Guru Ghasidas Vishwavidyalaya,Bilaspur,India,1/25 sampled docs,
IR-O-U-0507,Dayalbagh Educational Institute,Dayalbagh Educational Institute,Agra,India,16/25 sampled docs,yes
IR-O-U-0507,Dayalbagh Educational Institute,Central University of Haryana,Mahendergarh,India,2/25 sampled docs,
IR-O-U-0507,Dayalbagh Educational Institute,"Pandit Dwarka Prasad Mishra Indian Institute of Information Technology, Design & Manufacturing Jabalpur",Jabalpur,India,1/25 sampled docs,
IR-O-U-0507,Dayalbagh Educational Institute,Konkuk University,Seoul,South Korea,1/25 sampled docs,
IR-O-U-0507,Dayalbagh Educational Institute,"Center of Nanotechnology, King Abdulaziz University",Jeddah,Saudi Arabia,1/25 sampled docs,
IR-O-U-0036,Sri Venkateswara Institute of Medical Sciences,Sri Venkateswara Institute of Medical Sciences,Tirupati,India,14/25 sampled docs,yes
IR-O-U-0036,Sri Venkateswara Institute of Medical Sciences,Chandigarh University,Mohali,India,1/25 sampled docs,
IR-O-U-0036,Sri Venkateswara Institute of Medical Sciences,Sri Sathya Sai Institute of Higher Learning,Anantapur,India,1/25 sampled docs,
IR-O-U-0036,Sri Venkateswara Institute of Medical Sciences,Jawaharlal Institute of Postgraduate Medical Education and Research,Puducherry,India,1/25 sampled docs,
IR-O-U-0036,Sri Venkateswara Institute of Medical Sciences,Indian Council of Medical Research,New Delhi,India,1/25 sampled docs,
IR-O-U-0784,Professor Jayashankar Telangana State Agricultural University,Professor Jayashankar Telangana Agricultural University,Hyderabad,India,10/25 sampled docs,yes
IR-O-U-0784,Professor Jayashankar Telangana State Agricultural University,Acharya N.G. Ranga Agricultural University,Guntur,India,6/25 sampled docs,
IR-O-U-0784,Professor Jayashankar Telangana State Agricultural University,SR University,Warangal,India,2/25 sampled docs,
IR-O-U-0784,Professor Jayashankar Telangana State Agricultural University,Odisha University of Agriculture and Technology,Bhubaneswar,India,1/25 sampled docs,
IR-O-U-0784,Professor Jayashankar Telangana State Agricultural University,Govind Ballabh Pant University of Agriculture and Technology,Pantnagar,India,1/25 sampled docs,
IR-O-U-0181,Dr. Y. S. Parmar University of Horticulture and Forestry,Dr. Yashwant Singh Parmar University of Horticulture and Forestry,Solan,India,19/25 sampled docs,yes
IR-O-U-0181,Dr. Y. S. Parmar University of Horticulture and Forestry,Parul Institute of Applied Sciences,Vadodara,India,1/25 sampled docs,
IR-O-U-0181,Dr. Y. S. Parmar University of Horticulture and Forestry,Shoolini University,Solan,India,1/25 sampled docs,
IR-O-U-0181,Dr. Y. S. Parmar University of Horticulture and Forestry,Maharishi Markandeshwar (Deemed to be University),Mullana,India,1/25 sampled docs,
IR-O-U-0181,Dr. Y. S. Parmar University of Horticulture and Forestry,Rani Lakshmi Bai Central Agricultural University,Jhansi,India,1/25 sampled docs,
IR-O-U-0318,Mumbai University,University of Mumbai,Mumbai,India,10/25 sampled docs,yes
IR-O-U-0318,Mumbai University,"KLE College of Pharmacy, Bengaluru",Bengaluru,India,2/25 sampled docs,
IR-O-U-0318,Mumbai University,Vivekanand Arts,Aurangabad,India,1/25 sampled docs,
IR-O-U-0318,Mumbai University,Somaiya Vidyavihar University,Mumbai,India,1/25 sampled docs,
IR-O-U-0318,Mumbai University,"Sardar Patel Institute of Technology, Mumbai",Mumbai,India,1/25 sampled docs,
IR-O-U-0014,International Institute of Information Technology Hyderabad,"International Institute of Information Technology, Hyderabad",Hyderabad,India,20/25 sampled docs,yes
IR-O-U-0014,International Institute of Information Technology Hyderabad,Indian Institute of Technology Kanpur,Kanpur,India,1/25 sampled docs,
IR-O-U-0014,International Institute of Information Technology Hyderabad,Sveriges lantbruksuniversitet,Uppsala,Sweden,1/25 sampled docs,
IR-O-U-0014,International Institute of Information Technology Hyderabad,IBM Research - India,Bengaluru,India,1/25 sampled docs,
IR-O-U-0014,International Institute of Information Technology Hyderabad,Harish Chandra Research Institute,Prayagraj,India,1/25 sampled docs,
IR-O-U-0246,University of Agricultural Sciences,Sveriges lantbruksuniversitet,Uppsala,Sweden,8/25 sampled docs,
IR-O-U-0246,University of Agricultural Sciences,"University of Agricultural Sciences, Bangalore",Bengaluru,India,3/25 sampled docs,
IR-O-U-0246,University of Agricultural Sciences,Sher-e-Kashmir University of Agricultural Sciences and Technology of Kashmir,Srinagar,India,2/25 sampled docs,
IR-O-U-0246,University of Agricultural Sciences,"University of Agricultural Sciences, Dharwad",Dharwad,India,1/25 sampled docs,yes
IR-O-U-0246,University of Agricultural Sciences,"University of Agricultural Sciences, Raichur",Raichur,India,1/25 sampled docs,
IR-O-U-0011,Gandhi Institute of Technology And Management (GITAM),Gandhi Institute of Technology and Management (GITAM),Visakhapatnam,India,16/25 sampled docs,yes
IR-O-U-0011,Gandhi Institute of Technology And Management (GITAM),Ruhr-Universitat Bochum,Bochum,Germany,1/25 sampled docs,
IR-O-U-0011,Gandhi Institute of Technology And Management (GITAM),Aalto University,Espoo,Finland,1/25 sampled docs,
IR-O-U-0011,Gandhi Institute of Technology And Management (GITAM),Lovely Professional University,Phagwara,India,1/25 sampled docs,
IR-O-U-0011,Gandhi Institute of Technology And Management (GITAM),Thapar Institute of Engineering & Technology,Patiala,India,1/25 sampled docs,
IR-O-U-0298,"Dr. Babasaheb Ambedkar Marathwada University, Aurangabad",Dr. Babasaheb Ambedkar Marathwada University,Aurangabad,India,17/25 sampled docs,yes
IR-O-U-0298,"Dr. Babasaheb Ambedkar Marathwada University, Aurangabad",Vinayakrao Patil College,Aurangabad,India,1/25 sampled docs,
IR-O-U-0298,"Dr. Babasaheb Ambedkar Marathwada University, Aurangabad",Vinayakrao Patil College,MS,India,1/25 sampled docs,
IR-O-U-0298,"Dr. Babasaheb Ambedkar Marathwada University, Aurangabad",Vinayakrao Patil College Vaijapur,Maharashtra,India,1/25 sampled docs,
IR-O-U-0298,"Dr. Babasaheb Ambedkar Marathwada University, Aurangabad",Thamar University,Thamar,Yemen,1/25 sampled docs,
IR-O-U-0051,Dibrugarh University,Dibrugarh University,Dibrugarh,India,15/25 sampled docs,yes
IR-O-U-0051,Dibrugarh University,Silapathar College,Dhemaji,India,2/25 sampled docs,
IR-O-U-0051,Dibrugarh University,University of Kragujevac,Kragujevac,Serbia,1/25 sampled docs,
IR-O-U-0051,Dibrugarh University,Gargaon College,Sivasagar,India,1/25 sampled docs,
IR-O-U-0051,Dibrugarh University,"Rajiv Gandhi University, Doimukh",Doimukh,India,1/25 sampled docs,
IR-O-U-0233,Mangalore University,Mangalore University,Mangalore,India,20/25 sampled docs,yes
IR-O-U-0233,Mangalore University,"ICAR - Central Marine Fisheries Research Institute, Kochi",Kochi,India,4/25 sampled docs,
IR-O-U-0233,Mangalore University,JSS Science and Technology University,Mysore,India,2/25 sampled docs,
IR-O-U-0233,Mangalore University,Universidad Nacional Autónoma de México,Mexico,Mexico,1/25 sampled docs,
IR-O-U-0233,Mangalore University,St. Aloysius (Deemed to be University),Mangalore,India,1/25 sampled docs,
IR-O-U-0321,"Padmashree Dr. D. Y. Patil Vidyapeeth, Mumbai",NOT FOUND -- search manually,,,,
IR-O-U-0569,The University of Burdwan,The University of Burdwan,Bardhaman,India,19/25 sampled docs,yes
IR-O-U-0569,The University of Burdwan,Aliah University,Kolkata,India,2/25 sampled docs,
IR-O-U-0569,The University of Burdwan,Netaji Mahavidyalaya,Arambag,India,1/25 sampled docs,
IR-O-U-0569,The University of Burdwan,Sidho-Kanho-Birsha University,Purulia,India,1/25 sampled docs,
IR-O-U-0569,The University of Burdwan,Hangzhou Normal University,Hangzhou,China,1/25 sampled docs,
IR-O-I-1280,Maharshi Dayanand University,Maharshi Dayanand University,Rohtak,India,16/25 sampled docs,yes
IR-O-I-1280,Maharshi Dayanand University,Indraprastha College for Women,New Delhi,India,1/25 sampled docs,
IR-O-I-1280,Maharshi Dayanand University,Kurukshetra University,Kurukshetra,India,1/25 sampled docs,
IR-O-I-1280,Maharshi Dayanand University,Panjab University,Chandigarh,India,1/25 sampled docs,
IR-O-I-1280,Maharshi Dayanand University,"IIMT University, Meerut",Meerut,India,1/25 sampled docs,
IR-O-U-0576,Kalyani University,Jadavpur University,Kolkata,India,7/25 sampled docs,
IR-O-U-0576,Kalyani University,University of Kalyani,Kalyani,India,7/25 sampled docs,yes
IR-O-U-0576,Kalyani University,Université d’Echahid Hamma Lakhdar – El-oued,El Oued Province,Algeria,2/25 sampled docs,
IR-O-U-0576,Kalyani University,University of Calcutta,Kolkata,India,1/25 sampled docs,
IR-O-U-0576,Kalyani University,Vidyasagar University,Purba Midnapore,India,1/25 sampled docs,
IR-O-U-0460,Karunya Institute of Technology and Sciences,Karunya Institute of Technology and Sciences,Coimbatore,India,17/25 sampled docs,yes
IR-O-U-0460,Karunya Institute of Technology and Sciences,Ewha Womans University,Seoul,South Korea,2/25 sampled docs,
IR-O-U-0460,Karunya Institute of Technology and Sciences,Shri Vishnu Engineering College For Women,Bhimavaram,India,1/25 sampled docs,
IR-O-U-0460,Karunya Institute of Technology and Sciences,Universiti Teknologi PETRONAS,Seri Iskandar,Malaysia,1/25 sampled docs,
IR-O-U-0460,Karunya Institute of Technology and Sciences,Thrissur Educational Trust,Thrissur,India,1/25 sampled docs,
IR-O-U-0464,"Manonmaniam Sundaranar University, Tirunelveli",Manonmaniam Sundaranar University,Tirunelveli,India,13/25 sampled docs,yes
IR-O-U-0464,"Manonmaniam Sundaranar University, Tirunelveli",Scott Christian College,Nagercoil,India,3/25 sampled docs,
IR-O-U-0464,"Manonmaniam Sundaranar University, Tirunelveli",Sarah Tucker College,Tirunelveli,India,2/25 sampled docs,
IR-O-U-0464,"Manonmaniam Sundaranar University, Tirunelveli",Sri Sathya Sai University for Human Excellence,Kamalapur,India,1/25 sampled docs,
IR-O-U-0464,"Manonmaniam Sundaranar University, Tirunelveli",Noorul Islam Centre For Higher Education,Kanyakumari,India,1/25 sampled docs,
IR-O-U-0121,Goa University,Goa University,Taleigao,India,19/25 sampled docs,yes
IR-O-U-0121,Goa University,National Institute of Oceanography India,Goa,India,4/25 sampled docs,
IR-O-U-0121,Goa University,"Government College of Arts, Science and Commerce, Khandola",Marcel,India,3/25 sampled docs,
IR-O-U-0121,Goa University,National Centre for Polar and Ocean Research,Vasco da Gama,India,2/25 sampled docs,
IR-O-U-0121,Goa University,GVM's College Ponda,Goa,India,1/25 sampled docs,
IR-O-U-0250,Yenepoya University,"Yenepoya Dental College, Mangalore",Mangalore,India,4/25 sampled docs,
IR-O-U-0250,Yenepoya University,"Yenepoya Medical College, Yenepoya (Deemed to be University)",Mangalore,India,2/25 sampled docs,
IR-O-U-0250,Yenepoya University,Institute for Health Metrics and Evaluation,Seattle,United States,2/25 sampled docs,
IR-O-U-0250,Yenepoya University,"Yenepoya Institute of Arts, Science, Commerce, and Management",Mangalore,India,2/25 sampled docs,
IR-O-U-0250,Yenepoya University,Yenepoya (Deemed to be University),Mangalore,India,2/25 sampled docs,yes
IR-O-U-0372,Central University of Punjab,Central University of Punjab,Bathinda,India,18/25 sampled docs,yes
IR-O-U-0372,Central University of Punjab,Pt. Ravishankar Shukla University,Raipur,India,1/25 sampled docs,
IR-O-U-0372,Central University of Punjab,Central University of Himachal Pradesh,Dharamshala,India,1/25 sampled docs,
IR-O-U-0372,Central University of Punjab,Guru Kashi University,Bathinda,India,1/25 sampled docs,
IR-O-U-0372,Central University of Punjab,"SRM Institute of Science and Technology, NCR Campus",Ghaziabad,India,1/25 sampled docs,
IR-O-U-0050,Assam University-Silchar,Assam University,Silchar,India,15/25 sampled docs,yes
IR-O-U-0050,Assam University-Silchar,National Institute of Technology Silchar,Silchar,India,2/25 sampled docs,
IR-O-U-0050,Assam University-Silchar,Amrita Institute of Medical Sciences India,Kochi,India,1/25 sampled docs,
IR-O-U-0050,Assam University-Silchar,Gandhi Institute of Technology and Management (GITAM),Visakhapatnam,India,1/25 sampled docs,
IR-O-U-0050,Assam University-Silchar,University of Science and Technology Meghalaya,Baridua 9th Mile,India,1/25 sampled docs,
IR-O-U-0164,Kurukshetra University,Kurukshetra University,Kurukshetra,India,16/25 sampled docs,yes
IR-O-U-0164,Kurukshetra University,Maharishi Markandeshwar (Deemed to be University),Mullana,India,1/25 sampled docs,
IR-O-U-0164,Kurukshetra University,"Pt. Chiranji Lal Sharma Government College, Karnal",Karnal,India,1/25 sampled docs,
IR-O-U-0164,Kurukshetra University,Indian Institute of Technology Kanpur,Kanpur,India,1/25 sampled docs,
IR-O-U-0164,Kurukshetra University,Kumaun University,Nainital,India,1/25 sampled docs,
IR-O-U-0047,Rajiv Gandhi University,"Rajiv Gandhi University, Doimukh",Doimukh,India,7/25 sampled docs,yes
IR-O-U-0047,Rajiv Gandhi University,"Rajiv Gandhi University of Knowledge Technologies, Nuzvid",Nuzvid,India,2/25 sampled docs,
IR-O-U-0047,Rajiv Gandhi University,"Rajiv Gandhi University of Health Sciences, Karnataka",Bengaluru,India,2/25 sampled docs,
IR-O-U-0047,Rajiv Gandhi University,L.T.K. College,North Lakhimpur,India,1/25 sampled docs,
IR-O-U-0047,Rajiv Gandhi University,Tezpur University,Tezpur,India,1/25 sampled docs,
IR-O-U-0465,Meenakshi Academy of Higher Education and Research,Meenakshi Academy of Higher Education and Research,Chennai,India,11/25 sampled docs,yes
IR-O-U-0465,Meenakshi Academy of Higher Education and Research,King Faisal University,Al-Ahsa,Saudi Arabia,2/25 sampled docs,
IR-O-U-0465,Meenakshi Academy of Higher Education and Research,"Vels Institute of Science, Technology & Advanced Studies",Chennai,India,2/25 sampled docs,
IR-O-U-0465,Meenakshi Academy of Higher Education and Research,Saveetha Dental College And Hospitals,Chennai,India,2/25 sampled docs,
IR-O-U-0465,Meenakshi Academy of Higher Education and Research,"Government Arts College for Men, Nandanam",Chennai,India,1/25 sampled docs,
IR-O-U-0136,Gujarat University,"Gujarat University, Ahmedabad",Ahmedabad,India,10/25 sampled docs,yes
IR-O-U-0136,Gujarat University,Veer Narmad South Gujarat University,Surat,India,3/25 sampled docs,
IR-O-U-0136,Gujarat University,National Forensic Sciences University,Gandhinagar,India,1/25 sampled docs,
IR-O-U-0136,Gujarat University,"Nirma University, Institute of Technology",Ahmedabad,India,1/25 sampled docs,
IR-O-U-0136,Gujarat University,Gujarat Vidyapath University,Ahmedabad,India,1/25 sampled docs,
IR-O-U-0295,Datta Meghe Institute of Higher Education and Research,Datta Meghe Institute of Higher Education & Research (Deemed to be University),Wardha,India,24/25 sampled docs,yes
IR-O-U-0295,Datta Meghe Institute of Higher Education and Research,"Visvesvaraya National Institute of Technology, Nagpur",Nagpur,India,1/25 sampled docs,
IR-O-U-0295,Datta Meghe Institute of Higher Education and Research,Lata Medical Research Foundation,Nagpur,India,1/25 sampled docs,
IR-O-U-0383,Punjabi University,Punjabi University,Patiala,India,14/25 sampled docs,yes
IR-O-U-0383,Punjabi University,Lovely Professional University,Phagwara,India,2/25 sampled docs,
IR-O-U-0383,Punjabi University,Thapar Institute of Engineering & Technology,Patiala,India,1/25 sampled docs,
IR-O-U-0383,Punjabi University,Wildlife Institute of India,Dehradun,India,1/25 sampled docs,
IR-O-U-0383,Punjabi University,Amritsar Group of Colleges,Amritsar,India,1/25 sampled docs,
IR-O-U-0215,Bangalore University,Bangalore University,Bengaluru,India,17/25 sampled docs,yes
IR-O-U-0215,Bangalore University,York St John University,York,United Kingdom,1/25 sampled docs,
IR-O-U-0215,Bangalore University,University of Tabuk,Tabuk,Saudi Arabia,1/25 sampled docs,
IR-O-U-0215,Bangalore University,PES University,Bengaluru,India,1/25 sampled docs,
IR-O-U-0215,Bangalore University,CMR University,Bengaluru,India,1/25 sampled docs,
IR-O-U-0458,Kalasalingam Academy of Research and Higher Education,Kalasalingam Academy of Research and Education,Krishnankoil,India,8/13 sampled docs,yes
IR-O-U-0458,Kalasalingam Academy of Research and Higher Education,Annamalai University,Chidambaram,India,2/13 sampled docs,
IR-O-U-0458,Kalasalingam Academy of Research and Higher Education,CSE,Hyderabad,India,1/13 sampled docs,
IR-O-U-0458,Kalasalingam Academy of Research and Higher Education,The Madura College,Madurai,India,1/13 sampled docs,
IR-O-U-0458,Kalasalingam Academy of Research and Higher Education,Dr. M.G.R Educational and Research Institute,Chennai,India,1/13 sampled docs,
IR-O-U-0035,Sri Sathya Sai Institute of Higher Learning,Sri Sathya Sai Institute of Higher Learning,Anantapur,India,18/25 sampled docs,yes
IR-O-U-0035,Sri Sathya Sai Institute of Higher Learning,Friedrich-Alexander-Universität Erlangen-Nürnberg,Erlangen,Germany,1/25 sampled docs,
IR-O-U-0035,Sri Sathya Sai Institute of Higher Learning,The Maharaja Sayajirao University of Baroda,Vadodara,India,1/25 sampled docs,
IR-O-U-0035,Sri Sathya Sai Institute of Higher Learning,Vignans Foundation for Science Technology and Research University,Guntur,India,1/25 sampled docs,
IR-O-U-0035,Sri Sathya Sai Institute of Higher Learning,Michigan State University,East Lansing,United States,1/25 sampled docs,
IR-O-U-0379,Lovely Professional University,Lovely Professional University,Phagwara,India,19/25 sampled docs,yes
IR-O-U-0379,Lovely Professional University,Birsa Agricultural University,Ranchi,India,1/25 sampled docs,
IR-O-U-0379,Lovely Professional University,"COMSATS University Islamabad, Attock Campus",Attock,Pakistan,1/25 sampled docs,
IR-O-U-0379,Lovely Professional University,Punjab Agricultural University,Ludhiana,India,1/25 sampled docs,
IR-O-U-0379,Lovely Professional University,"Vellore Institute of Technology, Chennai",Chennai,India,1/25 sampled docs,
IR-O-U-0249,Visvesvaraya Technological University,Visvesvaraya Technological University,Belagavi,India,19/25 sampled docs,yes
IR-O-U-0249,Visvesvaraya Technological University,BLDEA’s V. P. Dr. P. G. Halakatti College of Engineering and Technology,Bijapur,India,2/25 sampled docs,
IR-O-U-0249,Visvesvaraya Technological University,Dayananda Sagar College of Engineering,Bengaluru,India,2/25 sampled docs,
IR-O-U-0249,Visvesvaraya Technological University,Shri Vishnu Engineering College For Women,Bhimavaram,India,1/25 sampled docs,
IR-O-U-0249,Visvesvaraya Technological University,Faculty of Science,Zagazig,Egypt,1/25 sampled docs,
IR-O-U-0223,"Jain university, Bangalore",JAIN (Deemed-to-be University),Bengaluru,India,10/24 sampled docs,yes
IR-O-U-0223,"Jain university, Bangalore",Visvesvaraya Technological University,Belagavi,India,2/24 sampled docs,
IR-O-U-0223,"Jain university, Bangalore",Ballari Institute of Technology and Management,Ballari,India,1/24 sampled docs,
IR-O-U-0223,"Jain university, Bangalore",Kuvempu University,Shivamogga,India,1/24 sampled docs,
IR-O-U-0223,"Jain university, Bangalore",Universiti Sultan Zainal Abidin,Kuala Terengganu,Malaysia,1/24 sampled docs,
IR-O-C-23033,Krishna Institute of Medical Sciences,Krishna Vishwa Vidyapeeth Deemed To Be University,Karad,India,8/25 sampled docs,yes
IR-O-C-23033,Krishna Institute of Medical Sciences,Krishna Institute of Medical Sciences (KIMS) Hospital,Visakhapatnam,India,2/25 sampled docs,
IR-O-C-23033,Krishna Institute of Medical Sciences,King's College Hospital,London,United Kingdom,2/25 sampled docs,
IR-O-C-23033,Krishna Institute of Medical Sciences,Kasturba Gandhi Nursing College,Puducherry,India,2/25 sampled docs,
IR-O-C-23033,Krishna Institute of Medical Sciences,Sri Balaji Vidyapeeth,Puducherry,India,2/25 sampled docs,
IR-O-U-0168,Maharishi Markandeshwar (Deemed to be University),Maharishi Markandeshwar (Deemed to be University),Mullana,India,9/25 sampled docs,yes
IR-O-U-0168,Maharishi Markandeshwar (Deemed to be University),Faculty of Agriculture,Ambala,India,3/25 sampled docs,
IR-O-U-0168,Maharishi Markandeshwar (Deemed to be University),M.M Engineering College,Ambala,India,3/25 sampled docs,
IR-O-U-0168,Maharishi Markandeshwar (Deemed to be University),M.M College of Pharmacy,Ambala,India,3/25 sampled docs,
IR-O-U-0168,Maharishi Markandeshwar (Deemed to be University),"Chitkara University, Punjab",Rajpura,India,2/25 sampled docs,
IR-O-U-0162,Guru Jambheshwar University of Science and Technology,Guru Jambheshwar University of Science & Technology,Hisar,India,15/25 sampled docs,yes
IR-O-U-0162,Guru Jambheshwar University of Science and Technology,Central University of Haryana,Mahendergarh,India,3/25 sampled docs,
IR-O-U-0162,Guru Jambheshwar University of Science and Technology,Guru Gobind Singh College of Pharmacy,Yamunanagar,India,1/25 sampled docs,
IR-O-U-0162,Guru Jambheshwar University of Science and Technology,Wolkite University,Wolkite,Ethiopia,1/25 sampled docs,
IR-O-U-0162,Guru Jambheshwar University of Science and Technology,Carus Laboratories Private Limited,Karnal,India,1/25 sampled docs,
IR-O-U-0366,Utkal University,Utkal University,Bhubaneswar,India,11/25 sampled docs,yes
IR-O-U-0366,Utkal University,ICAR-National Rice Research Institute,Cuttack,India,2/25 sampled docs,
IR-O-U-0366,Utkal University,Sambalpur University,Sambalpur,India,2/25 sampled docs,
IR-O-U-0366,Utkal University,Centurion University of Technology and Management,Paralakhemundi,India,2/25 sampled docs,
IR-O-U-0366,Utkal University,Odisha Biodiversity Board,Nayapalli,India,1/25 sampled docs,
IR-O-U-0555,Graphic Era University,Chandigarh University,Mohali,India,4/25 sampled docs,
IR-O-U-0555,Graphic Era University,Graphic Era (Deemed to be University),Dehradun,India,3/25 sampled docs,yes
IR-O-U-0555,Graphic Era University,Universiti Malaysia Kelantan,Bachok,Malaysia,2/25 sampled docs,
IR-O-U-0555,Graphic Era University,"Red Hat, Inc.",Raleigh,United States,1/25 sampled docs,
IR-O-U-0555,Graphic Era University,Banaras Hindu University,Varanasi,India,1/25 sampled docs,
IR-O-U-0451,Chettinad Academy of Research and Education,Chettinad Academy of Research and Education,Kelambakkam,India,13/25 sampled docs,yes
IR-O-U-0451,Chettinad Academy of Research and Education,Shoolini University,Solan,India,4/25 sampled docs,
IR-O-U-0451,Chettinad Academy of Research and Education,Maharaja Sriram Chandra Bhanja Deo University,Baripada,India,2/25 sampled docs,
IR-O-U-0451,Chettinad Academy of Research and Education,SR University,Warangal,India,1/25 sampled docs,
IR-O-U-0451,Chettinad Academy of Research and Education,Dr. M.G.R Educational and Research Institute,Chennai,India,1/25 sampled docs,
IR-O-U-0043,"Vignan's Foundation for Science, Technology and Research",Vignans Foundation for Science Technology and Research University,Guntur,India,16/25 sampled docs,yes
IR-O-U-0043,"Vignan's Foundation for Science, Technology and Research",Vignan’s Foundation for Science Research and Technology,Hyderabad,India,2/25 sampled docs,
IR-O-U-0043,"Vignan's Foundation for Science, Technology and Research",Godavari Global University,Rajahmundry,India,1/25 sampled docs,
IR-O-U-0043,"Vignan's Foundation for Science, Technology and Research",Malla Reddy University,Hyderabad,India,1/25 sampled docs,
IR-O-U-0043,"Vignan's Foundation for Science, Technology and Research",Technology and Research (Deemed to be University),Guntur,India,1/25 sampled docs,
IR-O-U-0747,Chandigarh University,Chandigarh University,Mohali,India,17/25 sampled docs,yes
IR-O-U-0747,Chandigarh University,Faculty of Medicine,Mansoura,Egypt,2/25 sampled docs,
IR-O-U-0747,Chandigarh University,The University of Jordan,Amman,Jordan,1/25 sampled docs,
IR-O-U-0747,Chandigarh University,"Postgraduate Institute of Medical Education and Research, Chandigarh",Chandigarh,India,1/25 sampled docs,
IR-O-U-0747,Chandigarh University,Tribhuvan University,Kathmandu,Nepal,1/25 sampled docs,
IR-O-U-0498,Babasaheb Bhimrao Ambedkar University,Babasaheb Bhimrao Ambedkar University,Lucknow,India,15/25 sampled docs,yes
IR-O-U-0498,Babasaheb Bhimrao Ambedkar University,Banaras Hindu University,Varanasi,India,2/25 sampled docs,
IR-O-U-0498,Babasaheb Bhimrao Ambedkar University,University of Lucknow,Lucknow,India,2/25 sampled docs,
IR-O-U-0498,Babasaheb Bhimrao Ambedkar University,University of Alberta,Edmonton,Canada,2/25 sampled docs,
IR-O-U-0498,Babasaheb Bhimrao Ambedkar University,Central University of Himachal Pradesh,Dharamshala,India,1/25 sampled docs,
IR-O-U-0147,Pandit Deendayal Petroleum University,Pandit Deendayal Energy University,Gandhinagar,India,11/25 sampled docs,yes
IR-O-U-0147,Pandit Deendayal Petroleum University,JAIN (Deemed-to-be University),Bengaluru,India,1/25 sampled docs,
IR-O-U-0147,Pandit Deendayal Petroleum University,Islamic University of Madinah,Medina,Saudi Arabia,1/25 sampled docs,
IR-O-U-0147,Pandit Deendayal Petroleum University,Parul University,Vadodara,India,1/25 sampled docs,
IR-O-U-0147,Pandit Deendayal Petroleum University,Parul Institute of Technology,Vadodara,India,1/25 sampled docs,
IR-O-U-0444,Avinashilingam Institute for Home Science and Higher Education for Women,Avinashilingam Institute for Home Science and Higher Education for Women,Coimbatore,India,19/25 sampled docs,yes
IR-O-U-0444,Avinashilingam Institute for Home Science and Higher Education for Women,Sri Ramachandra Institute of Higher Education and Research,Chennai,India,1/25 sampled docs,
IR-O-U-0444,Avinashilingam Institute for Home Science and Higher Education for Women,Tamil Nadu Agricultural University,Coimbatore,India,1/25 sampled docs,
IR-O-U-0444,Avinashilingam Institute for Home Science and Higher Education for Women,Tumkur University,Tumkur,India,1/25 sampled docs,
IR-O-U-0444,Avinashilingam Institute for Home Science and Higher Education for Women,Adi Shankara Institute of Engineering and Technology,Kalady,India,1/25 sampled docs,
IR-O-U-0190,Shoolini University of Biotechnology and Management Sciences,Shoolini University,Solan,India,15/25 sampled docs,yes
IR-O-U-0190,Shoolini University of Biotechnology and Management Sciences,The University of Western Australia,Perth,Australia,3/25 sampled docs,
IR-O-U-0190,Shoolini University of Biotechnology and Management Sciences,Taipei Medical University,Taipei,Taiwan,2/25 sampled docs,
IR-O-U-0190,Shoolini University of Biotechnology and Management Sciences,Kurukshetra University,Kurukshetra,India,1/25 sampled docs,
IR-O-U-0190,Shoolini University of Biotechnology and Management Sciences,Universität Kassel,Kassel,Germany,1/25 sampled docs,
IR-O-U-0143,Maharaja Sayajirao University of Baroda,The Maharaja Sayajirao University of Baroda,Vadodara,India,15/25 sampled docs,yes
IR-O-U-0143,Maharaja Sayajirao University of Baroda,"Gujarat University, Ahmedabad",Ahmedabad,India,2/25 sampled docs,
IR-O-U-0143,Maharaja Sayajirao University of Baroda,University of Aden,Aden,Yemen,1/25 sampled docs,
IR-O-U-0143,Maharaja Sayajirao University of Baroda,Parul University,Vadodara,India,1/25 sampled docs,
IR-O-U-0143,Maharaja Sayajirao University of Baroda,Changescape Consulting,New Delhi,India,1/25 sampled docs,
IR-O-U-0744,Ashoka University,Ashoka University,Sonipat,India,8/25 sampled docs,yes
IR-O-U-0744,Ashoka University,UNESCO Mahatma Gandhi Institute of Education for Peace and Sustainable Development,New Delhi,India,2/25 sampled docs,
IR-O-U-0744,Ashoka University,Indian Institute of Science Education and Research Pune,Pune,India,2/25 sampled docs,
IR-O-U-0744,Ashoka University,Organisation Mondiale de la Santé,Geneva,Switzerland,2/25 sampled docs,
IR-O-U-0744,Ashoka University,Indian Institute of Science Education and Research Mohali,Mohali,India,2/25 sampled docs,
IR-O-U-0564,University of Petroleum and Energy Studies,University of Petroleum and Energy Studies,Dehradun,India,8/25 sampled docs,yes
IR-O-U-0564,University of Petroleum and Energy Studies,Shoolini University,Solan,India,1/25 sampled docs,
IR-O-U-0564,University of Petroleum and Energy Studies,"CGC University, Mohali",Mohali,India,1/25 sampled docs,
IR-O-U-0564,University of Petroleum and Energy Studies,Delhi Technological University,New Delhi,India,1/25 sampled docs,
IR-O-U-0564,University of Petroleum and Energy Studies,Shahid Chamran University of Ahvaz,Ahvaz,Iran,1/25 sampled docs,
IR-O-U-0217,Christ University,Christ University,Bengaluru,India,16/25 sampled docs,yes
IR-O-U-0217,Christ University,Sister Nivedita University,Kolkata,India,1/25 sampled docs,
IR-O-U-0217,Christ University,HCT-Abu Dhabi Baniyas Campus,Abu Dhabi,United Arab Emirates,1/25 sampled docs,
IR-O-U-0217,Christ University,Dayananda Sagar Academy of Technology and Management,Bengaluru,India,1/25 sampled docs,
IR-O-U-0217,Christ University,Rapipay Fintech Private Limited,Noida,India,1/25 sampled docs,
IR-O-U-0311,"Krishna Institute of Medical Sciences Deemed University, Karad",Krishna Vishwa Vidyapeeth Deemed To Be University,Karad,India,3/3 sampled docs,yes
IR-O-U-0449,Central University of Tamil Nadu,Central University of Tamil Nadu,Thiruvarur,India,13/25 sampled docs,yes
IR-O-U-0449,Central University of Tamil Nadu,Tata Institute of Social Sciences,Mumbai,India,1/25 sampled docs,
IR-O-U-0449,Central University of Tamil Nadu,University of Galway,Galway,Ireland,1/25 sampled docs,
IR-O-U-0449,Central University of Tamil Nadu,Karpagam Academy of Higher Education,Coimbatore,India,1/25 sampled docs,
IR-O-U-0449,Central University of Tamil Nadu,Sikkim Manipal University,Gangtok,India,1/25 sampled docs,
IR-O-U-0461,Dr. M. G. R. Educational and Research Institute,Dr. M.G.R Educational and Research Institute,Chennai,India,13/25 sampled docs,yes
IR-O-U-0461,Dr. M. G. R. Educational and Research Institute,Sri Manakula Vinayagar Engineering College,Puducherry,India,2/25 sampled docs,
IR-O-U-0461,Dr. M. G. R. Educational and Research Institute,Sri Siddhartha Academy of Higher Education,Tumkur,India,1/25 sampled docs,
IR-O-U-0461,Dr. M. G. R. Educational and Research Institute,King Khalid University,Abha,Saudi Arabia,1/25 sampled docs,
IR-O-U-0461,Dr. M. G. R. Educational and Research Institute,Gujarat Adani Institute of Medical Sciences,Bhuj,India,1/25 sampled docs,
IR-O-U-0541,Sharda University,Sharda University,Greater Noida,India,13/25 sampled docs,yes
IR-O-U-0541,Sharda University,Faculty of Medicine,Mansoura,Egypt,2/25 sampled docs,
IR-O-U-0541,Sharda University,Al-Ahliyya Amman University,Amman,Jordan,2/25 sampled docs,
IR-O-U-0541,Sharda University,Marwadi University,Rajkot,India,2/25 sampled docs,
IR-O-U-0541,Sharda University,INTI International University,Nilai,Malaysia,1/25 sampled docs,
IR-O-U-0248,"University of Agricultural Sciences, Bangalore","University of Agricultural Sciences, Bangalore",Bengaluru,India,18/25 sampled docs,yes
IR-O-U-0248,"University of Agricultural Sciences, Bangalore",Jawaharlal Nehru University,New Delhi,India,3/25 sampled docs,
IR-O-U-0248,"University of Agricultural Sciences, Bangalore",Sher-e-Kashmir University of Agricultural Sciences and Technology of Jammu,Jammu,India,2/25 sampled docs,
IR-O-U-0248,"University of Agricultural Sciences, Bangalore","College of Agriculture, Padannakkad",Kasaragod,India,2/25 sampled docs,
IR-O-U-0248,"University of Agricultural Sciences, Bangalore","University of Agricultural Sciences, Dharwad",Dharwad,India,1/25 sampled docs,
IR-O-U-0155,"Amity University Haryana, Gurgaon",AUH-Gurugram,Gurugram,India,2/7 sampled docs,
IR-O-U-0155,"Amity University Haryana, Gurgaon",Guru Ghasidas Vishwavidyalaya,Bilaspur,India,1/7 sampled docs,
IR-O-U-0155,"Amity University Haryana, Gurgaon",Berhampur University,Berhampur,India,1/7 sampled docs,
IR-O-U-0155,"Amity University Haryana, Gurgaon","National Institute of Pharmaceutical Education and Research, Raebareli",Lucknow,India,1/7 sampled docs,
IR-O-U-0155,"Amity University Haryana, Gurgaon",Amity University,Chennai,India,1/7 sampled docs,
IR-O-C-6379,Netaji Subhas University of Technology (NSUT),Netaji Subhas University of Technology,New Delhi,India,16/25 sampled docs,yes
IR-O-C-6379,Netaji Subhas University of Technology (NSUT),Delhi Technological University,New Delhi,India,2/25 sampled docs,
IR-O-C-6379,Netaji Subhas University of Technology (NSUT),Gujarat Technological University,Ahmedabad,India,2/25 sampled docs,
IR-O-C-6379,Netaji Subhas University of Technology (NSUT),Kisan Arts,Parola,India,1/25 sampled docs,
IR-O-C-6379,Netaji Subhas University of Technology (NSUT),Indian Institute of Management Rohtak,Rohtak,India,1/25 sampled docs,
IR-O-U-0003,Acharya Nagarjuna University,Acharya Nagarjuna University,Guntur,India,15/25 sampled docs,yes
IR-O-U-0003,Acharya Nagarjuna University,Acharya Nagarjuna University College of Pharmaceutical Sciences,Guntur,India,2/25 sampled docs,
IR-O-U-0003,Acharya Nagarjuna University,"R N S Institute of Technology, Bengaluru",Bengaluru,India,1/25 sampled docs,
IR-O-U-0003,Acharya Nagarjuna University,Indian Institute of Technology Kanpur,Kanpur,India,1/25 sampled docs,
IR-O-U-0003,Acharya Nagarjuna University,C R Rao AIMSCS,Hyderabad,India,1/25 sampled docs,
IR-O-U-0749,"Manipal University, Jaipur",Manipal University Jaipur,Jaipur,India,21/25 sampled docs,yes
IR-O-U-0749,"Manipal University, Jaipur",Christ University,Bengaluru,India,1/25 sampled docs,
IR-O-U-0749,"Manipal University, Jaipur","Indian Institute of Information Technology, Allahabad",Prayagraj,India,1/25 sampled docs,
IR-O-U-0749,"Manipal University, Jaipur",Sharda University,Greater Noida,India,1/25 sampled docs,
IR-O-U-0749,"Manipal University, Jaipur",King Fahd University of Petroleum and Minerals,Dhahran,Saudi Arabia,1/25 sampled docs,
IR-O-U-0384,Sant Longowal Institute of Engineering and Technology,Sant Longowal Institute of Engineering and Technology,Longowal,India,15/25 sampled docs,yes
IR-O-U-0384,Sant Longowal Institute of Engineering and Technology,Lovely Professional University,Phagwara,India,1/25 sampled docs,
IR-O-U-0384,Sant Longowal Institute of Engineering and Technology,Bhai Gurdas Institute of Engineering and Technology,Sangrur,India,1/25 sampled docs,
IR-O-U-0384,Sant Longowal Institute of Engineering and Technology,National Institute of Food Technology Entrepreneurship and Management,Sonipat,India,1/25 sampled docs,
IR-O-U-0384,Sant Longowal Institute of Engineering and Technology,National Forensic Sciences University,Gandhinagar,India,1/25 sampled docs,
IR-O-U-0373,Chitkara  University,"Chitkara University, Punjab",Rajpura,India,5/25 sampled docs,yes
IR-O-U-0373,Chitkara  University,Chennai Institute of Technology,Chennai,India,1/25 sampled docs,
IR-O-U-0373,Chitkara  University,Al-Ahliyya Amman University,Amman,Jordan,1/25 sampled docs,
IR-O-U-0373,Chitkara  University,Northern Technical University,Mosul,Iraq,1/25 sampled docs,
IR-O-U-0373,Chitkara  University,University of Tabuk,Tabuk,Saudi Arabia,1/25 sampled docs,
IR-O-U-0169,Manav Rachna International Institute of Research and Studies,Manav Rachna International Institute of Research and Studies,Faridabad,India,15/25 sampled docs,yes
IR-O-U-0169,Manav Rachna International Institute of Research and Studies,Koneru Lakshmaiah Education Foundation,Vaddeswaram,India,1/25 sampled docs,
IR-O-U-0169,Manav Rachna International Institute of Research and Studies,Marri Laxman Reddy Institute of Technology and Management,Hyderabad,India,1/25 sampled docs,
IR-O-U-0169,Manav Rachna International Institute of Research and Studies,Centurion University of Technology and Management,Paralakhemundi,India,1/25 sampled docs,
IR-O-U-0169,Manav Rachna International Institute of Research and Studies,Rangaraya Medical College,Kakinada,India,1/25 sampled docs,
IR-O-U-0739,Madan Mohan Malaviya University of Technology,Madan Mohan Malaviya University of Technology,Gorakhpur,India,14/25 sampled docs,yes
IR-O-U-0739,Madan Mohan Malaviya University of Technology,Dr. Shakuntala Misra National Rehabilitation University,Lucknow,India,2/25 sampled docs,
IR-O-U-0739,Madan Mohan Malaviya University of Technology,Noida Institute of Engineering & Technology,Greater Noida,India,1/25 sampled docs,
IR-O-U-0739,Madan Mohan Malaviya University of Technology,Bennett University,Greater Noida,India,1/25 sampled docs,
IR-O-U-0739,Madan Mohan Malaviya University of Technology,Rajkiya Engineering College Ambedkar Nagar,Ambedkar Nagar,India,1/25 sampled docs,
IR-O-U-0489,Vel Tech Rangarajan Dr. Sagunthala R & D Institute of Science and Technology,Vel Tech Rangarajan Dr.Sagunthala R&D Institute of Science and Technology,Chennai,India,14/25 sampled docs,yes
IR-O-U-0489,Vel Tech Rangarajan Dr. Sagunthala R & D Institute of Science and Technology,Saveetha Engineering College,Chennai,India,2/25 sampled docs,
IR-O-U-0489,Vel Tech Rangarajan Dr. Sagunthala R & D Institute of Science and Technology,Amrita Vishwa Vidyapeetham,Coimbatore,India,1/25 sampled docs,
IR-O-U-0489,Vel Tech Rangarajan Dr. Sagunthala R & D Institute of Science and Technology,Parul Institute of Engineering and Technology,Vadodara,India,1/25 sampled docs,
IR-O-U-0489,Vel Tech Rangarajan Dr. Sagunthala R & D Institute of Science and Technology,Sri Ramachandra Institute of Higher Education and Research,Chennai,India,1/25 sampled docs,
IR-O-U-0524,University of Lucknow,University of Lucknow,Lucknow,India,14/25 sampled docs,yes
IR-O-U-0524,University of Lucknow,Babasaheb Bhimrao Ambedkar University,Lucknow,India,2/25 sampled docs,
IR-O-U-0524,University of Lucknow,Chhatrapati Shahu Ji Maharaj University,Kanpur,India,2/25 sampled docs,
IR-O-U-0524,University of Lucknow,"SRM Institute of Science and Technology, NCR Campus",Ghaziabad,India,1/25 sampled docs,
IR-O-U-0524,University of Lucknow,Sichuan University of Science & Engineering,Zigong,China,1/25 sampled docs,
IR-O-U-0101,Indian Agricultural Research Institute,"ICAR - Indian Agricultural Research Institute, New Delhi",New Delhi,India,20/25 sampled docs,yes
IR-O-U-0101,Indian Agricultural Research Institute,Indian Council of Agricultural Research,New Delhi,India,1/25 sampled docs,
IR-O-U-0101,Indian Agricultural Research Institute,"ICAR - Indian Institute of Horticultural Research, Bengaluru",Bengaluru,India,1/25 sampled docs,
IR-O-U-0101,Indian Agricultural Research Institute,"ICAR - National Bureau of Agricultural Insect Resources, Bengaluru",Bengaluru,India,1/25 sampled docs,
IR-O-U-0101,Indian Agricultural Research Institute,Parul University,Vadodara,India,1/25 sampled docs,
IR-O-U-0200,Sher-e-Kashmir University of Agricultural Science and Technology of Kashmir,Sher-e-Kashmir University of Agricultural Sciences and Technology of Kashmir,Srinagar,India,16/25 sampled docs,yes
IR-O-U-0200,Sher-e-Kashmir University of Agricultural Science and Technology of Kashmir,"Central Sericultural Research & Training Institute, Pampore",Pampore,India,3/25 sampled docs,
IR-O-U-0200,Sher-e-Kashmir University of Agricultural Science and Technology of Kashmir,Sardar Vallabhbhai Patel University of Agriculture & Technology,Meerut,India,1/25 sampled docs,
IR-O-U-0200,Sher-e-Kashmir University of Agricultural Science and Technology of Kashmir,Lovely Professional University,Phagwara,India,1/25 sampled docs,
IR-O-U-0200,Sher-e-Kashmir University of Agricultural Science and Technology of Kashmir,U.P. Pandit Deen Dayal Upadhyaya pashu Chikitsa Vigyan Vishwavidyalaya Evam Go Anusandhan Sansthan,Mathura,India,1/25 sampled docs,
IR-O-U-0017,Jawaharlal Nehru Technological University,Jawaharlal Nehru Technological University Hyderabad,Hyderabad,India,8/25 sampled docs,yes
IR-O-U-0017,Jawaharlal Nehru Technological University,"Jawaharlal Nehru Technological University, Kakinada",Kakinada,India,6/25 sampled docs,
IR-O-U-0017,Jawaharlal Nehru Technological University,Jawaharlal Nehru Technological University Anantapur,Anantapur,India,5/25 sampled docs,
IR-O-U-0017,Jawaharlal Nehru Technological University,"University College of Engineering, Hyderabad",Hyderabad,India,2/25 sampled docs,
IR-O-U-0017,Jawaharlal Nehru Technological University,Government Polytechnic,Guntakal,India,2/25 sampled docs,
IR-O-U-0392,Central University of Rajasthan,Central University of Rajasthan,Ajmer,India,19/25 sampled docs,yes
IR-O-U-0392,Central University of Rajasthan,University of Hafr Al-Batin,Hafar al Batin,Saudi Arabia,1/25 sampled docs,
IR-O-U-0392,Central University of Rajasthan,The LNM Institute of Information Technology,Jaipur,India,1/25 sampled docs,
IR-O-U-0392,Central University of Rajasthan,National Institute of Technology Manipur,Imphal,India,1/25 sampled docs,
IR-O-U-0392,Central University of Rajasthan,St. Joseph's College of Engineering,Chennai,India,1/25 sampled docs,
IR-O-U-0105,Indraprastha Institute of Information Technology,"Indraprastha Institute of Information Technology, Delhi",New Delhi,India,15/25 sampled docs,yes
IR-O-U-0105,Indraprastha Institute of Information Technology,Indian Institute of Technology Delhi,New Delhi,India,2/25 sampled docs,
IR-O-U-0105,Indraprastha Institute of Information Technology,Zentrum für Regenerative Therapien Dresden,Dresden,Germany,1/25 sampled docs,
IR-O-U-0105,Indraprastha Institute of Information Technology,Institute for Stem Cell Science and Regenerative Medicine,Bengaluru,India,1/25 sampled docs,
IR-O-U-0105,Indraprastha Institute of Information Technology,Charles University,Prague,Czech Republic,1/25 sampled docs,
IR-O-N-10,SVKM`s Narsee Monjee Institute of Management Studies,"Shri Vile Parle Kelvani Mandal's Narsee Monjee Institute of Management Studies (Deemed to be University), Mumbai",Mumbai,India,"MANUAL FIX -- straight apostrophe (original used curly ’, suspected cause of 0 results)",
IR-O-U-0262,"Mahatma Gandhi University, Kottayam",Mahatma Gandhi University,Kottayam,India,"MANUAL FIX -- external tracker shows 6.7K total pubs for this institution; original confirmed name (with "", Kerala"" appended) returned near-zero, suggesting it matched only a rare address variant",yes
IR-O-U-0487,Tamil Nadu Veterinary and Animal Sciences University,Tamil Nadu Veterinary and Animal Sciences University,Chennai,India,"NEEDS LIVE TEST -- current confirmed name (""Tamilnadu Veterinary Animal Sciences University"", missing ""and"") returned 0 docs. Also consider that this institution may publish mostly under its constituent colleges (Madras Veterinary College, Veterinary College and Research Institute Namakkal/Tirunelveli) rather than the parent university name.",
IR-O-U-0321,"Padmashree Dr. D. Y. Patil Vidyapeeth, Mumbai",Padmashree Dr. D Y Patil University,Navi Mumbai,India,"NEEDS LIVE TEST -- this is a DIFFERENT entity from the other D.Y. Patil institute_id (IR-O-I-1110, Pune) already confirmed. This one is the Navi Mumbai campus, commonly branded ""Padmashree Dr. D Y Patil University"" -- unverified against live Scopus.",
IR-O-N-10,SVKM`s Narsee Monjee Institute of Management Studies,NMIMS University,Mumbai,India,VERIFIED live -- 146 results for PUBYEAR=2023 (short form works; full legal name variants did not),yes
IR-O-U-0487,Tamil Nadu Veterinary & Animal Sciences University,Tamil Nadu Veterinary and Animal Sciences University,Chennai,India,VERIFIED live -- 136 results for PUBYEAR=2023,yes
IR-O-U-0155,"Amity University Haryana, Gurgaon",Amity University Haryana,Gurugram,India,VERIFIED live -- 260 results for PUBYEAR=2023,yes
